    "rms[Rho]"    ,    "rms[RhoE]"   ,       "CD"       ,       "CL"       
      -2.456901632,       3.025943991,      0.1077557352,     0.09673509269
     -0.4720767069,       5.030800759,      0.1619356965,      0.1387935288
     -0.5282447484,       4.960468549,      0.2053847173,      0.1738003185
      -0.551106954,       4.919165228,      0.2385623149,       0.201663858
     -0.5633589342,       4.893451556,      0.2628573571,       0.223411163
     -0.5804704902,       4.866970926,      0.2797456262,      0.2400193045
     -0.6303924944,       4.810766412,      0.2908382813,      0.2527233593
      -0.676695984,       4.760388323,      0.2970502685,      0.2610866201
     -0.7121869702,       4.724064647,      0.2999065754,      0.2673058424
     -0.7397894291,       4.697604471,      0.3001314667,       0.270105681
     -0.7613533203,       4.678012487,      0.2989251089,      0.2712057965
     -0.7739219063,       4.669554911,      0.2967408658,      0.2714086107
     -0.7827956109,       4.665132258,      0.2938352074,      0.2708067306
     -0.7852241317,        4.66607706,      0.2906617826,      0.2711382268
     -0.7872334596,        4.66587437,      0.2868124142,       0.269926783
     -0.7920345032,       4.661730928,      0.2828327971,      0.2693608244
     -0.7991285654,       4.654373523,      0.2783963845,      0.2677348943
     -0.8071589771,       4.645510083,       0.274136709,      0.2669333463
     -0.8175004338,       4.634432891,      0.2698105447,      0.2652469454
     -0.8263370131,       4.624545607,      0.2658863409,      0.2646425357
     -0.8341785813,       4.616200094,      0.2620167368,      0.2634045019
      -0.841857013,       4.607732779,      0.2585733357,      0.2632954875
      -0.848525367,       4.600900762,      0.2551319332,      0.2624362886
     -0.8550070959,       4.594260903,      0.2519933749,      0.2629151021
     -0.8603102596,       4.588611798,      0.2489163742,       0.262647102
     -0.8651667805,       4.583946144,      0.2461269396,      0.2630208927
      -0.869733264,       4.579089732,      0.2433661895,      0.2629968057
     -0.8753668813,       4.572698297,      0.2406345201,      0.2629882658
     -0.8814060545,       4.566741689,      0.2379829678,       0.264135266
     -0.8869009985,       4.560172868,      0.2353229374,      0.2649599577
     -0.8912312261,       4.555320177,      0.2326451307,      0.2652734719
     -0.8963453921,       4.549664809,      0.2300473704,       0.265134715
     -0.9025631373,       4.542767802,      0.2276072286,      0.2654942906
     -0.9082219329,       4.536703503,      0.2252038176,       0.265611533
     -0.9111032793,        4.53411405,      0.2228615478,      0.2658317721
     -0.9171006606,        4.52735125,      0.2204964348,      0.2664588676
     -0.9220189206,       4.521829912,      0.2182864192,      0.2667687208
     -0.9263520572,       4.517436558,      0.2161784736,      0.2667982043
     -0.9287718666,       4.514879237,      0.2141193571,      0.2666932409
      -0.934587142,       4.507992194,      0.2121031524,      0.2664248217
     -0.9391102052,       4.503117158,      0.2102265549,      0.2662941777
     -0.9426523084,       4.499271991,       0.208392613,       0.266078052
     -0.9465548242,       4.495309554,      0.2065589234,      0.2658273648
      -0.951085597,       4.490233034,      0.2048151428,      0.2659458158
     -0.9555425841,        4.48551362,      0.2030452261,      0.2658604971
     -0.9594543728,       4.480965264,      0.2012376523,      0.2652717478
      -0.964111102,       4.475769781,      0.1995755931,      0.2650682563
     -0.9687643174,       4.470338212,       0.197950789,      0.2648683541
     -0.9722766044,       4.466836734,      0.1963487934,      0.2647395241
     -0.9765336447,       4.461848578,      0.1947602646,      0.2647007977
      -0.980842871,       4.456844742,      0.1932264431,      0.2646487704
     -0.9849184722,       4.452150765,       0.191709475,       0.264498472
     -0.9877215514,       4.449591121,      0.1902144034,      0.2642734016
     -0.9904194106,       4.446852292,      0.1887697737,      0.2638988986
     -0.9934353849,       4.443609997,      0.1873476861,      0.2636440332
     -0.9961603601,       4.440480648,       0.185935742,       0.263433253
      -1.000034767,        4.43674975,      0.1845388492,      0.2629659421
      -1.002778935,       4.434101186,      0.1831284921,      0.2625189408
      -1.007688647,       4.428591693,      0.1817286006,      0.2619814917
      -1.013206606,       4.421895405,      0.1803459037,      0.2613842338
      -1.016440842,       4.419084751,      0.1789978397,      0.2608783514
       -1.02120445,       4.413837545,      0.1776945608,      0.2604819572
      -1.025429414,       4.409210995,      0.1763863872,      0.2600733871
      -1.028398216,       4.406126755,      0.1750717816,      0.2599320365
      -1.032993294,       4.400611245,      0.1737897263,      0.2597699424
      -1.036820701,       4.396267604,      0.1725287975,      0.2596781154
      -1.037738083,       4.396282679,      0.1712977508,      0.2595893725
      -1.040893424,        4.39296488,      0.1700816701,      0.2594330433
      -1.043101523,       4.390738856,      0.1688684303,       0.259120261
      -1.045757751,       4.388465571,      0.1676694355,      0.2588518945
      -1.048468347,       4.385190373,      0.1665119755,       0.258645535
      -1.052907119,       4.380114152,      0.1653733787,      0.2583921744
      -1.053840761,       4.380251367,      0.1642477032,       0.258066772
      -1.058355677,       4.375308151,      0.1631199042,      0.2576667574
       -1.06175487,       4.371692388,      0.1620320491,      0.2574372703
      -1.065906561,       4.367160319,      0.1609484236,      0.2571702472
      -1.069546412,       4.363462558,      0.1598786234,      0.2567916947
      -1.074215613,       4.358332185,      0.1588341946,      0.2564997938
      -1.076488731,       4.356738001,      0.1577954224,      0.2560578521
      -1.081478068,       4.350702492,      0.1567563302,      0.2553248498
      -1.085416466,       4.346237266,      0.1557423034,      0.2548246001
      -1.089657474,       4.341166664,      0.1547570946,      0.2543359286
      -1.091154878,       4.340586979,      0.1537845296,      0.2538967855
      -1.094202691,         4.3373635,      0.1528081973,      0.2534335344
      -1.096570435,       4.335126922,       0.151859562,      0.2529969563
      -1.097616043,       4.334842119,      0.1508946504,      0.2525520357
      -1.102039573,       4.329622445,      0.1499171968,      0.2519758605
      -1.103137742,        4.32937578,      0.1489242744,      0.2512987774
        -1.1051878,       4.327739124,      0.1478826763,      0.2501657062
      -1.107174553,       4.325714227,      0.1468612893,      0.2492179186
      -1.112825275,       4.319552584,      0.1458560636,      0.2481915412
      -1.120381901,       4.309465223,      0.1448548741,      0.2474394853
      -1.117973397,       4.314338009,      0.1438655643,      0.2465015545
      -1.120063837,       4.313138691,      0.1428529128,      0.2457411285
      -1.124345446,       4.307752307,      0.1418877728,      0.2448256721
      -1.126817452,       4.305458942,      0.1408900807,      0.2440145779
      -1.130091844,       4.300764194,      0.1399217394,      0.2430938176
      -1.134532318,       4.294853564,      0.1389633864,      0.2423195879
      -1.133086232,       4.298576694,      0.1380036604,      0.2414834607
       -1.13475015,        4.29736314,       0.137060765,      0.2406738273
      -1.136267892,       4.295343113,      0.1361190106,      0.2397866404
      -1.141477701,       4.288293712,      0.1352226892,       0.239165324
      -1.143227322,       4.287036448,       0.134335035,      0.2386241078
      -1.144589816,       4.286595862,      0.1334472583,      0.2381037235
      -1.142670487,       4.290938194,      0.1324995531,      0.2370980215
      -1.145289391,       4.288731249,      0.1316372248,       0.236444306
      -1.148856231,       4.284458383,      0.1307368211,      0.2356450495
       -1.15309274,       4.279465682,      0.1298344283,      0.2347936693
      -1.155488905,       4.276819618,      0.1289831359,      0.2342163934
      -1.157668745,       4.275371842,       0.128091091,      0.2336756676
       -1.15996444,       4.273569496,      0.1272928704,      0.2328988472
      -1.163320578,       4.269460028,      0.1264715573,      0.2320648187
      -1.165932612,        4.26711551,      0.1256374294,      0.2313571606
      -1.167543592,       4.266273162,      0.1247967608,      0.2305931139
      -1.170784575,       4.262255445,      0.1239351484,      0.2298075016
      -1.175640164,       4.255753917,      0.1231341323,      0.2289869115
      -1.176346119,       4.256142155,      0.1222636487,      0.2278960563
      -1.179541145,       4.252525485,      0.1214643558,      0.2270475479
      -1.179419108,       4.254206644,      0.1205847623,      0.2258044707
      -1.180641015,       4.253853034,      0.1197468445,      0.2248461401
      -1.181386867,       4.254074272,      0.1188603009,       0.223702012
      -1.187580839,       4.245615433,      0.1180161168,      0.2227578833
       -1.18776096,       4.246945317,      0.1171955341,      0.2216889234
      -1.189207844,       4.245773429,       0.116382206,      0.2205980024
      -1.194382813,       4.238702998,      0.1155990595,        0.21964942
      -1.200109169,       4.231084563,      0.1147867595,      0.2184531313
      -1.202247453,       4.229203812,      0.1140232811,      0.2174322809
      -1.200749343,       4.232848723,      0.1132472124,      0.2163087331
      -1.201352975,       4.233479218,      0.1124334396,      0.2150178686
      -1.201356286,       4.234723999,      0.1116601274,      0.2138861335
      -1.203254591,       4.232677284,       0.110868801,      0.2127136563
      -1.205230902,       4.230756634,      0.1100401266,      0.2112713632
      -1.208369287,       4.226880792,      0.1092423615,      0.2099375159
      -1.205947583,       4.231440492,      0.1084355118,      0.2086065863
      -1.211273184,       4.224240577,      0.1075827842,      0.2072291503
      -1.216221807,       4.217811851,       0.106795131,      0.2060407689
      -1.218460331,       4.215898804,      0.1060243483,      0.2047351298
      -1.217353868,       4.219017884,       0.105222642,      0.2035269882
       -1.21830645,       4.219422202,      0.1044421155,      0.2023817731
       -1.21855628,       4.220475779,      0.1036045793,      0.2012406667
      -1.223724639,       4.213443478,      0.1028530126,      0.2001700441
      -1.222848808,        4.21442568,      0.1021098959,      0.1989215151
      -1.230447129,       4.204894124,      0.1013399999,      0.1977621467
      -1.228944058,       4.208322268,      0.1005496548,      0.1968590913
      -1.231625269,       4.205681099,     0.09980950573,      0.1956828009
      -1.231141705,       4.207663117,      0.0990373405,       0.194373336
      -1.236347725,       4.200968083,     0.09831178324,      0.1931804954
      -1.242576725,       4.193338162,     0.09758430126,       0.192028732
      -1.240788317,        4.19812683,     0.09684457901,      0.1908514897
      -1.242014667,       4.197736523,      0.0961223424,       0.189685682
      -1.248103609,       4.189950526,     0.09539926415,      0.1883370495
      -1.252537492,       4.184797254,     0.09468649045,      0.1869901139
      -1.253171704,       4.185466734,     0.09401554128,      0.1857749672
      -1.255689834,       4.182683327,      0.0933362787,      0.1845443717
      -1.251250151,       4.189148548,     0.09265306056,      0.1833605562
      -1.257238243,       4.183390348,     0.09198556642,      0.1822448654
      -1.254137385,       4.187903256,     0.09130979382,      0.1810449697
      -1.262550624,       4.176565535,     0.09062882457,        0.17979204
      -1.264650632,       4.175632134,     0.08993977234,      0.1785661545
      -1.266118285,       4.174649975,      0.0892722767,      0.1774746201
      -1.269580251,       4.170982119,     0.08862759348,      0.1765067239
      -1.270683828,       4.170307119,     0.08799504242,      0.1756418399
      -1.276085945,        4.16353198,     0.08735536331,      0.1748004744
       -1.27874839,       4.160445463,     0.08671044791,      0.1738983338
      -1.280336311,       4.159792257,     0.08607694789,      0.1729650895
      -1.279180936,       4.162888178,     0.08544732087,      0.1719112856
      -1.280167665,       4.162877691,     0.08481642475,      0.1707559151
      -1.285692702,       4.155919676,     0.08417233378,      0.1696190499
      -1.284162691,        4.15960968,     0.08353570211,      0.1684154827
      -1.285244801,       4.159335915,     0.08290445517,      0.1670621978
      -1.286044365,       4.159473164,     0.08228264823,      0.1656165861
       -1.29582318,       4.146642027,     0.08164698838,      0.1641845805
      -1.298469242,       4.143872816,     0.08100600543,      0.1626808936
      -1.302493266,        4.13912623,     0.08037609303,       0.161107654
      -1.300430707,       4.144265362,     0.07975011446,       0.159562379
      -1.297032981,       4.150458752,     0.07910365234,      0.1578562416
      -1.300648924,       4.146063286,      0.0784953815,      0.1563692447
      -1.311077498,       4.131352759,     0.07789279268,      0.1548472312
        -1.3111228,       4.132785128,     0.07729882581,      0.1532743342
      -1.307332676,       4.138924989,     0.07671168455,      0.1515707601
       -1.30956999,       4.137443486,     0.07613574274,      0.1499332848
      -1.317153312,       4.127645203,     0.07555398731,      0.1482786442
      -1.317918177,       4.126196249,     0.07496935005,      0.1466446651
      -1.320419134,        4.12467989,     0.07438414762,      0.1450555879
      -1.318373741,       4.129219881,     0.07380588387,      0.1433536685
      -1.314835327,       4.133963232,     0.07323329237,      0.1415174013
      -1.320765551,       4.126888728,     0.07266288029,      0.1396501795
      -1.330074955,       4.114225148,     0.07209686537,      0.1377554533
      -1.324847057,       4.121821664,     0.07153426188,      0.1357807713
      -1.331473102,       4.114319626,     0.07096495208,      0.1338885866
      -1.330376559,       4.117387918,     0.07039829432,      0.1318334584
      -1.325330233,       4.124257792,     0.06981990348,      0.1298861122
      -1.331335946,       4.117986573,     0.06923241922,      0.1278206393
      -1.336173433,       4.109885064,       0.068648244,      0.1259232833
      -1.341010102,       4.105963053,     0.06804989448,       0.124001579
      -1.341178172,       4.105284965,     0.06742635102,      0.1221529053
      -1.343877787,       4.104837509,     0.06681442759,      0.1202321086
      -1.342515228,        4.10687831,      0.0661815696,      0.1184330937
      -1.347788081,       4.100469538,     0.06553260197,      0.1165966373
      -1.356252134,       4.089157271,     0.06485639725,      0.1146980685
      -1.359403122,       4.085582824,     0.06415196826,      0.1126817654
      -1.361701311,       4.083336423,     0.06342230661,      0.1105964899
      -1.357101506,       4.091199555,     0.06267533723,      0.1085999451
      -1.357801271,       4.090920807,     0.06189936245,      0.1066387813
      -1.360709338,       4.087294313,     0.06108249458,      0.1047371772
      -1.366906097,       4.079249863,     0.06021639154,      0.1027893803
       -1.36791629,       4.078792059,      0.0593067861,      0.1007539819
      -1.370851866,       4.075257418,     0.05834415473,     0.09873060426
      -1.370090523,       4.077390756,     0.05732110617,     0.09675856249
      -1.373721771,       4.073055754,     0.05622364588,     0.09482190559
      -1.373956326,       4.073653663,     0.05505083659,     0.09292493066
       -1.37929017,       4.066585021,     0.05380517853,     0.09107805649
      -1.382485218,       4.062836403,     0.05247297534,     0.08924397193
      -1.385989528,       4.058844201,     0.05104627846,     0.08745443866
      -1.385554897,       4.060776313,     0.04950985712,     0.08569054709
      -1.388720607,       4.057127892,     0.04787035004,     0.08401398553
      -1.391628388,        4.05374749,     0.04612418598,     0.08237002382
      -1.398960739,       4.043628914,     0.04426073985,     0.08075702881
      -1.400697742,       4.041722653,      0.0422750901,     0.07914172078
      -1.401505119,       4.041131981,     0.04016172363,     0.07756535009
      -1.400750808,       4.043307305,     0.03793161478,     0.07604532869
      -1.403170892,       4.040514441,     0.03555268615,     0.07466580191
      -1.405288066,       4.038028608,     0.03304477138,     0.07321959542
      -1.413206549,        4.02684053,     0.03038426185,     0.07179889136
      -1.413242384,       4.027390445,     0.02758254995,     0.07033252184
      -1.415337642,       4.025278779,     0.02461347326,     0.06887945388
      -1.414348334,       4.027971661,     0.02149830115,     0.06733348942
      -1.417274405,       4.024639105,     0.01820902102,     0.06580433365
      -1.421783853,        4.01873261,     0.01476826125,     0.06428590715
      -1.427358731,       4.011217466,     0.01114925129,      0.0626745182
      -1.427738516,       4.011724666,    0.007377223408,     0.06115186876
      -1.429984215,       4.009301488,    0.003428865894,     0.05954253539
      -1.432689633,       4.005958406,  -0.0006738991287,      0.0578886378
      -1.437073636,       4.000064466,   -0.004910245248,     0.05625396753
      -1.438911767,       3.998102552,   -0.009305799207,     0.05458322732
      -1.440947995,       3.995831332,    -0.01383830676,     0.05290569866
      -1.442414013,       3.994180657,      -0.018510075,     0.05118770362
      -1.444359398,       3.991994616,    -0.02330641054,     0.04950343349
      -1.446712694,       3.988928522,    -0.02825448786,     0.04779658711
      -1.449223124,       3.985578094,    -0.03342468664,     0.04581378532
      -1.450207396,       3.984608837,    -0.03870436703,     0.04372615688
      -1.452425689,       3.981927304,    -0.04406697915,     0.04159674235
      -1.454233149,       3.979749334,     -0.0495374439,      0.0393967867
      -1.455478241,       3.978061865,     -0.0550391407,     0.03722685978
      -1.457566365,       3.975403617,    -0.06058209553,     0.03487186239
      -1.462057929,       3.969790344,     -0.0661908745,     0.03229027999
       -1.46506593,       3.965962714,    -0.07188007217,     0.02962488044
      -1.466765118,       3.963900614,    -0.07763770989,     0.02694796314
      -1.468558249,       3.961770112,    -0.08347552213,     0.02406044612
      -1.472240011,       3.956820794,    -0.08937899358,     0.02104108588
      -1.474586878,       3.953602502,    -0.09533813138,     0.01785850844
      -1.477376152,       3.949994007,      -0.101239256,     0.01495663281
      -1.480777758,       3.945627496,     -0.1071184446,     0.01210212866
       -1.48387543,       3.941627935,     -0.1129888665,    0.009178449922
      -1.486871985,       3.937677417,     -0.1188288133,    0.006233731358
      -1.489868967,       3.933754553,     -0.1246189731,    0.003271126531
      -1.492606413,       3.930198784,     -0.1303709258,   0.0002241752588
      -1.495287241,       3.926656931,     -0.1360444206,   -0.002879967546
        -1.4976133,       3.923560734,     -0.1416328081,   -0.006014265834
       -1.49981451,        3.92059418,     -0.1471300297,   -0.009213585101
       -1.50168128,       3.918016825,     -0.1525277044,    -0.01251050585
       -1.50336389,       3.915632171,     -0.1578835436,    -0.01614540039
        -1.5038806,        3.91478469,     -0.1631603847,    -0.02001782723
      -1.506521168,       3.911204511,     -0.1682335227,     -0.0236176303
       -1.50804649,       3.908956478,        -0.1731569,    -0.02715942549
      -1.510079899,        3.90633222,     -0.1779385235,    -0.03081747961
      -1.511966941,       3.903724879,      -0.182523909,    -0.03430094008
      -1.514021222,       3.900966045,     -0.1869309498,    -0.03795408839
      -1.515900416,       3.898314029,     -0.1911168225,    -0.04148122506
      -1.518159076,       3.895265798,     -0.1950373006,    -0.04499172775
      -1.520153626,        3.89246262,     -0.1987496936,    -0.04850182586
      -1.522180858,       3.889624621,     -0.2021862527,    -0.05203864247
      -1.524272678,       3.886615961,     -0.2053539152,    -0.05558624686
      -1.526524551,       3.883475004,     -0.2082741205,      -0.059158499
      -1.528813118,        3.88016628,     -0.2109157883,    -0.06275001838
      -1.531212842,       3.876755863,     -0.2132391724,    -0.06613808166
      -1.533645575,       3.873276729,     -0.2153019843,    -0.06960263023
      -1.536088075,       3.869847675,     -0.2170749373,    -0.07302043247
      -1.538620028,       3.866177232,     -0.2184855629,    -0.07613047119
      -1.541316791,       3.862422634,     -0.2195762403,    -0.07909268205
      -1.543960904,       3.858717418,     -0.2203809495,    -0.08198244216
      -1.546659111,       3.855001697,     -0.2209147671,    -0.08492446931
      -1.549176906,       3.851378059,     -0.2211792959,    -0.08790658639
      -1.550922857,       3.849170594,     -0.2211669005,     -0.0908022661
      -1.549429842,       3.851403304,     -0.2208828835,    -0.09365745888
      -1.554354365,       3.844566771,     -0.2203316501,    -0.09650467118
       -1.55516616,       3.843489877,     -0.2195039382,     -0.0993726963
       -1.56243146,       3.833243353,     -0.2184148168,     -0.1022404823
      -1.562472301,       3.833060951,     -0.2170700578,     -0.1049994687
      -1.568544645,       3.824754526,     -0.2154628503,     -0.1076748868
      -1.565484687,       3.829138192,      -0.213570635,     -0.1102264942
      -1.570035421,       3.823172713,     -0.2113906738,     -0.1124996756
      -1.570660835,       3.822013551,     -0.2089565325,     -0.1147239563
      -1.577076428,       3.813113836,     -0.2062363662,     -0.1168730765
      -1.582262005,       3.805444023,     -0.2032591178,     -0.1189084378
      -1.585123536,       3.801307604,     -0.2000161875,     -0.1208026168
      -1.588727978,       3.796072369,     -0.1965063156,     -0.1227169812
      -1.591684507,       3.791661046,     -0.1927379066,     -0.1244538481
      -1.595055116,       3.786811226,     -0.1887033192,     -0.1260966007
      -1.597637751,       3.783399599,     -0.1843932122,     -0.1276619228
      -1.599235979,       3.781155318,     -0.1798427488,     -0.1291311281
      -1.603796097,       3.774189981,     -0.1750303977,     -0.1304598351
       -1.60634967,       3.770662307,     -0.1699710042,     -0.1317556099
      -1.611027563,       3.763635367,     -0.1646731342,     -0.1331251203
      -1.613534462,       3.761349059,     -0.1591557658,     -0.1344561496
      -1.615048105,       3.760870919,     -0.1534234658,     -0.1356166245
      -1.614043757,       3.764519384,     -0.1474707821,     -0.1366218034
      -1.619920069,       3.755101082,     -0.1412867332,     -0.1376383948
      -1.627209468,       3.741920309,     -0.1348719761,     -0.1386904791
      -1.617438472,       3.764135761,     -0.1282422986,     -0.1395633168
      -1.627189526,       3.746925479,     -0.1213922421,     -0.1402324088
      -1.623732117,       3.755907928,      -0.114362841,     -0.1409063782
      -1.626591531,       3.752778726,     -0.1070955963,     -0.1413866843
      -1.625663435,       3.756098857,    -0.09964778173,     -0.1417999773
      -1.639992773,       3.729650807,    -0.09197606587,     -0.1419839935
      -1.647937156,       3.714189899,    -0.08411083128,     -0.1418146451
      -1.650771285,       3.709308373,    -0.07604599522,     -0.1413929415
      -1.652936638,       3.706763901,    -0.06785452436,     -0.1409517714
      -1.657860334,       3.699374641,    -0.05946605539,     -0.1402312522
      -1.661265645,       3.694669839,      -0.050907109,     -0.1393230821
      -1.664748414,       3.690012668,    -0.04221837563,     -0.1383505673
      -1.668493622,       3.682934245,    -0.03337476851,     -0.1371748428
      -1.671994468,       3.678069949,    -0.02439373095,     -0.1359897147
      -1.673660595,       3.676958718,    -0.01527653507,     -0.1345904232
      -1.675504933,        3.67530903,   -0.006030221231,     -0.1331478336
      -1.677307588,       3.671693097,    0.003334072911,     -0.1315488273
      -1.682804334,       3.662819495,      0.0127856684,     -0.1296641131
      -1.685815318,        3.65776192,     0.02231386222,     -0.1274522794
      -1.687834571,       3.655359994,     0.03188414233,      -0.124972385
      -1.691229871,       3.649479537,     0.04156030276,     -0.1225246173
      -1.693202229,       3.646394814,     0.05125263083,     -0.1198852409
      -1.692754172,       3.649149082,       0.060986577,     -0.1169133008
      -1.694638473,       3.647590765,      0.0707165342,     -0.1136159297
      -1.697698905,       3.642047773,     0.08047541773,     -0.1102491999
       -1.68530767,       3.674240743,     0.09023314299,     -0.1067061525
      -1.683874301,       3.677689344,     0.09998695373,     -0.1032508987
      -1.669586985,       3.702426312,      0.1096856299,    -0.09973898241
      -1.685886623,       3.674880393,      0.1193847523,     -0.0960280565
      -1.665803088,       3.714978407,      0.1290308813,    -0.09184802254
      -1.691940991,        3.66343248,      0.1386282348,     -0.0873310406
      -1.677200453,       3.701324982,       0.148088973,    -0.08295336971
       -1.67782361,       3.700421345,      0.1574909758,     -0.0785532112
      -1.685232138,       3.685661188,      0.1667813288,    -0.07381277746
      -1.698324881,       3.659003573,      0.1760232279,    -0.06884137113
      -1.694413061,       3.662098582,      0.1851230295,    -0.06364138406
       -1.70349483,       3.647829036,      0.1941469345,    -0.05856908083
      -1.708274698,       3.634034478,      0.2030193191,    -0.05337798577
      -1.706312052,       3.642917731,      0.2118020838,    -0.04817509354
      -1.700116003,       3.650511451,      0.2203738381,    -0.04341181269
       -1.71147561,       3.630676755,      0.2287788131,    -0.03907702569
       -1.71141797,       3.627670736,       0.237011888,     -0.0347434388
      -1.705744872,         3.6418654,      0.2450096581,    -0.03106840539
      -1.707727517,       3.635129383,      0.2528276248,    -0.02743710494
      -1.716591452,       3.616344994,      0.2605078405,    -0.02398153228
      -1.724136388,       3.600219922,       0.267985258,    -0.02046295155
      -1.724842859,        3.60149139,      0.2753261071,    -0.01696960907
      -1.726846853,       3.598013413,      0.2824166591,    -0.01348461012
      -1.730053938,       3.591879663,      0.2894155238,   -0.009580754332
      -1.730436222,       3.592800813,      0.2961606261,   -0.005790848987
      -1.730135685,       3.595322709,      0.3027780054,   -0.001782117973
      -1.734166776,        3.58902693,      0.3091156329,    0.002032701418
      -1.735036523,       3.587939826,      0.3153208709,    0.006045853777
      -1.736826953,       3.587675366,      0.3212140892,    0.009561534575
      -1.742850138,       3.574877065,      0.3269764806,     0.01359571892
      -1.741803481,       3.577140776,      0.3324608701,       0.017217922
       -1.74098581,       3.582671294,      0.3377608528,     0.02125125687
       -1.73494027,       3.600249368,      0.3428093028,     0.02547808105
      -1.740505161,       3.587471786,      0.3476599749,     0.02949627022
      -1.747695201,       3.569038477,      0.3522399414,     0.03342624079
       -1.74778512,        3.57079776,      0.3566149367,     0.03812500422
      -1.737606661,       3.599278309,       0.360690052,      0.0426193181
      -1.744368299,       3.583577512,      0.3645666743,     0.04756279807
      -1.714526655,       3.628680146,      0.3681895769,     0.05262026569
      -1.728546068,       3.606826391,      0.3714879947,     0.05737488553
      -1.708043709,       3.649726026,      0.3745159145,     0.06234918645
      -1.728713091,       3.616218635,      0.3773246199,     0.06759505901
      -1.730344868,       3.612489347,      0.3797262282,     0.07285416467
      -1.748577816,       3.576102464,      0.3818604672,     0.07798278778
      -1.723734279,        3.62867581,      0.3836532048,     0.08305371693
      -1.747182569,       3.584784364,      0.3850007814,     0.08789221025
      -1.735285524,       3.600568683,      0.3860429328,     0.09289483484
      -1.746795903,       3.587996145,      0.3867165922,     0.09806599995
      -1.753027334,       3.573844116,      0.3868707634,      0.1030487058
      -1.747389926,       3.588685419,      0.3866704452,      0.1077695957
      -1.754015021,       3.573663656,      0.3860291373,      0.1119917263
      -1.754546121,       3.572274176,      0.3848017059,       0.114985777
      -1.759375462,       3.564162629,      0.3831839193,      0.1169328337
      -1.751829088,       3.583805931,       0.380957263,       0.117510482
      -1.759050473,       3.566051637,      0.3779993713,      0.1158142952
      -1.758934651,       3.566844103,      0.3743726604,      0.1126247453
      -1.761032614,       3.561432235,      0.3698323534,         0.1074364
      -1.751834231,       3.585252554,      0.3642310306,     0.09985129842
      -1.758148554,       3.568759393,      0.3574802389,     0.08985166306
        -1.7568583,       3.572483705,      0.3493849781,     0.07700856381
      -1.758391327,       3.567848855,      0.3396909334,     0.06052634992
      -1.748216254,       3.593459286,      0.3284463863,     0.04150915675
      -1.754683479,       3.576437929,       0.315547068,     0.01877214501
      -1.759416372,       3.562768697,      0.3009065851,   -0.007018564317
      -1.758036807,       3.564492776,       0.284669556,    -0.03639464292
      -1.746777799,       3.592033195,      0.2669700634,    -0.06866408787
      -1.751401869,       3.578773269,      0.2476601853,     -0.1043177274
      -1.758265325,       3.558802274,      0.2271056737,      -0.141694034
      -1.756357466,       3.562771807,      0.2051824679,     -0.1817229389
      -1.745382308,       3.591085851,       0.182285605,     -0.2230574493
      -1.748415124,       3.581607735,      0.1585643484,     -0.2653052182
      -1.738209934,       3.605557871,      0.1340481184,     -0.3088067901
      -1.743688712,       3.590464245,      0.1089941542,     -0.3518740029
         -1.740962,       3.596618848,     0.08366907003,     -0.3937592384
       -1.74392554,       3.587245049,     0.05820099489,     -0.4322667098
      -1.736573817,       3.604360219,     0.03268293176,     -0.4671850182
      -1.741116317,       3.591507171,    0.007335222585,     -0.4974037421
      -1.743797572,       3.583047199,    -0.01787478106,     -0.5248927872
      -1.744141136,       3.580835662,    -0.04251557623,     -0.5470323374
      -1.742953802,       3.582868289,    -0.06619778984,     -0.5630516784
      -1.744483425,       3.577962985,    -0.08920859182,     -0.5753579884
      -1.746214739,       3.572460952,     -0.1111903431,     -0.5819212366
      -1.746652035,       3.570835426,     -0.1320584705,     -0.5840136184
      -1.744761474,       3.575665322,     -0.1520213641,     -0.5816364336
      -1.747298683,       3.568631337,        -0.1709258,     -0.5738911642
      -1.749705348,       3.561947548,     -0.1886708745,      -0.562949221
      -1.746227795,       3.568656407,     -0.2053286147,     -0.5480994536
       -1.73769086,       3.590371198,     -0.2208336063,     -0.5280343312
      -1.736169774,       3.589111713,     -0.2351241758,     -0.5055132162
       -1.74326163,        3.56970831,     -0.2483396935,     -0.4812562238
      -1.742667666,       3.570980569,     -0.2603827905,     -0.4550418498
       -1.71361671,        3.63740646,     -0.2713023584,     -0.4266065501
      -1.729975816,       3.602356149,     -0.2812716434,      -0.397116847
      -1.739057376,       3.580059387,     -0.2902345572,     -0.3674518347
      -1.742763649,        3.57230338,      -0.298147109,     -0.3365749087
      -1.733695155,       3.598618343,     -0.3051208067,     -0.3048801932
       -1.74119808,       3.580861883,     -0.3113029044,     -0.2731087799
      -1.747764984,        3.56396429,       -0.31652297,     -0.2419790301
      -1.745710611,       3.574388245,     -0.3211860835,     -0.2129501671
      -1.729141249,        3.61495357,     -0.3252417947,      -0.184192995
        -1.7378944,       3.597690983,     -0.3285269589,     -0.1567621866
      -1.738636688,       3.593366005,     -0.3310771461,     -0.1305031679
      -1.740388173,       3.593537702,     -0.3331962762,     -0.1043360176
       -1.72660977,       3.625504818,     -0.3347151798,    -0.07897797755
      -1.738041857,       3.601853325,     -0.3357553119,    -0.05535344201
      -1.740711425,       3.594268434,     -0.3362640234,    -0.03309955416
       -1.74178928,       3.595350666,     -0.3364234929,    -0.01180459272
      -1.730347008,       3.622609195,     -0.3361535177,    0.007105879612
      -1.740899104,       3.600497601,     -0.3356375284,     0.02654683423
      -1.744282339,       3.592069682,     -0.3349031964,     0.04431875588
      -1.745439296,       3.592431628,     -0.3340418491,     0.06113476638
      -1.732182244,       3.624284424,     -0.3328508596,     0.07629407489
      -1.742894098,       3.601731036,     -0.3315438737,     0.08991657258
       -1.74619204,       3.594105217,     -0.3298485136,      0.1008733226
      -1.747615855,       3.593608253,     -0.3280712448,      0.1108265061
      -1.733515232,       3.627423528,     -0.3262494196,      0.1197276054
      -1.742081729,       3.610476647,     -0.3244297847,      0.1278046454
      -1.749381387,       3.593475164,     -0.3226445293,      0.1358914069
      -1.750454568,       3.593663867,     -0.3208639804,      0.1441246928
      -1.737447617,       3.624649203,     -0.3191739027,      0.1516499746
      -1.747324359,       3.604420178,     -0.3175487988,      0.1586156354
      -1.752003748,       3.594243991,     -0.3160399604,      0.1653481267
      -1.752078061,       3.597328323,      -0.314711133,      0.1723004675
      -1.738854005,       3.628433402,     -0.3133726128,      0.1783538812
      -1.748421752,       3.609043177,     -0.3122431256,      0.1849725607
      -1.753928174,       3.596893859,     -0.3112101336,      0.1911973376
      -1.755230617,        3.59607252,     -0.3102990416,      0.1967186872
      -1.742961119,        3.62423459,     -0.3094836585,       0.201162482
      -1.752057556,       3.605702451,      -0.308683799,      0.2044670229
      -1.756904213,       3.595307419,     -0.3079981088,      0.2065017383
      -1.757900988,       3.595008344,     -0.3072972842,      0.2086751009
      -1.744997336,       3.624526253,     -0.3068267652,      0.2108417242
      -1.754023222,       3.606267335,     -0.3064970006,      0.2124756714
      -1.758687419,       3.596334808,     -0.3062479462,      0.2132364508
      -1.759521303,       3.596331469,     -0.3060530977,      0.2133326413
      -1.746112296,       3.626677374,     -0.3060139422,      0.2133550976
      -1.755709973,       3.607426319,     -0.3060900334,      0.2129616768
      -1.761128209,       3.595833259,     -0.3062673968,      0.2123884062
      -1.762759724,       3.593959375,     -0.3065904208,       0.211785344
      -1.749396858,       3.623870054,     -0.3070268896,      0.2110362841
       -1.75946552,       3.603541713,     -0.3075906943,      0.2102081884
      -1.765547341,       3.590705801,     -0.3083236669,      0.2092140083
      -1.767709026,       3.588105311,     -0.3091687319,      0.2078478907
      -1.753966112,       3.619613175,     -0.3101126654,       0.206342256
      -1.763965809,       3.600195697,     -0.3111377522,      0.2047900039
      -1.770008406,       3.588027491,     -0.3122580755,      0.2030774834
      -1.773008598,       3.583827783,     -0.3134665094,      0.2013905863
      -1.759865216,       3.614104581,     -0.3147631435,      0.1997192649
      -1.770130771,       3.594468217,     -0.3161507331,      0.1981257099
      -1.773755535,       3.588321825,     -0.3176037517,      0.1963881668
      -1.770647148,       3.598553788,     -0.3191730429,      0.1947826091
      -1.746785593,       3.650320781,     -0.3208173616,      0.1930612298
      -1.773292397,       3.596328857,     -0.3225633973,      0.1916104895
      -1.779792046,       3.583353493,      -0.324368726,      0.1899866905
      -1.781126556,       3.582437923,       -0.32630107,      0.1886624785
      -1.768994809,        3.61005416,     -0.3282548807,      0.1873232726
      -1.782880237,       3.582887693,     -0.3302285413,      0.1858643369
      -1.788390956,       3.572021704,     -0.3322217052,      0.1844948277
      -1.789964187,       3.571588727,     -0.3342611101,      0.1837470298
      -1.770507182,       3.614904076,     -0.3363248244,      0.1826026132
      -1.784203492,       3.588596437,     -0.3383944601,      0.1812173942
       -1.78944142,       3.578921208,     -0.3405145859,      0.1799598103
      -1.795519818,       3.567692899,      -0.342664373,      0.1788591633
      -1.772440469,        3.61793836,      -0.344835982,      0.1778569785
      -1.785557822,       3.593289182,     -0.3469948374,      0.1764546655
      -1.791278791,       3.582556688,     -0.3491607294,       0.174902657
      -1.799329648,       3.567157791,     -0.3513856493,      0.1726385752
      -1.781371062,       3.605526125,     -0.3535242613,      0.1706592916
       -1.79100528,       3.587962567,       -0.35564157,      0.1683422552
      -1.790300664,       3.590815138,     -0.3576956866,       0.165778302
      -1.793292865,       3.586654007,     -0.3596757969,      0.1633964679
      -1.764666908,       3.644364347,     -0.3616465849,      0.1607894462
       -1.79027188,       3.594856429,     -0.3635553248,      0.1583651422
      -1.774985654,       3.626513948,     -0.3653812626,      0.1559740986
      -1.770883409,       3.636189754,     -0.3671382874,      0.1537436014
      -1.759313481,       3.657760348,     -0.3688430551,      0.1518352528
      -1.791959367,       3.595324092,     -0.3705590768,       0.149705804
      -1.792317759,       3.595016893,     -0.3722333601,      0.1474147109
      -1.791706066,       3.597716862,     -0.3738727745,      0.1454157673
      -1.766646346,       3.645681057,     -0.3753956064,      0.1437803463
      -1.782861846,       3.616229958,     -0.3767896937,      0.1422501833
      -1.793140264,       3.595685985,     -0.3781455353,      0.1407062334
      -1.798505529,       3.585788672,      -0.379459316,      0.1388714548
      -1.771473047,       3.637820221,     -0.3807447909,      0.1367701105
      -1.784023881,       3.615190833,     -0.3819770653,      0.1345821263
      -1.780984679,       3.620703152,     -0.3831162877,      0.1324399391
        -1.7907891,        3.60246507,       -0.38417873,      0.1301831917
      -1.771972973,       3.636910042,     -0.3851267078,      0.1279954767
      -1.790704388,       3.602343402,     -0.3859592951,      0.1259238706
      -1.768197176,       3.645285235,     -0.3866851989,      0.1236835085
      -1.756210918,       3.667776683,     -0.3872806516,      0.1215368941
      -1.737701352,       3.699333791,     -0.3877849362,      0.1193720716
      -1.769043152,       3.643882042,     -0.3881315633,      0.1172066399
      -1.785072085,       3.612604775,     -0.3883100266,      0.1152734229
      -1.763638768,       3.652680973,     -0.3883472423,      0.1134622487
      -1.755781779,       3.667064082,     -0.3883436142,      0.1114157154
      -1.752154571,       3.673520261,     -0.3882436046,      0.1094673361
      -1.758744539,       3.663155058,     -0.3879824017,      0.1074836539
      -1.752249933,       3.670681551,     -0.3875391906,      0.1055929995
      -1.770764695,       3.637979062,     -0.3869334528,      0.1036345955
      -1.764037761,       3.649461677,     -0.3861528098,      0.1019802482
       -1.77349698,       3.631661722,     -0.3851968534,       0.100399867
       -1.74835634,       3.676151739,     -0.3840756768,     0.09868066767
      -1.753127368,       3.667551317,     -0.3827567517,     0.09745689049
      -1.766259854,       3.642631564,     -0.3812756531,     0.09620707526
      -1.743361821,       3.683193949,     -0.3796064982,      0.0946514319
      -1.738380317,       3.691957894,      -0.377742895,     0.09313357051
       -1.74518914,       3.680535499,     -0.3756364674,     0.09183999862
      -1.756048107,       3.659667893,     -0.3733982688,      0.0902459533
       -1.72400938,       3.712901701,     -0.3710479779,     0.08834278489
      -1.748652042,       3.671235442,     -0.3685286786,     0.08635204272
      -1.756910045,       3.654043605,     -0.3658942392,     0.08375828107
      -1.762232271,       3.644511087,     -0.3631317857,     0.08080716216
      -1.724407262,       3.709791494,     -0.3602218861,     0.07784741958
       -1.73817367,       3.686611148,     -0.3571945783,     0.07482812537
      -1.728624528,       3.701736044,     -0.3540386728,     0.07195042726
      -1.716165639,       3.722346623,     -0.3507981914,     0.06906796506
       -1.73068308,       3.698879547,     -0.3473999418,      0.0665815871
      -1.737353767,       3.685388373,     -0.3438893683,     0.06393140939
      -1.740877588,       3.678772208,     -0.3402436478,     0.06149269098
      -1.742421266,       3.674640406,     -0.3365056688,     0.05898865443
      -1.761120805,       3.639097877,     -0.3326785698,     0.05626965846
      -1.740134984,       3.676809182,      -0.328786941,     0.05363079208
      -1.719476749,       3.713010215,     -0.3248015998,     0.05105877927
      -1.732088826,       3.691100431,     -0.3207177837,     0.04844729028
      -1.728843587,       3.694689349,     -0.3165323539,     0.04574550182
      -1.728695839,       3.695931607,     -0.3122629654,     0.04319558995
      -1.720596607,       3.710662272,     -0.3079300021,     0.04042746447
      -1.741046378,       3.673318456,      -0.303551701,     0.03750480312
      -1.710282223,         3.7252021,     -0.2990695522,     0.03494310458
      -1.732316374,       3.687859775,     -0.2945017237,     0.03208384143
      -1.736802915,       3.677833909,     -0.2898507723,     0.02952754363
      -1.731772291,       3.686928452,     -0.2851110642,     0.02725453451
      -1.735880439,       3.679974962,     -0.2803109918,     0.02525329434
      -1.711514594,       3.722161933,     -0.2754428428,      0.0233601761
      -1.721406808,        3.70554543,     -0.2704674105,     0.02167670543
      -1.739839992,        3.67165319,     -0.2654385369,     0.01983552455
      -1.725329448,       3.697015512,     -0.2603848177,     0.01795046841
      -1.735327478,       3.679463108,     -0.2552425833,     0.01642515356
      -1.715886416,       3.713229307,     -0.2500285402,     0.01488475831
      -1.710813129,       3.722091951,     -0.2447256068,     0.01337640779
      -1.711426477,       3.721375348,     -0.2393769287,      0.0119945883
      -1.716394861,       3.712960066,     -0.2339423538,     0.01069505474
      -1.732909689,       3.683912402,     -0.2284720886,    0.009854530585
      -1.723764435,       3.700691404,     -0.2229551934,    0.008877171921
      -1.727085066,       3.695611135,     -0.2174092404,    0.008022681288
      -1.735674713,       3.680651041,     -0.2118498198,    0.006705952416
      -1.727828207,       3.695706334,     -0.2062482096,    0.005401723634
       -1.71624519,       3.715302805,     -0.2006586527,    0.004308301316
      -1.732296577,       3.689260717,     -0.1950087567,    0.003697364778
      -1.710868779,       3.726920704,     -0.1893327588,    0.003129179309
      -1.723746548,       3.707092684,     -0.1836730745,    0.002275105033
      -1.742479195,       3.675263005,     -0.1780121824,    0.001563990293
      -1.730026932,       3.697851622,     -0.1723310915,   0.0003850648333
       -1.73841839,       3.685388462,     -0.1666091042,  -0.0009164289526
       -1.72059779,       3.716822577,     -0.1609005366,   -0.002157449132
      -1.715340767,       3.726724957,     -0.1551939794,    -0.00321267421
      -1.709461422,       3.737081847,     -0.1494903877,   -0.004019698276
      -1.745876534,       3.679801651,     -0.1437978338,   -0.005176379968
       -1.73685309,       3.695772905,     -0.1381388891,   -0.006043932495
      -1.725260297,       3.717585911,     -0.1325196842,   -0.006561947673
      -1.713007924,       3.736159703,     -0.1269337251,   -0.006841849193
      -1.715435722,       3.733952323,     -0.1213565226,   -0.007567637346
      -1.721994132,       3.725356599,     -0.1158543931,   -0.008080862499
      -1.735412924,       3.706717075,     -0.1103960473,   -0.008279666446
      -1.758230132,       3.671906891,     -0.1049722869,   -0.008247771991
      -1.756037454,       3.678135616,    -0.09953275141,   -0.008254188159
      -1.760316826,        3.67437096,    -0.09412609354,   -0.008124174001
      -1.735518044,       3.715061769,    -0.08878884249,   -0.007906104721
      -1.760272085,       3.678340396,    -0.08351214671,   -0.007501786357
      -1.750908626,       3.694640728,    -0.07824955288,    -0.00709741941
      -1.721424046,       3.741446265,    -0.07302773473,   -0.006413692836
      -1.768449762,       3.671628197,    -0.06781014737,   -0.005121714973
      -1.760302801,       3.685873072,    -0.06264064661,    -0.00400857345
       -1.74756031,       3.707965692,      -0.057517556,   -0.002820093492
      -1.723948952,       3.745565152,     -0.0524338661,   -0.001350778733
       -1.75817706,       3.694443183,    -0.04736715767,   0.0003296203847
        -1.7499045,       3.706235851,    -0.04232534336,    0.002572160667
      -1.774421492,       3.669940897,    -0.03734885257,    0.004855225236
      -1.738927977,        3.72475716,    -0.03241161323,    0.007236735086
      -1.742782004,       3.721002636,     -0.0274996098,    0.009770507394
      -1.751199929,       3.709571705,    -0.02261694207,     0.01291430373
       -1.77415378,       3.676550345,    -0.01771864712,      0.0159738124
      -1.755928711,       3.704435595,    -0.01291719703,     0.01850750566
      -1.758808626,        3.70166196,   -0.008166221694,     0.02094834907
      -1.743296974,       3.724616473,    -0.00346697077,     0.02349493389
       -1.76323422,       3.696877006,    0.001222839876,     0.02641939892
      -1.786673967,       3.662131943,    0.005828064213,     0.02922066574
      -1.774551569,       3.681937051,     0.01040243595,     0.03191317481
      -1.780214982,       3.674605103,     0.01493501517,     0.03497619297
      -1.785980129,       3.666486029,     0.01938847034,     0.03775351981
      -1.741502182,       3.732449562,     0.02378816059,     0.04036225123
      -1.771374217,       3.690733421,     0.02817036259,     0.04322369496
      -1.752524185,       3.717729179,     0.03249049811,      0.0459988126
      -1.745980558,       3.728068867,     0.03674802333,      0.0488045836
      -1.795492528,        3.65696592,      0.0409524349,     0.05167296128
      -1.762538738,       3.707291945,     0.04514363024,     0.05440213097
      -1.775771397,       3.688099257,     0.04924989998,     0.05701059969
      -1.746718945,       3.730077511,     0.05331189422,     0.05917267915
      -1.774698456,       3.692462186,     0.05735768639,     0.06123291614
      -1.781553703,       3.682725983,     0.06130403389,      0.0630702478
      -1.778723916,        3.68773901,     0.06518813133,     0.06500734448
      -1.797675958,       3.662558726,      0.0690359698,     0.06651633211
      -1.748617176,       3.733277247,     0.07288775542,     0.06788618753
      -1.782144882,       3.687946334,     0.07663414286,     0.06920834885
       -1.79806329,       3.665143253,     0.08037452714,     0.07025183476
      -1.772827268,        3.70231776,     0.08406351077,     0.07123500011
      -1.778086259,       3.696094038,     0.08769634571,     0.07206225719
      -1.739435195,       3.748373149,     0.09129190298,     0.07317931539
       -1.78345685,       3.690236885,     0.09481954124,     0.07410864512
      -1.790913424,       3.681671762,     0.09833514393,     0.07511969007
      -1.770137455,       3.710366865,      0.1018000243,      0.0758584969
      -1.756638707,       3.729545565,      0.1052449401,     0.07664803638
      -1.769092154,       3.713488603,       0.108654524,      0.0773584935
      -1.787619123,       3.689892868,      0.1120419891,     0.07811255733
      -1.779817917,       3.701768904,      0.1153547989,     0.07844609722
      -1.759388201,       3.729245577,      0.1186622221,      0.0786261863
      -1.782653574,       3.698600149,      0.1219575936,     0.07867296704
      -1.767739998,       3.718730273,      0.1252196784,     0.07886928107
      -1.792505975,       3.686979539,      0.1284622541,     0.07880771523
      -1.768450405,       3.718720917,      0.1316805579,     0.07879358145
      -1.769045653,        3.71853571,       0.134863166,     0.07867039749
      -1.801178455,       3.677184426,      0.1380804635,     0.07859120712
      -1.789235015,       3.693570953,      0.1412703236,     0.07836090116
       -1.77077524,       3.718964698,      0.1444870707,     0.07815096434
      -1.806507883,       3.670947424,      0.1476851396,     0.07788377786
      -1.771117961,       3.717894458,       0.150900325,     0.07745588846
      -1.771695084,       3.717386282,      0.1540954673,     0.07704478882
      -1.779578798,       3.706126933,      0.1573023987,     0.07661443967
      -1.752573346,       3.740960636,      0.1605034618,     0.07603526298
      -1.781538812,       3.704446925,      0.1637606876,     0.07556867967
      -1.767961157,       3.722243246,      0.1670120195,     0.07464221915
       -1.78895147,       3.694817826,      0.1702894831,     0.07364729403
      -1.796137862,       3.683951025,      0.1735685601,     0.07264350407
      -1.734945192,       3.762567115,      0.1768870002,     0.07170243623
      -1.755986095,       3.736122054,      0.1802252014,     0.07098186558
      -1.748907225,       3.744298216,      0.1835858352,     0.07020463797
      -1.765258606,       3.722685016,      0.1869674558,     0.06945892416
      -1.746497945,       3.747217462,      0.1904025431,     0.06869349229
      -1.727535877,       3.769902132,      0.1938478186,     0.06782845386
      -1.749127723,       3.742152919,      0.1973276684,     0.06658856902
      -1.741888626,       3.750214179,      0.2008663441,     0.06575917439
       -1.75372126,       3.734938431,      0.2044583107,     0.06499219441
      -1.758736989,       3.728097588,      0.2080948024,     0.06428149548
      -1.708747117,       3.790495947,      0.2117894028,     0.06365298955
      -1.744110742,       3.745676708,       0.215527439,     0.06301967039
      -1.727876542,       3.765517971,      0.2192918256,     0.06255936599
      -1.735950327,       3.754910484,      0.2231083876,     0.06224968213
      -1.751700656,       3.734722599,      0.2269672861,     0.06213596541
      -1.711825323,       3.784355838,      0.2308733039,     0.06207350377
      -1.738694187,       3.749835313,      0.2348258053,     0.06203613931
      -1.735116244,       3.753197751,      0.2388340937,     0.06222790994
      -1.700214778,       3.797821662,      0.2428987621,     0.06255364048
        -1.7298204,       3.760725037,      0.2470221961,     0.06297433103
      -1.708436361,       3.787413402,      0.2512024461,      0.0635037257
      -1.731855472,       3.757388497,      0.2554547939,     0.06425055753
       -1.72612817,       3.764873641,      0.2597847363,     0.06526220661
      -1.724053698,       3.766908797,      0.2642039108,     0.06649992385
      -1.732600844,       3.755553835,      0.2686995995,     0.06788297887
      -1.693754868,       3.804751767,      0.2732548793,     0.06938268673
      -1.686324052,        3.81318153,      0.2778706979,     0.07099023099
      -1.710761933,       3.782302558,      0.2825611351,     0.07296542544
       -1.70720315,       3.787172468,      0.2873085747,     0.07501554385
      -1.714054593,        3.77813709,      0.2921066622,     0.07718613098
      -1.702902337,       3.791648867,      0.2969613658,     0.07941903188
      -1.709430986,       3.783696207,       0.301880371,     0.08165547288
      -1.722778364,       3.766657231,      0.3068444531,     0.08389355071
      -1.721230235,       3.768223014,      0.3118879056,     0.08622388596
      -1.710074186,       3.783097254,      0.3169741428,     0.08850792743
      -1.712740741,       3.779092094,      0.3221177987,      0.0906812323
      -1.702259819,       3.791426046,      0.3273202615,     0.09275610122
      -1.721299064,         3.7670406,      0.3325524748,     0.09455299601
      -1.698584641,       3.795544458,      0.3378759889,     0.09634703795
      -1.707074544,       3.784828396,      0.3433046729,     0.09816487397
      -1.721699583,       3.765492149,      0.3488318152,     0.09997145193
      -1.740569455,       3.740141089,      0.3544496365,      0.1016573335
      -1.692242085,       3.802924217,      0.3601362974,      0.1030726575
      -1.719229888,       3.768502772,      0.3659192652,      0.1042838267
      -1.701750146,       3.790116834,      0.3717962176,      0.1053631035
      -1.719373323,       3.767234421,      0.3778011129,      0.1065240721
      -1.712408368,       3.775792248,       0.383938237,      0.1075672649
      -1.737548796,       3.741554578,      0.3902226774,      0.1085615857
      -1.735448335,       3.744892915,      0.3966292524,      0.1093839555
      -1.708912308,       3.778745686,      0.4031635816,      0.1100124333
      -1.711489362,       3.775227386,      0.4097910239,      0.1104434896
      -1.717288378,        3.76669356,      0.4164580348,      0.1106314583
      -1.731612381,       3.747225133,      0.4231380284,      0.1104993869
      -1.758600806,       3.709193517,      0.4298550029,      0.1102420866
      -1.721977199,       3.758678142,      0.4366077005,      0.1100321649
      -1.714975001,       3.768339122,      0.4432885559,      0.1094580566
      -1.715409184,       3.766036774,      0.4498840392,      0.1087155593
       -1.71677371,       3.763871458,        0.45632969,      0.1076402163
      -1.751336814,       3.716121449,      0.4625965391,      0.1063250882
      -1.744837591,       3.724435668,      0.4686907344,      0.1048810858
      -1.732098096,       3.741950564,      0.4746128302,      0.1032702204
      -1.751391722,       3.714362766,      0.4803421307,      0.1015655689
      -1.725999796,       3.749642695,      0.4858959725,      0.1000227076
      -1.736770198,       3.733866437,      0.4912114414,     0.09847848414
      -1.704879536,       3.777723112,      0.4962954518,     0.09714946638
      -1.702795675,       3.782415933,       0.501081102,     0.09599364355
      -1.703208548,       3.782867558,      0.5053770315,     0.09449830371
      -1.740796814,       3.727255266,      0.5091678448,     0.09271466425
      -1.720042343,       3.755055592,      0.5124970366,     0.09072984739
      -1.728120432,       3.746311749,      0.5153816951,       0.088648047
      -1.705840863,       3.776867783,      0.5178032219,     0.08633950155
       -1.71458976,       3.762515327,      0.5198124687,     0.08409810115
      -1.710404429,       3.767508783,      0.5213560873,     0.08172197102
      -1.689998465,       3.797726597,       0.522426753,     0.07924482417
      -1.722936295,       3.754038221,      0.5230444582,     0.07681148078
      -1.722859594,       3.750328184,      0.5231835097,     0.07423273956
      -1.713429531,       3.762634375,      0.5228666413,     0.07170130832
      -1.713020573,       3.766785395,      0.5220848966,     0.06915570979
      -1.715586359,       3.762839639,      0.5208170413,     0.06675561445
      -1.713329575,       3.761687873,      0.5191089245,     0.06440095387
      -1.699218744,       3.780704595,      0.5169889451,     0.06204403644
      -1.680463482,       3.807837214,      0.5144639476,     0.05991423351
      -1.684161203,       3.802921718,       0.511588039,     0.05799754236
      -1.725861462,       3.743131065,      0.5083248074,     0.05628565234
      -1.695389951,       3.784133365,      0.5046896132,     0.05466108193
      -1.698198409,       3.783108822,      0.5006990254,     0.05290774927
      -1.692674508,       3.790508971,      0.4963747092,      0.0511956223
      -1.687787784,       3.794771772,      0.4917505725,     0.04970005857
      -1.704361067,       3.771623933,      0.4868141118,      0.0481491145
       -1.68209944,       3.803287868,      0.4816080388,     0.04662537109
      -1.695004667,       3.787510477,      0.4761704326,     0.04539591766
      -1.705001664,       3.769756844,      0.4705062441,     0.04435429002
      -1.696651972,        3.78080336,      0.4646148297,     0.04340997548
      -1.700863396,       3.778499204,      0.4585142736,     0.04239677132
      -1.698724756,        3.78195027,      0.4522399437,     0.04128455688
      -1.694677307,       3.784096475,      0.4458174275,     0.04022179658
      -1.709068393,        3.76355719,      0.4392196748,     0.03916570839
      -1.686056125,       3.797290126,      0.4324492246,     0.03813027126
      -1.706137891,       3.770836745,      0.4255681146,     0.03662072192
      -1.723984418,        3.74288841,      0.4185386025,     0.03507168061
      -1.725635848,       3.738545132,      0.4114276499,     0.03378156861
      -1.700594221,       3.778055642,      0.4041384253,     0.03228729203
       -1.69093059,       3.791716011,      0.3968010404,     0.03095508887
      -1.732702327,       3.730061265,      0.3893575824,     0.02955598689
      -1.705093451,       3.768399417,      0.3817961424,     0.02827742478
      -1.704950834,        3.77191617,      0.3741646962,     0.02681713673
      -1.687513001,       3.796105027,      0.3664635125,     0.02523692128
      -1.701876689,       3.774231967,      0.3586995913,      0.0235878619
      -1.735679582,       3.725363353,      0.3508875027,     0.02188671446
      -1.692014718,       3.789614147,      0.3429865967,     0.01998050933
      -1.712133506,       3.763065481,      0.3350617666,     0.01791224766
      -1.705066371,       3.770475077,      0.3271084135,       0.015869067
      -1.748644747,       3.706985183,      0.3191134362,     0.01369990484
      -1.701540356,       3.778044923,      0.3111841268,     0.01163785691
      -1.718480613,       3.755753826,      0.3032497046,    0.009420404588
      -1.727090409,       3.741939501,      0.2953926766,    0.006998230821
      -1.743824478,       3.715290829,      0.2875326918,    0.004478916847
      -1.744563272,         3.7190649,      0.2797318275,    0.002395787051
      -1.723695517,       3.749973739,      0.2720114506,   0.0001412625965
      -1.715162037,       3.760680045,      0.2644756765,   -0.002094586184
      -1.734472226,       3.731636053,      0.2570287081,   -0.004343301565
      -1.736259296,       3.732522393,      0.2497180677,   -0.006772127172
       -1.73737196,       3.731695579,      0.2424796056,   -0.009254176878
      -1.726508492,       3.744624049,      0.2353763484,    -0.01161687744
      -1.745024513,       3.718544909,      0.2284019304,    -0.01380762809
      -1.705052985,       3.778633793,      0.2215486405,    -0.01571370942
      -1.739189083,       3.732514299,      0.2147955352,    -0.01723646865
      -1.758202591,       3.702177383,      0.2081656045,    -0.01867728905
      -1.729932819,       3.742602797,      0.2016617474,    -0.02009899925
      -1.724911671,       3.752844705,      0.1953216956,    -0.02132866682
       -1.73736255,       3.736087112,      0.1890937381,    -0.02211970764
      -1.754885238,       3.708884634,      0.1830110505,    -0.02268177732
      -1.745294381,       3.723841322,       0.177084216,    -0.02300729153
      -1.741203288,       3.733766811,       0.171326535,    -0.02331318811
      -1.729485509,       3.751463208,      0.1656803092,    -0.02330108785
       -1.72569548,       3.754238691,      0.1601377572,    -0.02310838637
      -1.691770863,       3.805862585,       0.154746596,    -0.02278408867
      -1.701111653,       3.792564961,      0.1494883828,    -0.02253530594
      -1.731651661,       3.756549092,      0.1443495082,    -0.02240068362
      -1.743179777,       3.734558462,      0.1393441853,    -0.02238392226
      -1.740166676,       3.737540917,       0.134415191,    -0.02210581606
      -1.729544017,       3.754810544,      0.1295861325,    -0.02197109138
      -1.762519374,       3.709550171,      0.1248716222,     -0.0218070744
      -1.730897664,       3.751524721,      0.1202068345,     -0.0215331264
      -1.740379178,       3.741070605,      0.1156374012,    -0.02143325642
      -1.714516925,       3.774740475,      0.1111514752,    -0.02133175339
      -1.727010757,       3.760307611,      0.1067569794,    -0.02111434017
      -1.734944744,       3.751927699,      0.1024020585,    -0.02106098681
        -1.7321938,       3.755502409,     0.09809493727,    -0.02101392548
      -1.757698858,       3.718880861,     0.09383700888,    -0.02094178395
      -1.758430715,       3.720098044,     0.08962341924,    -0.02077553147
      -1.752410681,       3.732376793,        0.08543142,    -0.02050289026
      -1.747741786,       3.737129162,     0.08128248242,    -0.02036696831
      -1.771565596,       3.703050819,     0.07714809366,    -0.02041154499
      -1.754699544,       3.728540092,     0.07304920045,    -0.02050162917
      -1.751585295,       3.737537901,     0.06901027667,     -0.0206424804
      -1.751635937,        3.73658661,     0.06502323828,    -0.02096121958
      -1.783629285,       3.692909491,     0.06106509143,    -0.02114838276
      -1.751760602,       3.736637722,     0.05714712006,    -0.02133697712
      -1.748118351,       3.745462833,     0.05327897606,    -0.02145960993
      -1.788558081,       3.691891701,     0.04943334235,    -0.02157363635
      -1.808095958,       3.662011336,     0.04561738419,    -0.02160355052
       -1.77114753,       3.714821776,     0.04181924408,    -0.02176891332
      -1.774818375,       3.714631073,     0.03807624725,    -0.02208204092
      -1.795723987,        3.68675408,      0.0343426054,    -0.02217574799
      -1.789210639,       3.694259563,     0.03064223573,    -0.02242373641
      -1.803419007,       3.677748238,     0.02696267975,    -0.02262909471
      -1.789061214,       3.701601736,     0.02330932758,    -0.02271885931
      -1.805315685,       3.680252717,      0.0196711818,    -0.02287611226
      -1.787015659,       3.704023851,     0.01606154404,    -0.02286140141
      -1.782732193,        3.71075102,      0.0124757239,    -0.02285780648
      -1.770599135,       3.729374554,    0.008943096645,    -0.02284792905
      -1.769012907,       3.733110585,    0.005421809485,    -0.02256178354
      -1.798467579,       3.695298294,    0.001929452723,    -0.02211025122
      -1.809658347,       3.682790952,   -0.001535372721,    -0.02182283046
      -1.791788803,       3.707423219,   -0.004938511008,    -0.02178938865
      -1.810338443,       3.684808985,   -0.008270655487,    -0.02197357997
      -1.828899474,       3.662222718,    -0.01155318596,    -0.02202650619
      -1.825510583,       3.668184781,    -0.01480849772,    -0.02205798823
      -1.772194021,       3.735125669,    -0.01803032381,    -0.02211664785
      -1.804386888,       3.697154215,    -0.02122854805,    -0.02188964812
      -1.817352717,        3.68254696,    -0.02440521954,    -0.02153168768
      -1.805491244,       3.696819124,    -0.02753950902,    -0.02100407995
      -1.821491223,       3.678943447,    -0.03062286229,    -0.02020313904
      -1.834102806,       3.664125316,    -0.03366966482,    -0.01927427386
      -1.819964246,       3.682114433,    -0.03665225444,    -0.01816692276
      -1.841930342,       3.655373051,    -0.03960933132,    -0.01701182262
      -1.857420857,       3.637108776,     -0.0425085613,    -0.01594945518
      -1.843757494,       3.653820338,    -0.04536230665,    -0.01486587749
      -1.826784969,       3.676372954,    -0.04819054589,    -0.01381793074
      -1.841426739,       3.657551527,    -0.05100946698,    -0.01277672172
      -1.816649192,       3.687740644,     -0.0538151395,    -0.01167021745
      -1.843191721,       3.655893716,    -0.05659097073,    -0.01040582805
      -1.791396538,       3.721883626,    -0.05932495934,   -0.009194055237
      -1.837267768,       3.667861545,    -0.06202488204,   -0.007952672855
      -1.785388048,       3.728373944,    -0.06468627295,   -0.006696319923
      -1.811683852,       3.693737141,    -0.06731260104,   -0.005348957463
      -1.806892408,       3.701305456,    -0.06991405935,   -0.003894937306
      -1.847053404,       3.650454967,    -0.07248047973,   -0.002426307691
      -1.803690719,       3.704028851,    -0.07500433658,  -0.0008023849503
      -1.832188288,       3.670806227,    -0.07748178963,   0.0009384797468
       -1.85240204,       3.648059625,    -0.07992041584,    0.002882123253
      -1.871867183,       3.625614952,     -0.0823025788,    0.004644955078
      -1.836319899,       3.667661565,    -0.08463808849,     0.00657533585
      -1.848061065,       3.656686026,    -0.08693412708,    0.008392276691
      -1.826056663,       3.684163312,    -0.08918040304,      0.0103729916
      -1.793060771,       3.726192035,    -0.09137722017,     0.01232153696
      -1.785281055,       3.733152085,    -0.09352181009,     0.01430626064
      -1.798380248,        3.71866339,    -0.09561654299,     0.01631040769
      -1.842090633,       3.668703067,    -0.09769551693,     0.01818845941
      -1.797570911,        3.71881262,    -0.09973297003,     0.02006698209
      -1.806291141,        3.71214208,      -0.101761258,     0.02181685055
      -1.830511731,       3.681329394,     -0.1036889598,     0.02384657298
      -1.842993187,       3.669748897,     -0.1056033121,     0.02575558703
      -1.824852681,       3.685235032,     -0.1074679546,     0.02772162316
      -1.841584074,       3.667219035,     -0.1092834174,     0.02959236019
      -1.861855574,        3.64165273,     -0.1110581501,     0.03141757486
      -1.850311623,       3.655669756,     -0.1127677608,     0.03327987183
      -1.869306564,       3.632669684,     -0.1144014177,      0.0352775794
      -1.824440179,       3.687176778,     -0.1160263046,      0.0370929791
      -1.873389626,        3.62992328,     -0.1175813208,     0.03898354046
      -1.867765593,       3.636638118,     -0.1191267391,      0.0408290845
      -1.897697936,       3.602619671,     -0.1206281274,     0.04293064661
       -1.82303444,       3.692647892,     -0.1221200511,     0.04487213578
      -1.838484481,       3.675686398,        -0.1235558,     0.04676169044
       -1.81514018,       3.705183132,     -0.1249927577,     0.04848244931
      -1.864228553,       3.648430293,     -0.1263823457,     0.05011880267
      -1.850377556,       3.663970206,     -0.1277723716,     0.05153742866
      -1.846306166,       3.668953898,     -0.1291205802,     0.05294288351
      -1.795003032,       3.727887602,     -0.1304768311,     0.05404311243
      -1.853758024,       3.661366805,     -0.1317967794,      0.0551002673
      -1.836295619,       3.680455734,     -0.1331193053,     0.05603711305
      -1.842813287,       3.673387471,      -0.134414984,     0.05686092686
      -1.852601631,       3.661885984,     -0.1357337462,     0.05749728238
      -1.871625111,       3.640388971,     -0.1370520629,     0.05788201996
      -1.838246104,       3.678011808,     -0.1383635311,     0.05824152086
      -1.825458407,       3.692525517,     -0.1396840461,     0.05844381339
      -1.822621354,       3.696468627,     -0.1410069246,      0.0584834262
      -1.864431796,       3.648540095,     -0.1423496904,     0.05832921479
      -1.827245227,        3.68876671,      -0.143683735,     0.05819620353
      -1.819217426,       3.698434845,     -0.1450262308,     0.05789123062
      -1.810631614,        3.70735903,     -0.1463899137,     0.05758830179
      -1.827149648,        3.68806027,     -0.1477648063,     0.05719431719
       -1.87715644,       3.629493326,     -0.1491450343,     0.05682648093
      -1.834723099,       3.679081753,     -0.1505324418,     0.05635444103
      -1.861842178,       3.647476631,     -0.1519437169,     0.05561072789
      -1.835301789,       3.677995502,     -0.1533672926,     0.05498263883
      -1.879384064,       3.625036323,     -0.1547957917,     0.05427030502
      -1.794720353,       3.722417411,     -0.1562399835,     0.05352875739
      -1.828185088,       3.684074269,     -0.1576953693,     0.05271604205
      -1.860053839,       3.645594428,     -0.1591780603,     0.05176578297
      -1.835185356,       3.674047542,     -0.1606756404,     0.05063754213
       -1.82371238,        3.68831518,     -0.1621870919,     0.04944650146
      -1.802731627,       3.712094565,     -0.1637038109,     0.04820440771
      -1.861363698,       3.643970741,     -0.1652169683,     0.04687074106
      -1.843188242,       3.661219885,     -0.1667272886,     0.04551506357
      -1.841172712,       3.666169057,     -0.1682277191,     0.04409591327
      -1.804921379,       3.707466633,     -0.1697281095,      0.0425641244
      -1.851830551,       3.653194774,     -0.1711971276,     0.04119908509
      -1.833930888,       3.671953322,     -0.1726270333,     0.03983064702
       -1.81599297,       3.694725392,     -0.1740321922,     0.03847690626
      -1.842845449,        3.66059369,     -0.1754205348,     0.03710775167
      -1.801031013,       3.711474661,     -0.1767975422,      0.0357921638
      -1.876098122,       3.620490061,     -0.1781371838,      0.0343741545
       -1.81809834,       3.691312627,     -0.1794373287,     0.03282347579
       -1.85993421,        3.64117508,     -0.1806833238,     0.03140089283
      -1.829379703,       3.677328542,     -0.1818811851,     0.03005517311
      -1.823555985,       3.684787904,     -0.1830328309,     0.02859854723
      -1.812290631,       3.696496447,     -0.1841239293,     0.02713908322
      -1.821523961,       3.685405207,     -0.1851490099,     0.02561514417
      -1.866526481,       3.632522847,     -0.1861014916,      0.0241844608
      -1.852648014,         3.6480186,     -0.1869760413,     0.02273099899
      -1.831566278,       3.674850505,     -0.1877700138,     0.02115434651
      -1.839203476,       3.665332825,     -0.1884590141,     0.01960178733
      -1.842205493,       3.662365991,      -0.189070294,     0.01820761713
        -1.8342814,       3.670130455,     -0.1896036731,     0.01687299897
      -1.806846523,       3.703432016,     -0.1900545943,     0.01559253124
      -1.804746318,       3.704691787,     -0.1904160428,     0.01434962396
      -1.828210329,       3.677310657,     -0.1906706682,     0.01312204772
      -1.811461697,       3.696419869,     -0.1908576784,     0.01169188527
      -1.808827632,       3.698818994,     -0.1909728119,     0.01054021144
      -1.820432518,       3.684017752,     -0.1910250122,    0.009354541371
      -1.861307745,       3.633923473,     -0.1909907828,    0.008214228405
      -1.837118476,       3.660985206,     -0.1909084787,    0.006888824062
      -1.809761946,       3.694609547,     -0.1907380154,     0.00560870373
      -1.837787738,       3.656718949,      -0.190499482,    0.004263148798
      -1.828501718,       3.668866865,     -0.1901781516,    0.002838472392
      -1.856333842,       3.633036843,     -0.1898137957,    0.001488818419
      -1.817300251,       3.681556199,     -0.1893795755,   0.0002941140451
      -1.875601692,       3.604762489,     -0.1888684734,  -0.0007223061925
      -1.873923595,       3.607151006,     -0.1883046195,   -0.001840934582
      -1.878423723,       3.599072902,      -0.187683507,   -0.002928988959
      -1.787849169,       3.715350622,      -0.187002041,   -0.003957414657
      -1.800788494,       3.698226279,     -0.1862961927,   -0.005221618383
      -1.834470731,       3.654157766,     -0.1855554224,   -0.006572488366
      -1.810919984,       3.683203089,     -0.1847922371,   -0.007992037689
      -1.840200774,       3.646395841,     -0.1839879286,   -0.009171023612
      -1.849003892,       3.632951712,     -0.1831778627,       -0.01049587
       -1.88232725,       3.588323499,     -0.1823428738,    -0.01184408007
      -1.888721535,       3.577073688,     -0.1815144033,    -0.01334060444
      -1.881009546,       3.588425389,     -0.1806767399,    -0.01498648511
      -1.827510392,       3.660186656,     -0.1798356568,    -0.01658716472
      -1.810542509,       3.681461165,     -0.1789787056,    -0.01809634022
      -1.869113944,       3.603952371,     -0.1781010478,    -0.01954545846
      -1.869989942,        3.60087728,     -0.1772035126,    -0.02092506882
      -1.832847777,       3.651676021,     -0.1762875206,    -0.02219492978
      -1.864516935,        3.61057306,     -0.1753637772,    -0.02344393302
        -1.8759118,       3.594270713,     -0.1744285736,    -0.02474688457
      -1.906610641,        3.55214041,     -0.1734913589,    -0.02602345196
      -1.906273031,       3.551907084,     -0.1725866565,    -0.02758631769
      -1.903036117,       3.558237867,     -0.1716910848,    -0.02929129261
      -1.816516196,       3.677376289,     -0.1708216822,    -0.03111114813
      -1.818369875,       3.674224372,     -0.1699685059,    -0.03296081398
      -1.832509233,       3.655033343,     -0.1691153438,    -0.03476591365
      -1.858893127,       3.622173442,     -0.1682712333,    -0.03647616969
      -1.889820655,       3.581043698,     -0.1674698136,    -0.03816018724
      -1.866553427,       3.613046718,     -0.1667014646,    -0.03986809734
      -1.853265484,       3.630035675,     -0.1659584368,    -0.04168112339
      -1.897869705,       3.570921386,     -0.1652471488,    -0.04353314673
      -1.832053429,       3.659874028,     -0.1645848701,    -0.04518226635
      -1.829976365,        3.66113288,     -0.1639451244,    -0.04678512971
      -1.893004966,       3.579324022,      -0.163335608,    -0.04839449977
      -1.815670103,       3.674158838,     -0.1627698154,    -0.05003119215
      -1.885453212,       3.591427285,     -0.1622412412,    -0.05161710963
      -1.824771898,       3.661343964,     -0.1617269662,    -0.05313483176
      -1.832552804,       3.660666328,     -0.1612606829,    -0.05453993046
      -1.838051467,       3.644774272,     -0.1608262804,    -0.05593418197
      -1.904145881,       3.569847385,     -0.1604247981,    -0.05755071988
      -1.829269182,       3.662057419,     -0.1600773968,    -0.05909166959
      -1.861927584,       3.625862995,     -0.1597847497,    -0.06054680493
      -1.823858279,       3.674196048,     -0.1595044218,    -0.06175479501
      -1.827079825,       3.671096978,     -0.1592750414,    -0.06288196367
      -1.918964129,       3.550642256,     -0.1590892183,     -0.0638377519
      -1.887979362,       3.595118628,     -0.1589394794,    -0.06467971932
      -1.860658004,       3.631570358,     -0.1588324775,    -0.06532416216
      -1.844554864,         3.6512813,     -0.1587403778,    -0.06571269461
      -1.842789865,       3.656170657,     -0.1586983826,    -0.06583647675
      -1.892012852,        3.59284496,     -0.1586729571,    -0.06586420111
      -1.891621124,       3.593423371,     -0.1586948636,     -0.0656567425
      -1.897547307,       3.588092654,      -0.158760029,    -0.06526527148
      -1.842422831,       3.660080419,     -0.1588237815,    -0.06455066153
      -1.827113612,       3.676884863,     -0.1589137794,    -0.06356338045
      -1.872308771,       3.622628859,      -0.159029096,    -0.06226530786
      -1.871246301,       3.622115007,      -0.159170402,    -0.06083579928
      -1.847835002,       3.651259465,     -0.1593246917,    -0.05915749863
       -1.87514244,       3.619259062,     -0.1594986227,    -0.05728116702
      -1.899087577,       3.588396671,      -0.159683547,     -0.0552700595
      -1.921449254,       3.561373521,     -0.1599178444,    -0.05316419777
      -1.944917915,       3.530484774,     -0.1601484823,    -0.05076514349
      -1.943812757,       3.533417446,     -0.1603855671,    -0.04809812262
      -1.860700615,       3.641573295,     -0.1606663518,    -0.04539511001
      -1.862339438,       3.639404248,      -0.160952483,    -0.04245734353
      -1.843398323,       3.661467268,      -0.161276591,    -0.03922552867
      -1.890952268,       3.604561489,     -0.1616417623,    -0.03597650577
      -1.819978936,       3.690634642,     -0.1620325478,    -0.03285237581
      -1.894665567,       3.600006738,     -0.1624513756,    -0.02961377375
      -1.861255082,       3.642585546,     -0.1629181692,    -0.02618107093
      -1.867672529,       3.635075799,     -0.1634148439,    -0.02263649829
      -1.922667597,       3.572932356,     -0.1639249245,    -0.01911972425
      -1.911598103,       3.583084989,     -0.1644672888,    -0.01566018418
      -1.855141808,       3.651811853,     -0.1650374111,    -0.01209628706
      -1.850859962,       3.657887938,     -0.1656335326,   -0.008379879128
      -1.886332061,        3.61200706,     -0.1662518598,   -0.004536674663
      -1.888152811,       3.611587779,     -0.1669024112,  -0.0008429123718
       -1.90214049,        3.59436186,     -0.1675771319,     0.00285419934
      -1.927000284,       3.562648737,     -0.1682839374,      0.0066374634
      -1.911486751,        3.58610782,     -0.1690225963,     0.01034947946
      -1.949931754,       3.535578535,     -0.1697839091,     0.01400773579
      -1.896490591,       3.600783949,     -0.1705736907,     0.01758540025
      -1.916727087,       3.579996019,     -0.1713883023,     0.02111993352
      -1.872578737,       3.635321806,      -0.172238571,     0.02446156635
      -1.906398934,       3.596189564,     -0.1730848902,     0.02769755818
      -1.885690151,       3.620667257,     -0.1739388698,      0.0308036587
      -1.920902558,       3.576000869,     -0.1748107015,     0.03388961182
      -1.965802068,       3.517478461,     -0.1756971252,     0.03675444131
      -1.937325431,       3.557721679,      -0.176557309,     0.03984705365
      -1.890248679,        3.61263793,     -0.1774207455,     0.04289060694
      -1.934400997,        3.56090323,     -0.1782724346,     0.04595565274
      -1.864978938,        3.64798163,     -0.1791465802,     0.04891113068
       -1.92435189,       3.572932858,     -0.1799743664,     0.05192057519
      -1.915652214,       3.583758427,     -0.1807937372,     0.05487486608
      -1.908392553,       3.594416317,     -0.1815847062,      0.0578838717
      -1.938520187,       3.556274418,     -0.1823829618,     0.06078461449
      -1.964414431,       3.522978964,     -0.1831331227,     0.06391906455
      -1.875122585,       3.637254525,      -0.183857284,     0.06703776402
      -1.916202382,       3.590322899,     -0.1845510242,     0.07019282427
      -1.897057812,        3.60715527,     -0.1851956899,     0.07331858851
      -1.933366761,       3.563547828,     -0.1858181017,     0.07625325973
      -1.905793291,       3.597267198,     -0.1863493933,      0.0792874234
      -1.918920471,       3.582819895,     -0.1868328724,     0.08243452269
      -1.961813325,       3.528945948,     -0.1872395038,     0.08552438016
       -1.97827934,       3.506641586,     -0.1875866957,     0.08830803861
      -1.908523326,       3.593213156,     -0.1878118429,     0.09115113909
      -1.949798257,       3.543858611,     -0.1879528652,     0.09378841773
      -1.893194695,       3.613646537,     -0.1879833026,     0.09634623762
      -1.933014415,       3.564418052,     -0.1879569699,     0.09809085453
      -1.956157136,       3.534091502,     -0.1877525181,     0.09991151593
      -1.950460041,       3.546465228,     -0.1874032036,      0.1014156244
      -1.966175351,        3.53046339,     -0.1868658758,      0.1032880549
      -1.889613942,       3.617573425,     -0.1861571211,      0.1050766091
      -1.906283425,       3.599821218,     -0.1852478095,      0.1066613937
      -1.904088697,        3.60006893,     -0.1842287586,      0.1067879638
       -1.93117657,       3.566872184,     -0.1829443762,      0.1077227722
      -1.979012656,        3.50751384,     -0.1814175339,      0.1086718094
        -1.9610349,       3.529092829,     -0.1796967301,      0.1090236808
      -1.882930074,       3.626950217,     -0.1777289271,      0.1093721424
      -1.926344665,        3.57893631,     -0.1755504913,      0.1096010953
      -1.901081182,        3.60818611,     -0.1731632643,      0.1095788379
      -1.943008666,       3.553437021,     -0.1705355647,       0.109410622
      -1.970364429,       3.518360455,     -0.1677075008,      0.1087911368
      -1.908518484,       3.596245939,     -0.1646568925,      0.1081120049
      -1.944406305,       3.553144062,     -0.1613818693,      0.1071978264
      -1.912675112,       3.589821626,     -0.1578527801,      0.1063682597
      -1.945866719,       3.548906167,     -0.1540907585,      0.1056517563
      -1.954988436,       3.540436475,     -0.1500948442,      0.1051978186
       -1.95399338,       3.540850282,     -0.1459123187,      0.1044515335
      -1.937064026,        3.56758559,     -0.1415066429,      0.1038414765
       -1.94005962,       3.565215893,     -0.1368998842,       0.103203171
      -1.907856052,       3.597759874,     -0.1320731805,      0.1028132348
       -1.96121665,       3.532504997,     -0.1270339135,      0.1025317753
      -1.929882073,        3.57093489,     -0.1218066506,      0.1021205139
      -1.964466936,       3.528422241,     -0.1163982826,      0.1018086992
      -1.948923194,       3.547076344,     -0.1107817592,      0.1014511747
      -1.907341559,       3.598020369,     -0.1049978108,       0.101182125
      -1.964426262,       3.530210185,    -0.09903126924,       0.100580447
      -1.922359174,       3.579886534,     -0.0928851229,      0.1001630663
       -1.95381963,        3.54078878,    -0.08657134891,     0.09980356853
      -2.025569477,        3.44838958,    -0.08007327132,     0.09949093497
      -1.921399721,       3.582084495,    -0.07343403758,     0.09901523085
      -1.953777108,       3.543448855,    -0.06666380048,     0.09850929941
      -1.914460043,       3.589886635,    -0.05970717522,     0.09810599533
      -1.942621524,       3.554819337,    -0.05260526826,     0.09778254701
      -2.028953452,       3.444414716,    -0.04540324639,     0.09730581736
      -1.903149394,        3.60328618,    -0.03807054346,     0.09672691928
      -1.932710001,       3.569283429,    -0.03065041104,       0.095866034
      -1.974537526,       3.513248739,    -0.02307075063,     0.09515716888
      -1.938354475,       3.560707496,    -0.01536026275,     0.09440754479
      -1.970834267,       3.520839139,    -0.00756523144,     0.09343314706
       -1.91143366,       3.592246615,   0.0003735945123,     0.09246915795
      -1.975799118,       3.512845326,    0.008375962143,     0.09148982823
      -1.932014318,       3.568060695,      0.0165010574,     0.09046017616
      -1.968614502,       3.521641225,     0.02469257457,     0.08950664489
      -1.978751404,       3.510272341,      0.0329989669,     0.08867027821
      -1.959663051,       3.533704111,     0.04135150234,     0.08795922556
      -2.035082866,       3.433661508,     0.04976756295,     0.08729829818
      -2.000790007,       3.485317979,     0.05818879999,     0.08660946673
      -1.875153733,          3.643038,     0.06666728493,     0.08612559866
      -1.916745236,          3.601819,      0.0751414748,     0.08562335461
      -1.891190436,       3.628772381,     0.08361586009,     0.08523609647
      -1.922990919,       3.591332858,     0.09208280328,     0.08492319616
      -1.968245611,       3.538979797,      0.1005045835,      0.0845543305
      -1.870607501,       3.650058859,      0.1089091545,      0.0844037046
      -1.931492622,       3.583396464,      0.1172209142,     0.08425372508
      -1.958863275,       3.547945353,      0.1254396844,     0.08426196714
      -1.894350871,       3.625003823,      0.1334519307,     0.08410944596
      -1.963851237,       3.545614079,      0.1413408143,      0.0842949348
      -1.958639028,       3.553561341,      0.1490134707,     0.08455199312
      -1.974457449,       3.533278741,      0.1564493662,     0.08469701216
      -2.010503895,       3.492353464,      0.1635992646,     0.08469173075
      -1.949831932,       3.563334058,      0.1704713398,     0.08473830057
      -1.931518668,       3.584148067,      0.1770467323,     0.08466269823
      -1.930973991,       3.582568773,      0.1833184628,     0.08449005256
      -1.920890672,       3.596854029,      0.1892397271,     0.08417389112
      -1.883445406,        3.63839822,      0.1948195535,     0.08361727111
      -1.924641968,       3.592135229,      0.2000537011,     0.08292046103
      -1.948241014,       3.564007583,      0.2049453308,     0.08227959003
      -1.902986425,       3.618848348,      0.2094981428,     0.08165138288
      -1.953871726,       3.561344581,      0.2137180596,     0.08095829393
       -1.98468637,       3.524281565,      0.2176038051,     0.08014190247
      -1.922341176,       3.597148981,      0.2211672271,     0.07926989269
      -1.935492502,       3.584344126,      0.2243947967,     0.07844817309
      -1.925793592,       3.594730668,      0.2273085059,     0.07764610023
      -1.978408701,        3.53371504,      0.2299138007,      0.0769245065
      -1.984997532,       3.527793777,      0.2322243028,     0.07609980528
      -1.888001671,        3.63893347,      0.2342447904,     0.07523732533
      -1.914643114,       3.609003389,      0.2359875918,     0.07431116838
      -1.889023646,       3.634495096,      0.2374719105,     0.07327691254
      -1.910977531,       3.611733491,      0.2387118773,     0.07207187267
      -1.944040591,        3.58002058,      0.2397228201,     0.07081509376
      -1.880205126,       3.647689417,      0.2405187846,     0.06960553639
      -1.927272599,       3.595014577,       0.241118385,     0.06835544315
      -1.895013161,       3.631190891,      0.2415315437,     0.06700613812
      -1.911054035,       3.616449786,      0.2417737698,     0.06557422178
      -1.958298004,       3.565799292,      0.2418668662,     0.06412939557
      -1.874780966,        3.65434878,      0.2418328169,     0.06273111234
      -1.933258699,       3.592934836,      0.2416712079,     0.06131748937
      -1.888347782,        3.64198505,      0.2414196208,     0.05995977674
      -1.909269329,       3.619667331,      0.2411157427,     0.05877551763
      -1.934605348,       3.594020733,      0.2407266184,     0.05764808136
      -1.916069051,       3.613927424,       0.240290547,     0.05663000728
      -1.870628733,       3.662332112,      0.2397961059,     0.05555853077
      -1.918976214,       3.611471737,      0.2392629736,     0.05445202642
      -1.920975608,       3.607845602,      0.2387084309,     0.05325117588
      -1.873116432,        3.66007565,      0.2381350072,     0.05201487333
      -1.932039447,       3.598192657,      0.2375573622,     0.05076154421
      -1.950755591,       3.578031185,      0.2369805941,     0.04954352233
      -1.940010841,       3.591158806,      0.2364078437,     0.04832241624
      -1.950124121,        3.58004107,      0.2358382764,      0.0470332711
       -1.91724527,       3.615417789,      0.2352778679,     0.04574886468
      -1.930287435,       3.602058024,      0.2347284128,     0.04451490874
      -1.891897569,       3.642335853,      0.2342002734,     0.04337870045
      -1.912340202,       3.620880844,      0.2336978942,      0.0421746425
      -1.918727177,       3.612765056,      0.2332154459,      0.0409571461
      -1.882670024,       3.651916892,      0.2327938363,      0.0398362316
      -1.923545295,       3.608900477,      0.2324025215,      0.0386638213
      -1.907159987,       3.626695384,      0.2320671432,     0.03754686619
      -1.952021958,       3.579679084,      0.2317716458,     0.03643019231
      -1.969557733,       3.561492331,      0.2315213623,     0.03526172001
      -1.882438389,       3.652417342,      0.2313138788,     0.03402959514
      -1.900007066,       3.635033179,      0.2311419885,     0.03266179631
      -1.910279701,       3.621787714,      0.2310200235,     0.03128315698
      -1.865101116,       3.670223568,      0.2309325743,     0.02985867832
      -1.942585199,       3.589795659,      0.2309021709,     0.02844631995
      -1.924555693,       3.609792632,      0.2309256253,     0.02696613966
      -1.947950966,       3.584809299,      0.2309539592,     0.02539498492
        -1.9520357,       3.581526907,      0.2310437237,     0.02389681991
      -1.945709747,       3.587654017,      0.2311809917,     0.02234802247
      -1.883049269,       3.653228693,      0.2313704924,     0.02079097261
      -1.915586034,       3.618989607,      0.2315927426,     0.01931266565
      -1.870521683,       3.666132844,      0.2318462232,     0.01780961687
      -1.903519055,       3.631533134,      0.2321294758,     0.01634414225
      -1.851408671,       3.690260126,      0.2324326191,     0.01488315141
      -1.882580316,       3.654832869,      0.2327686907,     0.01345739609
      -1.876838664,        3.66108734,      0.2331119318,     0.01185701939
      -1.904943476,       3.633062582,      0.2334838434,     0.01027506969
      -1.859468794,       3.679357836,      0.2338472921,    0.008559596876
      -1.896603145,       3.642482216,      0.2342158312,     0.00691854883
       -1.90220347,       3.635067575,      0.2345821645,     0.00531063369
      -1.872856487,       3.666912368,      0.2349098936,    0.003659739928
       -1.88590053,       3.653501906,      0.2352601792,    0.002089787076
      -1.874664196,       3.665823795,      0.2356252364,   0.0006387633233
      -1.919389987,       3.613964311,      0.2359824193,  -0.0009050490721
      -1.904843582,       3.634545376,      0.2363249357,   -0.002415890092
      -1.886115118,       3.656805376,      0.2366426149,   -0.003919815717
      -1.865973171,        3.67489189,      0.2369314508,   -0.005453231292
      -1.899090324,       3.635898222,       0.237194586,   -0.006911487818
      -1.848315903,       3.691314216,      0.2374218956,   -0.008443869944
      -1.867961507,       3.676220862,      0.2376224093,   -0.009929452855
      -1.901083051,       3.639627394,      0.2378082746,    -0.01132176486
      -1.883208865,        3.65354533,      0.2379555797,    -0.01262915962
      -1.858920236,       3.680559977,      0.2380666487,    -0.01384794483
      -1.885970581,       3.658832127,      0.2381239511,    -0.01501716833
      -1.895372829,       3.640858928,      0.2381087652,    -0.01622715063
      -1.928343141,       3.602741286,       0.238016961,    -0.01753497328
       -1.91484147,       3.621389817,       0.237854947,    -0.01880548591
       -1.89773129,       3.644237096,       0.237616257,    -0.01998535498
      -1.886819353,       3.651073667,      0.2372871048,    -0.02115097407
      -1.935820075,       3.595887397,      0.2368699931,    -0.02239042541
      -1.883281534,       3.653213481,      0.2363661876,    -0.02369393157
      -1.924388807,       3.613527249,      0.2357609443,    -0.02500819619
      -1.983048683,       3.550095918,      0.2350636258,    -0.02620097847
      -1.950055039,       3.580754527,      0.2342908727,    -0.02732434923
      -1.938806573,       3.597397926,      0.2333576318,    -0.02849880192
      -1.874799949,       3.661924334,      0.2323169392,    -0.02963179355
      -1.916670239,       3.619637308,      0.2311957757,    -0.03056178696
      -1.892247403,       3.642261954,      0.2299611024,    -0.03151993725
      -1.911896377,       3.624365099,      0.2286085291,    -0.03238324955
      -1.935557734,       3.600317358,      0.2271280994,    -0.03323211332
      -1.925719396,       3.609710949,      0.2255162584,    -0.03407973434
      -1.885054653,       3.651102768,      0.2237917512,    -0.03474553356
      -1.943301637,       3.592440318,      0.2219444266,    -0.03533006933
       -1.94296346,       3.589782249,      0.2199877004,    -0.03597262449
       -1.91668655,       3.619060358,      0.2179460668,     -0.0363991528
      -1.942956814,       3.591650807,       0.215785374,    -0.03699041655
      -1.955145788,       3.581041011,      0.2134966138,    -0.03743498178
      -1.972094451,       3.563317942,      0.2111328927,     -0.0378931859
      -1.996001629,       3.538488577,      0.2086698432,     -0.0383917135
      -1.926606862,        3.61040233,      0.2060991277,    -0.03893885774
      -1.931871684,       3.605984192,       0.203421029,    -0.03952830632
      -1.886650151,       3.651039834,      0.2006756968,    -0.04019706694
      -1.917280619,       3.620636298,      0.1978479536,    -0.04077218515
      -1.950521258,       3.588090282,       0.194950364,    -0.04134630414
      -1.935580486,       3.602990102,      0.1919948357,    -0.04183262215
      -1.893581494,       3.645810643,      0.1890231352,    -0.04219549067
      -1.940611112,       3.598479876,      0.1859691727,    -0.04268921583
      -1.902654261,       3.636813411,      0.1828762079,    -0.04307630843
       -1.94670452,       3.592691198,      0.1797026057,    -0.04359579859
      -1.962956192,       3.576018271,       0.176532848,    -0.04386673903
      -1.951139684,        3.58879622,      0.1733352547,     -0.0440806448
      -1.879224368,       3.661854229,      0.1700705163,     -0.0443775383
      -1.936954929,       3.604540589,       0.166785121,    -0.04472042756
      -1.924481094,       3.614939766,      0.1634982693,    -0.04487565121
      -1.912674477,       3.628300083,      0.1601668174,    -0.04530541054
       -1.96219952,       3.578764263,      0.1568219001,    -0.04562225233
      -1.949636381,       3.592388586,      0.1534489586,    -0.04592814538
      -1.962861951,       3.580340115,      0.1500771637,    -0.04631868612
      -1.949401223,       3.593768646,      0.1466923618,    -0.04674271901
      -1.962048637,       3.582446249,      0.1433162255,    -0.04707076348
      -1.963339718,       3.580444791,      0.1399108471,    -0.04752677345
      -1.944068107,       3.599725313,      0.1365021866,    -0.04792969871
      -1.902206475,       3.641885158,      0.1330796846,    -0.04815667896
      -1.929371085,        3.61519692,      0.1296747162,    -0.04838141286
      -1.938603714,       3.605066408,      0.1262644278,    -0.04839613144
      -1.952114918,        3.59230219,      0.1228832546,    -0.04826790032
      -1.859554337,        3.68401635,      0.1195180352,    -0.04797998567
      -1.900400145,       3.643155589,      0.1161461141,     -0.0476054037
      -1.899697508,       3.643621241,      0.1127842219,     -0.0471693345
      -1.957349091,       3.585867063,      0.1093874154,    -0.04688858382
      -1.975340985,       3.570121818,      0.1059898612,    -0.04654956904
      -1.961248687,       3.582691227,      0.1025987098,    -0.04606066241
       -1.89273545,       3.652085916,     0.09924580165,    -0.04536562768
      -1.933420655,       3.609604802,     0.09588937218,    -0.04470049223
      -1.931736725,       3.609970829,      0.0925491633,    -0.04396868239
      -1.904840773,        3.63719604,     0.08918193351,    -0.04331353007
       -1.95553859,       3.587220157,     0.08580880836,    -0.04267439388
      -1.934222218,       3.608268815,     0.08243399133,    -0.04205457817
      -1.984294787,       3.559307986,     0.07907111073,    -0.04126402133
      -1.985645987,       3.558107906,     0.07569055612,    -0.04049056838
       -1.97620791,       3.567747387,     0.07232899814,    -0.03957014125
      -1.958504746,       3.585055445,     0.06895256069,    -0.03868098502
      -1.944054303,       3.599705075,     0.06556347662,    -0.03780292282
      -1.907708876,       3.635646118,     0.06217726684,    -0.03695662331
      -1.948947213,       3.595463756,     0.05876454517,    -0.03616009287
      -1.908706131,       3.635222126,     0.05532614963,    -0.03549111506
      -1.944896156,       3.599641435,     0.05189502731,    -0.03489106859
      -1.911936868,       3.632367348,     0.04841949257,    -0.03448857455
      -1.946092028,       3.597923698,     0.04496424699,    -0.03386818178
       -1.94173575,         3.6030271,     0.04150715515,    -0.03318548383
      -1.956080183,       3.588731854,      0.0380305303,    -0.03245141418
      -1.969873412,       3.572608954,     0.03452909427,    -0.03175759059
      -1.977121978,       3.568144902,     0.03101071475,    -0.03107206793
      -1.984758484,       3.561182823,     0.02746050939,    -0.03031966976
      -1.935288297,       3.611063204,     0.02389863436,    -0.02961322952
       -1.96273786,       3.584692186,     0.02032856074,    -0.02901665757
      -1.908566579,        3.63700083,      0.0167587937,    -0.02857676515
      -1.939894864,       3.606956198,      0.0131784809,    -0.02832364913
      -1.978342279,       3.569450169,    0.009595266223,    -0.02794994815
      -1.969111255,       3.579246387,    0.006013331187,     -0.0276795077
      -1.900883412,       3.645811092,     0.00243346529,    -0.02736236542
      -1.960209934,       3.588928542,    -0.00116684177,    -0.02722805853
      -1.958736769,       3.587371094,   -0.004748508757,    -0.02705686533
      -1.957154223,       3.591604416,   -0.008349406899,    -0.02689735959
      -1.917030386,       3.629559761,    -0.01194640375,    -0.02665760285
      -1.870080686,       3.675873192,    -0.01554573933,    -0.02648004971
      -1.952685702,       3.594446462,    -0.01912302395,    -0.02631916158
       -1.95068177,       3.596832435,    -0.02269505973,    -0.02643489708
      -1.946062821,       3.599193295,    -0.02624688498,    -0.02635600045
      -1.946000267,       3.602885812,     -0.0298093365,    -0.02646038364
      -1.948804521,       3.597899865,    -0.03333568478,    -0.02654762458
      -1.925872047,       3.621584879,    -0.03684493051,    -0.02669031345
      -1.952852855,       3.593179783,    -0.04034209726,    -0.02688752821
      -1.905326312,       3.640488887,    -0.04382749849,    -0.02699464067
      -1.959803383,       3.585208406,    -0.04728703686,    -0.02714041512
      -1.948014394,       3.597496119,    -0.05071526545,    -0.02730909438
      -1.940205991,       3.604544655,    -0.05411034172,    -0.02747755901
      -1.973308392,       3.572860404,    -0.05746630018,    -0.02762125063
      -1.969915161,       3.575729034,     -0.0607827219,    -0.02782278598
      -1.868596381,       3.675418187,    -0.06405595434,    -0.02809158966
       -1.94398911,       3.601935739,    -0.06730301746,    -0.02834453276
      -1.922997374,       3.617642241,    -0.07048954326,    -0.02838447331
       -1.93677386,       3.607949904,    -0.07363672734,    -0.02855743969
      -1.877479288,       3.668708584,    -0.07672449374,    -0.02867535553
      -1.856941711,       3.685628727,    -0.07973058181,    -0.02877504515
      -1.966353841,       3.575616922,    -0.08266453476,    -0.02895121967
      -1.945429126,        3.59931092,    -0.08553761154,    -0.02907775373
      -1.928582218,       3.614736452,    -0.08833853491,    -0.02909370895
      -1.983501926,       3.554448474,    -0.09106470776,    -0.02891937831
      -1.944468673,       3.593662579,    -0.09370933844,    -0.02865494499
      -1.964759744,       3.576008785,    -0.09627965409,    -0.02832420181
      -1.896529342,       3.646398437,    -0.09876178998,    -0.02796779326
      -1.942466427,       3.596077114,     -0.1011405495,     -0.0276796335
      -1.974982295,       3.560503082,     -0.1034348197,      -0.027332343
      -1.952937157,       3.587121696,     -0.1056183033,    -0.02698748983
      -1.937822385,       3.606082556,     -0.1076943201,    -0.02662664865
      -1.886104823,       3.653122364,     -0.1096806714,     -0.0262144433
      -1.959131351,       3.579085882,     -0.1115654696,    -0.02571950858
       -1.98961092,        3.54576242,     -0.1133555015,    -0.02512272245
       -1.95262791,         3.5890809,     -0.1150519901,    -0.02444759554
      -1.982154686,       3.556401942,     -0.1166865031,    -0.02342993149
      -1.900059467,       3.637834565,     -0.1182099651,    -0.02239328317
      -1.952509461,        3.58588565,     -0.1196375066,    -0.02122869576
      -1.964790224,       3.574128341,     -0.1209476031,    -0.01973778739
      -1.947431505,       3.590557994,     -0.1221416214,    -0.01810709924
      -1.975939592,       3.560207354,     -0.1232017226,    -0.01639527443
      -1.894680635,       3.643035728,     -0.1241508333,    -0.01461695615
      -1.937352932,       3.602486057,     -0.1249668403,    -0.01270657804
      -1.979426053,       3.555177507,     -0.1256686595,    -0.01072995257
      -1.958441897,       3.575873294,     -0.1262213158,   -0.008720514658
      -1.976969647,       3.556093356,     -0.1266498512,   -0.006735912022
      -1.894097542,       3.643034113,     -0.1269249737,   -0.004736623062
      -1.944287159,       3.592427037,     -0.1270786239,   -0.002769943461
      -1.985032665,       3.545496701,     -0.1271080106,  -0.0006743231864
      -1.959359049,       3.573629157,     -0.1270067014,    0.001400372622
      -1.961338807,       3.572954565,     -0.1267831123,    0.003551620753
      -1.935702046,       3.598910088,     -0.1264546276,    0.005697116593
      -1.968446768,       3.564311826,     -0.1260026338,    0.007920541962
       -1.92224351,       3.611113576,     -0.1254293243,     0.01003322873
      -1.942302401,       3.588248171,     -0.1247440756,     0.01210781729
      -1.922965346,       3.607319154,     -0.1239280775,      0.0141293983
      -1.939357837,       3.589552424,     -0.1229940383,     0.01612705763
       -1.92196996,       3.608567996,     -0.1219539584,     0.01819645366
      -1.943243836,       3.584456449,     -0.1208163495,     0.02029677016
      -1.966126523,        3.56060901,     -0.1195613261,     0.02248513666
      -1.977547967,       3.549449366,     -0.1182077843,      0.0246825479
      -1.904401698,        3.62486873,     -0.1167651174,      0.0267041092
       -1.97258793,       3.550988158,     -0.1152295927,     0.02875054161
      -1.917907464,       3.609659287,     -0.1136079864,      0.0307163607
      -1.964707781,       3.558429528,     -0.1119033358,     0.03268828123
      -1.905159464,       3.622675583,     -0.1101105166,     0.03455069066
      -1.941836019,       3.583513238,     -0.1082347401,     0.03630496291
      -1.931047592,       3.596522791,     -0.1062856116,     0.03803572941
      -1.948392499,        3.57665445,     -0.1042589468,     0.03970628309
      -2.009175646,       3.510697486,     -0.1021738115,     0.04142898429
      -1.977403383,       3.545776418,     -0.1000544612,     0.04319392972
      -1.882427422,       3.647137443,    -0.09788031114,     0.04483859443
      -1.961798322,       3.562916382,    -0.09566471679,     0.04638505826
      -1.959847817,       3.561829436,    -0.09343449029,     0.04792823778
      -1.949909679,       3.574563683,    -0.09118368184,      0.0493430758
      -1.953234165,       3.571050727,    -0.08888878044,     0.05058962832
      -1.917188848,       3.610080504,    -0.08657635076,     0.05184425846
        -1.9888883,       3.532467221,    -0.08424477085,      0.0531095032
       -1.93216891,       3.594443269,     -0.0819067325,     0.05440657236
      -1.952948944,       3.571260519,    -0.07954863861,     0.05545780287
      -1.977661259,       3.542055579,    -0.07721086877,     0.05653300353
      -1.978906214,       3.541576409,    -0.07486792152,     0.05740212314
      -1.965469364,       3.556166363,    -0.07253840003,     0.05824418917
      -1.926397785,       3.600109689,    -0.07020528134,     0.05893033206
      -1.956733177,       3.567417284,    -0.06789326191,     0.05955737507
      -1.931405978,       3.594197473,    -0.06559044686,     0.06005241824
      -1.940384358,       3.583526657,    -0.06332020612,      0.0604068713
      -2.026083759,       3.489454436,    -0.06106314205,     0.06052803774
      -2.023703481,        3.49249225,    -0.05882122136,     0.06062448588
      -1.922528799,       3.604521746,    -0.05660187403,     0.06064671064
      -1.971296847,       3.551453098,     -0.0544230874,      0.0605442942
      -1.985964634,       3.533045579,    -0.05226987825,     0.06040188259
      -1.979680154,       3.542022094,     -0.0501582031,      0.0602647098
      -1.911889131,       3.614400147,    -0.04809194479,       0.060145129
      -1.893734709,       3.634432686,    -0.04607631789,     0.06009278199
       -1.96816773,       3.554891313,     -0.0440886476,      0.0599290129
      -1.957719347,       3.566024392,    -0.04216435416,     0.05980685722
       -1.95618537,       3.566533233,    -0.04027353971,     0.05955536105
      -1.961957856,        3.56304376,    -0.03841929644,     0.05941743483
      -1.966774715,       3.557284049,    -0.03660582302,     0.05916226158
      -1.970859063,       3.553194522,    -0.03483122189,     0.05885783842
      -1.969782207,       3.554295836,    -0.03310094661,     0.05850941127
       -1.92572611,       3.601714897,    -0.03141053452,       0.058111675
      -1.951683291,       3.576151906,    -0.02977073874,     0.05779201905
      -1.923864345,       3.604828204,    -0.02819378783,     0.05763999868
      -1.958240896,       3.567716974,    -0.02668272802,     0.05750381605
      -1.904004946,        3.62475166,    -0.02525416781,      0.0575224113
      -1.952246365,       3.573582318,    -0.02387814175,     0.05765887061
      -1.927809391,       3.604053467,    -0.02255106227,     0.05789889465
      -1.969843393,       3.557010856,    -0.02127990245,     0.05813842253
      -1.914537174,       3.614562879,    -0.02006744658,     0.05824445691
      -1.966286463,       3.564991729,    -0.01889457812,     0.05831573904
      -1.884449537,       3.651314904,    -0.01778863816,     0.05835264658
      -1.912532675,       3.626866648,    -0.01674630528,     0.05841158619
      -1.885194988,       3.654163095,    -0.01576620985,     0.05850031278
      -1.926149098,       3.612970596,    -0.01484422671,     0.05861665547
       -1.96421848,       3.573236864,    -0.01397754294,     0.05878395495
      -1.953129311,       3.582829342,    -0.01316544035,     0.05895887491
      -1.916564142,       3.617743316,     -0.0124021049,     0.05920915325
       -1.92852462,       3.609754757,    -0.01168655179,      0.0595076462
      -1.876347648,       3.670110461,    -0.01101589121,     0.05983405248
      -1.902066369,       3.641129949,    -0.01038850324,     0.06020756172
      -1.916749476,       3.626838199,   -0.009806187258,     0.06063937569
      -1.902018742,       3.642196963,   -0.009276119886,     0.06109087005
      -1.856712638,       3.690010209,   -0.008771647521,     0.06152188776
      -1.894535126,       3.649748562,   -0.008299858686,     0.06191109803
      -1.884037924,       3.658569201,   -0.007890525545,     0.06236332572
      -1.911838281,        3.63129245,    -0.00752990665,     0.06302346756
      -1.860199236,        3.68888093,    -0.00721348051,     0.06370068287
      -1.894830643,       3.651179596,   -0.006931038236,     0.06436525007
      -1.919387196,       3.622014604,   -0.006689970859,      0.0650497548
      -1.923358285,       3.620281196,   -0.006512907022,     0.06579475508
      -1.901160851,       3.647107508,   -0.006387101611,     0.06661065809
      -1.914345513,       3.631870155,   -0.006314929551,     0.06742281606
      -1.861622129,       3.683435632,   -0.006288177682,     0.06824834493
      -1.889711956,       3.656199304,   -0.006303104545,     0.06909063305
      -1.848968263,       3.696116297,   -0.006356262756,     0.06995947617
      -1.902750117,       3.643171367,   -0.006436516484,     0.07091262881
      -1.847960106,       3.697302819,   -0.006551023997,     0.07187256786
      -1.880930404,       3.664800005,   -0.006702074788,      0.0728765423
      -1.880533252,       3.666342354,   -0.006898060464,     0.07386366609
      -1.894275209,       3.652942716,   -0.007133479506,     0.07483806246
      -1.900254678,       3.647089455,    -0.00739995518,     0.07589329421
      -1.886707408,       3.660722087,   -0.007698644927,     0.07699394141
      -1.896787142,       3.650298262,    -0.00802920831,     0.07812624876
      -1.876664671,       3.670723808,   -0.008388556399,      0.0792346736
      -1.849345293,       3.697151206,   -0.008768278527,      0.0803881732
       -1.86609852,       3.680399514,   -0.009169481605,      0.0815752799
      -1.857813348,       3.688174615,   -0.009595488602,     0.08277566326
      -1.899678352,       3.647629968,    -0.01004386673,     0.08410525639
      -1.861329953,       3.685198787,    -0.01051450772,     0.08541272414
      -1.883303319,       3.663014666,    -0.01100561048,     0.08672594437
       -1.89158231,       3.654311543,    -0.01151652864,      0.0881114525
      -1.835910306,       3.710035689,    -0.01204074026,     0.08949934522
      -1.871383117,       3.675595582,    -0.01257572964,     0.09083763794
      -1.886747347,       3.658329365,    -0.01311406372,     0.09214204529
      -1.868215519,       3.677313361,    -0.01365636339,     0.09348929984
      -1.886035571,       3.660317711,    -0.01420274274,     0.09485746104
      -1.831843874,       3.713641771,    -0.01474643162,     0.09629459909
      -1.876493092,       3.669598931,    -0.01529163389,     0.09788584282
      -1.896819868,       3.647974029,      -0.015835571,     0.09945977336
      -1.861627451,       3.683667254,    -0.01638129782,      0.1010473814
      -1.887830961,       3.657993163,    -0.01692353953,      0.1026963123
       -1.91613291,       3.629792015,     -0.0174620738,      0.1043497113
      -1.903641235,       3.641843894,    -0.01799688173,      0.1060560385
      -1.830470494,       3.714258009,    -0.01853236157,      0.1078557936
      -1.882633307,       3.662510882,    -0.01906412488,      0.1096607688
      -1.848127983,       3.696095855,    -0.01959225833,      0.1115491357
      -1.866902456,       3.677562281,    -0.02010373834,      0.1133841893
      -1.912149809,        3.63269714,    -0.02059468458,      0.1152592299
      -1.827955826,       3.715844384,    -0.02107758919,      0.1171113901
      -1.870439341,       3.674292419,    -0.02154330894,      0.1189972129
      -1.901377336,       3.641343578,    -0.02199240745,      0.1208533881
      -1.843673411,       3.699801545,    -0.02242215978,       0.122566085
      -1.887435779,       3.656549965,    -0.02283134714,      0.1242381396
      -1.938030224,       3.605625374,    -0.02321923403,      0.1258949297
      -1.870720367,       3.673557169,    -0.02358566754,      0.1275136729
      -1.875601438,       3.668485191,    -0.02393880122,      0.1290996029
      -1.861796627,       3.681455941,    -0.02427840469,      0.1306554663
       -1.88508443,       3.657526569,    -0.02459884659,      0.1322722342
      -1.838361893,        3.70349489,    -0.02490327677,      0.1338961118
      -1.865641561,       3.676288496,    -0.02519287702,      0.1354678878
      -1.865171551,       3.677035772,    -0.02546535366,      0.1369899138
      -1.868727832,       3.672827243,    -0.02572262605,       0.138439822
      -1.921930985,        3.61737041,    -0.02596182456,      0.1398497543
       -1.88468602,       3.655745157,      -0.026181459,      0.1412079306
      -1.874563726,       3.665141247,    -0.02637883043,      0.1425030777
      -1.834092094,       3.706083176,    -0.02655860721,      0.1438427218
      -1.849193265,       3.691900564,    -0.02672111725,      0.1452848417
      -1.868781926,       3.672099583,    -0.02685322419,      0.1466186633
      -1.823296153,       3.716763315,    -0.02695944723,      0.1477396768
      -1.851826066,       3.687376676,    -0.02704412021,      0.1489081457
      -1.831316571,       3.706985798,    -0.02710654778,      0.1499904243
      -1.850725478,       3.687403541,    -0.02714580904,      0.1508660535
      -1.891482678,       3.645671645,     -0.0271597164,      0.1516535225
       -1.83217926,       3.706100813,    -0.02715299726,      0.1524332107
        -1.8674924,       3.669900323,    -0.02712648242,      0.1532270807
      -1.847362254,       3.690320778,    -0.02707384323,      0.1539357832
      -1.866901648,       3.669715757,    -0.02699305547,      0.1545385079
      -1.899566354,       3.638245733,    -0.02688356273,      0.1550102913
      -1.827360889,       3.713010179,    -0.02674610276,      0.1554517584
      -1.871392841,        3.66649035,    -0.02657890847,      0.1557942019
       -1.87477534,       3.661979028,    -0.02639201306,      0.1561614991
      -1.886290642,        3.65111501,    -0.02617288479,      0.1564123253
       -1.85394733,       3.685450902,    -0.02591975407,      0.1565210595
      -1.875297179,        3.66368257,    -0.02563809551,       0.156531582
      -1.913816917,       3.624299961,    -0.02533048929,      0.1564397021
      -1.886470374,       3.654186193,    -0.02498701941,      0.1563209383
      -1.920015522,       3.620572934,    -0.02461395841,      0.1561658504
      -1.908362534,       3.634411541,    -0.02421316421,      0.1560352538
      -1.935065597,        3.60790845,    -0.02378341224,      0.1559181435
      -1.944817358,       3.599149327,    -0.02332694591,      0.1558041969
      -1.887545886,       3.657411267,    -0.02284063164,      0.1556764984
       -1.90273417,       3.643305494,    -0.02233154029,      0.1555187758
      -1.879041254,        3.66757828,    -0.02179788452,      0.1554223598
       -1.90166911,       3.646257846,    -0.02123518561,      0.1552677511
      -1.956864058,       3.593647638,    -0.02064437178,      0.1550656979
      -1.888347676,       3.661061227,    -0.02002519216,      0.1549600539
      -1.908048463,       3.642708342,    -0.01938136414,      0.1548695043
       -1.92443227,       3.626931991,    -0.01871371047,      0.1547967567
      -1.902953443,       3.649249337,    -0.01801326621,      0.1547027363
      -1.924301342,       3.631063995,    -0.01728707096,      0.1545952048
      -1.948445584,        3.60842199,      -0.016536812,      0.1544618968
      -1.933096216,       3.623521852,    -0.01576913008,      0.1543201024
       -1.95540975,       3.603940627,    -0.01497816544,      0.1541016347
      -1.920103985,       3.637973534,    -0.01416258051,      0.1538749599
      -1.970259883,       3.592095243,    -0.01332513151,      0.1536700426
      -1.908576005,       3.649962488,    -0.01246031638,      0.1534653937
      -1.932836386,       3.627512939,    -0.01156639711,      0.1531943774
      -1.948121276,       3.613330714,    -0.01064640454,      0.1529631866
      -1.900610492,       3.658072491,   -0.009702520221,      0.1527351502
      -1.953500768,       3.609867634,   -0.008738566997,      0.1525045463
      -1.940034098,       3.622962785,   -0.007763246034,      0.1522376777
      -1.967521434,       3.598282933,   -0.006759394142,      0.1519514226
      -1.975882747,       3.590259371,   -0.005739560699,      0.1515521877
      -1.907308064,       3.653299365,   -0.004685498836,      0.1511887688
       -1.92156308,       3.639665029,   -0.003603222217,      0.1507703438
      -1.886225919,       3.672262054,   -0.002497196521,      0.1503038185
      -1.911165453,       3.649029387,   -0.001367356091,      0.1499039705
      -1.916302984,       3.644792537,  -0.0002111199823,      0.1494931323
      -1.925869026,       3.635105867,   0.0009727927867,      0.1491443101
      -1.893501825,       3.665564611,    0.002193967717,      0.1486959423
      -1.938337756,       3.623583642,    0.003447707274,      0.1482784948
      -1.960413709,       3.604465086,    0.004729757696,      0.1477494576
      -1.891287721,       3.667022088,    0.006039734522,      0.1472445331
      -1.906285895,       3.653181844,    0.007384898482,      0.1468597295
      -1.879541651,       3.677078525,    0.008760658671,      0.1465179146
      -1.906720256,       3.651655725,     0.01016447168,      0.1463294125
      -1.878573095,       3.680630003,     0.01160057856,      0.1460632205
      -1.912801041,       3.646485044,     0.01307207113,      0.1456444702
      -1.868959732,       3.689563692,     0.01456640151,      0.1451987133
      -1.913825126,       3.647745833,     0.01608321727,      0.1447542458
       -1.89079273,       3.666677321,     0.01761554567,      0.1443498869
      -1.908184416,       3.654309439,     0.01917138714,      0.1440637862
      -1.917809065,       3.641062801,     0.02076500885,      0.1436282047
      -1.926672831,       3.638010128,     0.02237999589,      0.1431828702
      -1.904580372,       3.652998694,     0.02399952138,      0.1425960211
      -1.880427886,       3.679603353,     0.02563728335,      0.1419246629
      -1.894797076,       3.662481525,     0.02729743111,      0.1412496711
      -1.862971255,       3.695158108,     0.02899180478,      0.1404538948
      -1.889976466,        3.66779329,     0.03070213639,      0.1397432601
      -1.933483627,       3.630430891,     0.03242792093,      0.1390746809
      -1.842953179,       3.711842476,     0.03418391258,      0.1383082573
      -1.876922343,       3.682258358,     0.03594508496,      0.1374141901
      -1.846091246,       3.709274759,     0.03773122194,      0.1366090121
      -1.879654825,        3.67928643,     0.03950890042,      0.1358904207
      -1.903702193,       3.657146893,     0.04128987232,      0.1350403374
      -1.884894928,       3.674806097,     0.04308410638,      0.1342254927
      -1.859270333,       3.698326045,     0.04488957884,      0.1334178952
      -1.885077807,        3.67515628,     0.04672201268,      0.1327876028
      -1.903193747,       3.654888713,     0.04856103695,        0.13221317
      -1.849806612,       3.702539195,     0.05040176896,      0.1316126199
       -1.89786941,       3.658999009,     0.05222794529,      0.1308897105
      -1.889436597,       3.663814301,     0.05405679614,      0.1300598619
      -1.917253881,       3.637932149,     0.05587803716,       0.129191544
      -1.962880443,        3.59601957,     0.05771864343,      0.1284868272
      -1.935654644,       3.618803932,     0.05953242831,      0.1278109753
       -1.87447569,       3.677560459,     0.06135596228,      0.1273080896
      -1.918806537,       3.640300737,     0.06315679835,      0.1266628633
      -1.911972853,       3.644227173,      0.0649717283,      0.1261751665
       -1.90140513,       3.653153829,     0.06677751968,      0.1257064958
      -1.929387954,       3.626792342,     0.06859085255,       0.125248983
      -1.939402986,        3.61890854,     0.07038985365,      0.1247273726
      -1.953395398,       3.605786511,     0.07219415236,      0.1243307945
      -2.006495788,       3.556660266,     0.07396561664,      0.1238990077
      -1.966948579,       3.594434192,      0.0757483596,      0.1235317655
      -1.945855596,       3.613988099,      0.0775130988,       0.123150883
      -1.867222962,       3.686823352,     0.07928646556,      0.1228867861
      -1.916342039,       3.641087331,     0.08101678729,      0.1224825091
      -1.886796909,        3.66826736,     0.08274853994,      0.1221279483
      -1.916922812,       3.640154688,     0.08444469949,      0.1218069548
      -1.912711238,       3.644371797,     0.08614080254,      0.1215837509
      -1.912055223,       3.644109598,     0.08782173372,      0.1213084602
      -1.894264928,       3.660306895,     0.08949196136,      0.1211341469
      -1.942745078,       3.614838473,     0.09115096254,      0.1209584785
      -1.913976097,       3.640206114,     0.09278283495,      0.1208047018
      -1.968295808,         3.5899736,     0.09440238621,      0.1206627792
      -1.947999551,       3.608888828,     0.09599386185,      0.1203644075
      -1.946565053,       3.611365786,     0.09759246436,      0.1201503842
       -1.91346094,        3.64248998,     0.09915470745,      0.1198718796
       -1.93512642,       3.621214206,      0.1007000859,      0.1196197715
      -1.891124397,       3.662226889,      0.1022045657,      0.1192475374
      -1.936862023,       3.619569806,      0.1037205486,      0.1189807656
      -1.969918975,       3.587983297,      0.1051892147,      0.1186276241
      -1.970148034,       3.588678119,      0.1066389454,      0.1182701787
      -1.904252253,        3.65056249,        0.10806799,      0.1178802844
      -1.936180408,        3.62043987,       0.109476616,      0.1174832149
      -1.946048297,       3.609316517,       0.110863543,      0.1170736034
       -1.89581053,        3.65705558,      0.1122251458,      0.1166177633
      -1.919282578,       3.634707526,      0.1135561401,      0.1161587318
      -1.936607353,       3.618780422,      0.1148654379,      0.1157362578
      -1.963246386,       3.593319262,      0.1161689467,      0.1154145803
      -1.990451733,       3.569464314,       0.117462288,      0.1151001188
      -1.980607794,       3.577118884,      0.1187344146,      0.1147487091
      -1.936876961,       3.618703073,      0.1199817369,      0.1143510749
      -1.952528844,       3.603133481,      0.1212110403,      0.1140124679
      -1.896057676,        3.65681306,      0.1223990746,      0.1135784742
      -1.939349819,       3.615343933,      0.1235625744,      0.1132186789
      -1.903726264,       3.648971414,      0.1246968041,       0.112849457
      -1.931588487,       3.622095722,      0.1258063899,      0.1124969262
      -1.887016234,       3.664289676,      0.1268803286,      0.1121189208
      -1.961305582,       3.591885955,      0.1279210977,      0.1117071718
      -1.917738134,       3.635344498,      0.1289325263,       0.111249014
      -1.963478491,       3.589526992,      0.1299153546,       0.110809792
      -1.914499976,       3.634500215,      0.1308645992,      0.1103754492
      -1.980915669,       3.570146957,       0.131773211,      0.1099274788
       -1.96326322,       3.587958325,       0.132649212,      0.1094708484
      -1.959581261,       3.591786961,      0.1334929797,      0.1089907812
        -1.9575497,       3.593981639,      0.1342966689,      0.1085337328
      -1.965134475,       3.584345321,      0.1350614735,      0.1081348982
      -1.894119014,       3.655389602,      0.1357857314,      0.1077350572
      -1.944266294,       3.604834338,      0.1364656407,      0.1072842103
      -1.988868315,       3.559113737,      0.1371143333,      0.1068293667
      -1.999734334,       3.549801865,      0.1377267504,      0.1063727519
      -1.874899566,       3.672061374,      0.1383011752,      0.1058637949
      -1.930761656,       3.617299673,        0.13883325,       0.105318327
      -1.946385873,       3.598551084,      0.1393199015,      0.1047598093
      -1.961600143,       3.585367875,      0.1397588939,      0.1041274057
       -1.89797199,       3.653709995,      0.1401603662,      0.1035289473
      -1.896393688,       3.651128053,      0.1405110987,      0.1028357618
       -1.95608155,       3.592641974,      0.1408025988,      0.1020728429
      -1.944558539,       3.603574856,      0.1410512945,       0.101262181
      -1.965179667,       3.581502757,       0.141253876,       0.100390332
      -1.957950418,       3.593047272,      0.1414142369,     0.09947708466
      -1.958574138,       3.591390749,      0.1415409244,     0.09850285156
      -1.944362405,       3.606847908,       0.141618532,     0.09744494589
      -1.966253515,        3.58234577,       0.141646616,     0.09638899383
      -1.943747246,       3.604155241,      0.1416306235,     0.09526290394
      -1.955096804,       3.591318509,       0.141554672,      0.0940656806
      -1.973769521,       3.570979274,      0.1414247183,     0.09281690266
      -2.034122216,       3.513372039,       0.141246864,     0.09151706583
       -1.98674502,       3.559359235,      0.1410285176,     0.09019772668
      -2.008619602,       3.538423663,      0.1407701449,     0.08882945033
      -1.945247239,       3.600654002,      0.1404664602,     0.08743914283
      -1.998673561,       3.548288596,      0.1401183076,     0.08601024998
       -1.93914037,       3.607887962,      0.1397340083,     0.08456419446
      -1.980844691,       3.567505647,      0.1393045779,     0.08310322073
      -2.017435368,       3.532574708,      0.1388263184,     0.08160617445
      -1.992928818,       3.555713117,      0.1382998364,     0.08008293415
      -1.896638838,       3.649127081,      0.1377047201,     0.07854067617
      -1.952512966,       3.595210659,      0.1370303729,     0.07687480577
      -1.907817583,       3.638730236,      0.1362807086,     0.07511055867
      -1.954438194,        3.59295611,      0.1354606138,      0.0732604948
      -1.985804824,       3.565159964,      0.1345777829,     0.07134160155
      -1.966302164,       3.582097483,      0.1336344169,     0.06938122389
      -1.986760724,       3.563293945,      0.1326320009,     0.06736931367
      -1.979220454,       3.569420764,      0.1315815169,     0.06533443473
      -1.922631994,       3.624181642,      0.1304928011,     0.06327572862
      -1.970451547,       3.578881443,      0.1293629254,     0.06113468288
      -1.919681873,       3.628115748,      0.1281817828,     0.05894631143
      -1.978702211,       3.569607248,      0.1269501613,     0.05668885861
      -1.960681677,       3.588510802,      0.1256754913,     0.05437336658
      -1.978670897,        3.57112118,      0.1243502406,     0.05199357707
      -1.996185552,       3.555090318,      0.1229722272,     0.04958337249
      -2.000902107,       3.550966934,      0.1215393426,     0.04718870973
      -1.934567962,       3.614767656,      0.1200737882,      0.0448370755
      -1.996615033,       3.554446883,      0.1185394529,     0.04244592847
      -1.934745828,       3.614693371,      0.1169031172,     0.03989640747
      -1.955022206,       3.596187422,      0.1152246306,     0.03745018492
      -1.915452365,       3.633878322,      0.1134749817,     0.03500166826
      -2.013866666,       3.537868801,       0.111648128,     0.03251695821
       -1.99328646,       3.557530853,      0.1097378336,      0.0300158025
      -2.007989849,       3.544271509,      0.1077438685,     0.02749716988
      -1.928172161,       3.622328569,      0.1056719556,     0.02493593101
      -1.940909832,       3.608281137,      0.1035332924,     0.02237360385
       -1.89741303,       3.651755786,      0.1013202805,     0.01985118605
      -2.002477576,       3.550150444,     0.09903180797,     0.01737837414
      -1.961130177,       3.589334555,     0.09662782724,     0.01476560763
      -1.985967994,       3.565904265,     0.09417759849,     0.01228136641
      -2.027447467,       3.526273551,       0.091658709,     0.00974631042
      -1.971178995,       3.579605064,     0.08907411263,    0.007227108387
       -1.91510764,       3.634820503,     0.08642757145,    0.004673921211
      -2.006771838,       3.546993147,     0.08371545171,    0.002107254967
      -2.035704644,       3.518634496,      0.0809422588,  -0.0004090056231
      -2.022168283,       3.532624839,     0.07811049627,   -0.002848922059
      -1.979170988,       3.573336457,     0.07521341011,   -0.005299467329
      -2.077893014,       3.480955341,     0.07226362567,   -0.007765777131
      -1.973106019,       3.579539645,     0.06926682465,    -0.01020215078
      -2.024690151,       3.530350812,     0.06622316892,    -0.01257697243
      -1.978650293,       3.574538006,     0.06312726729,    -0.01489137526
      -1.986394322,        3.56628227,     0.05997568063,    -0.01714845209
      -1.931298818,       3.619703396,      0.0567736588,    -0.01937935557
      -1.991365644,       3.561850296,     0.05352332805,    -0.02163800103
      -2.059043976,       3.499919908,     0.05023847072,    -0.02384784358
      -2.016918959,       3.539485672,     0.04691676863,    -0.02609501601
      -1.942638658,       3.610520623,     0.04356424692,    -0.02831372979
      -1.904539668,       3.645351534,     0.04017899426,    -0.03050316119
      -1.895327319,       3.654581853,     0.03676229121,    -0.03260960559
      -1.988074375,       3.566580092,     0.03332111579,    -0.03471334795
      -2.006728217,       3.547196881,     0.02986321206,    -0.03677839016
      -2.011101263,       3.542632638,     0.02638748499,    -0.03875969985
      -2.023290187,        3.53148027,      0.0229061522,     -0.0406657314
      -2.050020486,       3.505430956,     0.01942112769,    -0.04241154458
       -2.02956643,       3.524897133,     0.01593099664,    -0.04404498131
      -2.012249274,       3.542708306,     0.01243263004,    -0.04565367778
      -1.995494061,       3.560818416,    0.008941954298,    -0.04721042601
      -2.025160062,       3.531554814,    0.005464997488,    -0.04873457978
      -1.966474006,       3.587372397,    0.001994442353,    -0.05024522609
      -1.962710942,       3.591290645,   -0.001457337441,    -0.05169861286
      -2.028275235,       3.530098705,   -0.004906020523,    -0.05308895569
      -2.019292824,       3.535239018,   -0.008343734763,    -0.05454708596
      -1.888681494,       3.660053279,     -0.0117565728,    -0.05582911088
       -1.96084788,       3.591339799,    -0.01514837574,    -0.05712479006
      -1.924741209,       3.625729964,    -0.01852158694,    -0.05831649849
      -1.952817899,       3.597443022,    -0.02187338084,     -0.0594990121
      -1.899524036,       3.656442935,    -0.02518885618,    -0.06061586161
       -1.93870792,       3.621973193,     -0.0284823528,    -0.06175333817
      -1.995908562,       3.562659586,    -0.03174749141,    -0.06286270964
      -1.981451317,       3.568591815,    -0.03496340133,    -0.06380763333
      -1.891236902,       3.654275583,    -0.03814715142,    -0.06468211829
      -1.961674868,       3.584458209,    -0.04129899514,    -0.06548580025
      -1.945653583,       3.599580152,    -0.04441883683,    -0.06618810817
      -1.985156285,       3.557170464,    -0.04750417703,    -0.06683817787
      -1.981250213,       3.563327519,    -0.05054870489,    -0.06736628331
      -1.997809962,       3.549879358,    -0.05355311219,    -0.06783482532
      -2.025271142,       3.526339917,    -0.05651618855,    -0.06819970239
      -2.115408764,       3.428227328,    -0.05943012894,    -0.06855009545
      -2.083693909,       3.457322001,    -0.06230160627,    -0.06879362024
      -2.067610624,       3.476934476,    -0.06511768208,    -0.06897982063
      -1.937744385,        3.60829161,    -0.06786402384,    -0.06917052476
      -1.939620213,       3.613792401,    -0.07055971768,    -0.06932518067
      -1.997978722,       3.547411653,    -0.07320230881,    -0.06949763369
      -1.946014375,       3.604676478,    -0.07579724046,    -0.06964640664
       -1.93247575,       3.613793492,    -0.07832929805,    -0.06962775595
      -1.934824196,       3.616361489,    -0.08079384063,    -0.06954937006
      -2.009996979,       3.550460631,    -0.08318633743,    -0.06942965107
      -1.998163084,        3.55070469,    -0.08551497564,     -0.0693092939
      -1.949055889,       3.601560631,    -0.08776293853,    -0.06896387552
      -1.998964643,       3.548849225,    -0.08993364833,    -0.06846404359
      -1.944590359,       3.606869339,    -0.09203575474,    -0.06796194335
      -1.964789082,       3.584705642,    -0.09404060436,    -0.06725957753
      -1.924534215,       3.625420549,    -0.09597432037,    -0.06651084565
      -2.009389809,       3.543452053,     -0.0978469331,    -0.06569075901
      -2.004774419,       3.544829578,    -0.09967616783,    -0.06486653095
      -1.992276585,       3.558300106,     -0.1014228664,    -0.06396432524
      -1.918673206,       3.628224811,     -0.1030924963,    -0.06306010248
      -1.997262843,       3.552897983,      -0.104694604,    -0.06209769681
       -2.05429329,       3.497399833,     -0.1062265909,    -0.06107545847
      -1.968307562,        3.58005221,     -0.1076884366,    -0.06005282515
       -1.95432917,       3.594006206,     -0.1090768473,    -0.05900725081
      -2.030455918,       3.517933333,     -0.1103948585,    -0.05797928117
      -2.029850211,        3.51943907,     -0.1116397756,    -0.05689594421
      -2.028549207,       3.516879888,     -0.1128174999,    -0.05580702923
      -1.942007815,       3.602301609,     -0.1139301712,    -0.05477244316
      -1.971563188,       3.574818105,     -0.1149828714,    -0.05368596615
      -2.008683498,        3.53615246,     -0.1159720491,    -0.05263624332
      -2.055984256,       3.488692717,     -0.1169021974,    -0.05164406748
      -2.083790354,       3.458799371,     -0.1177683309,    -0.05063711709
      -2.032674497,       3.512251694,     -0.1185735538,    -0.04961245343
      -1.950679044,       3.596529117,     -0.1193238246,    -0.04859710066
      -1.994445719,       3.562951402,     -0.1200196145,    -0.04758574215
       -2.03795547,       3.521446971,     -0.1206634435,    -0.04653578684
      -1.982737911,       3.583040063,     -0.1212608882,      -0.045418664
      -1.890857918,       3.662038808,     -0.1218089577,    -0.04429821797
      -1.977422001,       3.585439955,     -0.1223079323,     -0.0431519544
      -1.929853055,       3.629400012,     -0.1227571341,    -0.04197205089
      -1.930908582,       3.631140655,     -0.1231623322,    -0.04075480232
      -1.898469444,       3.656232896,     -0.1235211296,     -0.0395014621
      -2.009569499,       3.553093771,     -0.1238441829,    -0.03830147625
      -2.044449988,       3.519254318,     -0.1241259248,    -0.03706697982
      -2.002529017,       3.559729515,     -0.1243666705,    -0.03579290329
      -1.877238364,       3.677139611,     -0.1245780212,    -0.03457344891
       -1.91040241,       3.644437043,     -0.1247578492,    -0.03332428632
      -1.900845744,       3.652958611,     -0.1249069574,    -0.03207604291
      -2.008116598,         3.5544638,     -0.1250296897,    -0.03084048754
       -1.97361615,       3.590515186,     -0.1251279257,    -0.02967437122
      -1.950057949,       3.616039987,     -0.1251993843,    -0.02854224226
      -1.987508603,       3.575975581,     -0.1252539509,    -0.02747384022
      -1.943514067,       3.615791399,     -0.1252882099,    -0.02639995799
      -1.909384577,       3.646727481,     -0.1253066616,    -0.02532524432
      -1.994916669,       3.569957758,     -0.1253110483,    -0.02427607465
      -2.012715915,       3.553304834,     -0.1253012959,    -0.02327742494
      -1.996812577,       3.569840211,     -0.1252800768,    -0.02229587371
      -1.948928466,       3.614768312,     -0.1252413084,    -0.02128611901
      -1.992829707,       3.575365131,     -0.1251959432,    -0.02028306285
      -1.928981772,       3.633062729,     -0.1251317821,    -0.01925821738
      -1.948491274,       3.615301387,     -0.1250620538,    -0.01833247878
      -1.917673475,       3.642028867,     -0.1249728992,    -0.01738914984
      -1.977154708,       3.587085694,     -0.1248830061,    -0.01653576043
      -1.915554338,       3.644089679,     -0.1247794396,    -0.01566268121
      -1.962960843,        3.60035372,     -0.1246672703,    -0.01481636732
      -1.927903106,       3.635581291,      -0.124537701,    -0.01393110945
      -1.953521216,       3.611014149,      -0.124398925,    -0.01303046834
      -1.968632071,       3.598083779,     -0.1242447412,    -0.01210689593
      -1.944690675,        3.61814134,     -0.1240928194,    -0.01128104987
      -1.900585922,       3.658372667,     -0.1239399602,    -0.01050209682
      -1.915781558,       3.644104154,     -0.1237721009,   -0.009676192961
      -1.876546292,       3.681103331,     -0.1236071902,   -0.008881302247
      -1.922118304,       3.639299827,      -0.123436648,   -0.008099959776
      -1.977882997,       3.589602743,     -0.1232547219,    -0.00731306723
       -1.97270783,       3.592381496,      -0.123063286,   -0.006567319968
      -1.877314002,       3.680171816,     -0.1228673691,   -0.005894557157
      -1.953624745,       3.609732756,     -0.1226612506,    -0.00522953932
      -1.917889874,        3.64219136,     -0.1224429293,   -0.004603524717
      -1.964121867,       3.598866956,      -0.122209111,   -0.003972925659
      -1.918888843,       3.642166427,      -0.121959734,   -0.003381307514
      -1.956486574,       3.606716696,     -0.1216932798,   -0.002807261432
      -1.998667837,       3.569263421,     -0.1214082994,   -0.002250873045
       -1.99297172,       3.573612245,       -0.12109964,   -0.001689907373
      -1.949806537,       3.612690597,     -0.1207710878,   -0.001157968704
      -2.016882248,       3.551955854,     -0.1204219436,  -0.0006631579426
      -2.029507882,       3.540384368,     -0.1200486065,  -0.0002206017656
      -1.987944502,       3.578624058,     -0.1196490138,    0.000180659652
      -1.862029984,       3.694083037,     -0.1192250992,   0.0005698495929
      -1.909789715,        3.64829441,     -0.1187716095,   0.0009727487516
      -1.913679581,       3.645870905,     -0.1182894316,    0.001353227823
      -1.952553517,       3.610225202,     -0.1177775089,    0.001713009327
      -1.916219488,       3.644346964,     -0.1172364862,    0.002070737659
      -1.969897452,       3.594604081,     -0.1166648447,    0.002404728573
      -1.977514095,       3.589294375,     -0.1160706063,    0.002683911062
      -1.981417855,       3.585852166,     -0.1154478133,    0.002960063029
      -1.974948204,        3.59167377,     -0.1147926164,    0.003292248887
      -1.958379663,        3.60490808,     -0.1141041511,    0.003581685803
      -1.966235489,       3.594188511,     -0.1133885762,    0.003855764417
      -1.984914933,       3.581583957,     -0.1126488072,    0.004041872262
       -1.88310653,       3.676300359,     -0.1118758631,    0.004209142313
      -1.946430277,       3.616633602,     -0.1110693256,    0.004360710317
      -1.960567586,       3.594942297,      -0.110226561,    0.004544368337
      -1.969989591,       3.591308858,     -0.1093514759,    0.004706625072
      -1.884160563,         3.6779821,      -0.108441266,    0.004818911242
      -1.968208173,       3.594683379,     -0.1074996979,    0.004887853469
      -2.012921446,       3.561116782,     -0.1065214002,    0.004990550708
      -1.986082725,       3.581137393,      -0.105501418,    0.005130063824
      -1.946488318,       3.610703848,     -0.1044446326,    0.005305660034
      -1.926412532,       3.633032418,     -0.1033545482,    0.005440507226
      -1.905955359,       3.656588591,     -0.1022286093,     0.00560569615
      -1.954306044,       3.607999368,     -0.1010679193,    0.005740289865
      -1.908391955,       3.646882269,    -0.09987299482,    0.005834478505
      -1.971411454,       3.591860041,    -0.09864865338,    0.005916057275
      -1.979426368,       3.588797309,    -0.09739999711,    0.005950393764
      -1.991955416,       3.574737431,    -0.09612524853,    0.005939175688
      -2.025949241,       3.533787063,    -0.09481862296,     0.00588122545
      -1.958685268,        3.60241567,    -0.09348976102,    0.005779314294
      -1.968503097,       3.601928519,    -0.09213132278,    0.005751799309
      -1.986420544,       3.576476521,    -0.09074975902,    0.005667287282
      -1.971138986,       3.595954257,    -0.08935516147,    0.005536838724
      -1.895812531,       3.662835585,    -0.08795462896,     0.00532552826
       -2.00793774,       3.551127697,    -0.08652703849,    0.005160478476
      -1.943377879,       3.616189753,    -0.08507678328,    0.005061656833
      -1.949492384,       3.619465568,    -0.08360704773,    0.005012505583
      -1.939900641,       3.619973374,    -0.08211366811,    0.004999550108
      -1.968320943,       3.598995962,      -0.080602016,     0.00495751239
      -1.969799153,       3.595165465,    -0.07907330921,    0.004890766237
      -1.985961026,       3.572034125,    -0.07752521103,     0.00483853567
      -1.982346458,       3.579089691,    -0.07596026281,    0.004823791269
      -1.978142405,       3.593344548,    -0.07438299671,    0.004792234605
      -1.888609685,       3.667784051,    -0.07279342302,    0.004718069262
      -1.943516308,       3.620059862,     -0.0711936092,    0.004610397833
      -1.952732866,       3.609122104,      -0.069582491,    0.004546616321
      -1.977080668,       3.581029276,    -0.06795958531,    0.004470041323
      -1.921357746,       3.635870258,    -0.06632508634,    0.004399752944
       -1.93768423,       3.628478149,    -0.06469978452,    0.004242850022
      -1.981159722,       3.582704715,    -0.06305791581,    0.004110412327
      -1.991312067,        3.57515292,    -0.06140603555,    0.003930592875
      -1.989010915,       3.577014662,     -0.0597570284,     0.00377261175
      -1.944653776,       3.615120067,    -0.05810205167,    0.003661374488
      -1.917905823,       3.640352482,    -0.05644358549,    0.003610097171
      -1.911950477,        3.65015664,    -0.05478545114,    0.003570373357
      -1.956897236,          3.606229,     -0.0531333192,    0.003446367381
      -1.923237272,       3.631956843,    -0.05147006419,     0.00337798831
      -1.950936942,       3.609904914,    -0.04980396256,    0.003349224385
      -1.883444622,       3.676359199,    -0.04814117997,    0.003268698949
      -1.957911703,       3.603985257,    -0.04646997248,     0.00325370728
      -1.987982925,       3.580310385,    -0.04480989994,    0.003175535267
       -1.98705987,       3.579161806,    -0.04312632902,     0.00316480098
      -1.926379653,       3.630967498,    -0.04145519259,    0.003141137956
       -1.95468751,       3.606905991,    -0.03976770678,    0.003165067614
      -1.907455591,       3.652703815,    -0.03809705825,    0.003109760873
      -1.957550744,         3.6046557,    -0.03642244564,    0.003050898603
      -1.919453208,       3.640501692,    -0.03475299429,    0.003015253209
      -1.953268773,        3.60921276,    -0.03308548315,    0.002986455027
      -1.942626214,       3.620073837,    -0.03142436618,    0.002976781004
      -1.955692768,       3.607399543,    -0.02976717184,    0.002980588699
      -1.898891148,       3.659455592,    -0.02811026962,    0.003013689035
      -1.951906945,       3.610663225,    -0.02645180976,    0.003146480285
      -1.887763945,       3.669675923,    -0.02480995445,    0.003261580266
      -1.922149913,       3.637938277,    -0.02316009839,    0.003421135874
      -1.934648222,       3.627441597,    -0.02152566483,    0.003539506676
      -1.930846903,       3.629859979,    -0.01988531965,    0.003688010274
      -1.967562965,       3.597181459,    -0.01825673255,    0.003795179627
      -1.951529158,       3.611271272,    -0.01662695144,    0.003889979652
      -1.886448481,       3.670787654,    -0.01500943219,    0.003980152498
      -1.934346206,       3.626860894,    -0.01339733157,    0.004095461504
      -1.879255847,       3.677592336,    -0.01180088316,    0.004222969864
      -1.916710074,       3.642780493,    -0.01020961185,    0.004399342635
       -1.95488575,       3.609842321,   -0.008628236851,    0.004592766469
      -1.930455602,       3.630148038,   -0.007053475795,    0.004787700573
      -1.949208337,       3.613885623,   -0.005489423643,    0.005015531766
      -1.958940321,       3.605003995,   -0.003941433408,    0.005247361458
      -1.918655003,       3.641531127,   -0.002397819475,    0.005509163743
      -1.926494032,       3.635778907,  -0.0008725774789,    0.005760691357
      -1.883784086,       3.674614969,   0.0006467395109,    0.006059401914
      -1.871572634,        3.68764056,    0.002150050698,    0.006329719407
      -1.922434449,       3.642463396,    0.003653106843,    0.006641176707
      -1.889339102,       3.669871654,    0.005142579536,     0.00694701537
      -1.960782786,       3.608374615,    0.006630830651,     0.00735280889
      -1.937489865,       3.624052524,     0.00810461645,    0.007803270307
      -1.864689854,       3.694259007,    0.009579219982,    0.008333065836
      -1.931064754,       3.629839996,     0.01103769626,    0.008860635105
      -1.914893823,       3.645136249,     0.01249345371,     0.00942534744
      -1.947307129,       3.614362259,     0.01394319942,    0.009989626121
      -1.987729012,       3.578113395,     0.01539171727,     0.01061586432
      -1.929671073,       3.631215753,     0.01683831517,     0.01127274706
      -1.965080016,        3.59893721,     0.01826636299,     0.01197299361
      -1.956776689,       3.606499414,     0.01968377872,      0.0126876105
      -1.937143389,       3.623490263,     0.02108711951,     0.01339259808
      -1.883076788,       3.674651785,     0.02248749002,     0.01413337339
      -1.942987688,       3.619264893,     0.02389314248,     0.01482187558
      -1.958541509,       3.603832419,     0.02529794139,     0.01541397163
      -1.952321524,       3.610626149,     0.02669440605,     0.01599322128
      -1.922313766,         3.6378508,     0.02808499444,     0.01655057365
      -1.884368747,       3.672877452,     0.02947513104,     0.01707167404
      -1.961265847,       3.602482706,     0.03086166898,     0.01755956143
      -1.990937911,       3.573763683,     0.03225234944,      0.0180478333
      -1.957328089,        3.60533661,     0.03363987284,     0.01857193396
      -1.980827139,       3.584624658,     0.03502986122,     0.01916660595
      -1.891471672,       3.671983757,     0.03643145658,      0.0198137401
      -1.971709453,       3.596591767,     0.03783097406,     0.02053441708
      -1.904681374,       3.658764786,     0.03923601379,     0.02130633109
      -1.926371496,       3.639181149,     0.04064258439,     0.02214545764
      -1.845486063,       3.712190212,     0.04205213619,     0.02302622344
       -1.93653364,       3.631454258,     0.04346773931,      0.0239005564
      -1.915274285,       3.645941242,     0.04488296534,     0.02475996136
       -1.93184108,       3.637073223,     0.04630701422,     0.02566079244
      -1.865125451,       3.692998165,     0.04773595544,     0.02651839312
      -1.856503364,       3.703950334,     0.04916354534,     0.02733061363
      -1.941693404,       3.622854836,     0.05059770693,     0.02812462981
      -1.916350727,       3.648217443,     0.05203680309,     0.02888015183
      -1.931452144,       3.629772527,     0.05348735286,     0.02964305983
      -1.961937622,       3.602891377,     0.05494072896,     0.03037329764
      -1.962365107,       3.601370505,     0.05640628494,     0.03115553274
      -1.949399892,       3.605769266,     0.05787779159,     0.03183149525
       -1.96502292,       3.593086361,      0.0593672892,     0.03247668449
      -1.943370048,       3.610368241,     0.06087524244,     0.03312449193
      -1.975170821,       3.582740629,     0.06239910865,     0.03377196199
      -1.908875559,       3.643831853,     0.06394005138,     0.03443135735
      -1.950266756,       3.606242587,     0.06547766067,     0.03517344354
       -1.92732564,       3.626740633,      0.0670209152,     0.03588917829
      -1.926219441,       3.630042241,     0.06856907914,     0.03657390488
      -1.907209697,       3.646176015,     0.07012648479,     0.03722738066
      -1.889538552,       3.669851015,     0.07169401474,       0.037869798
      -1.911284928,       3.642014557,     0.07326694422,      0.0385240236
      -1.890402059,       3.666256589,     0.07484042987,     0.03913952911
      -1.939351059,       3.613396874,      0.0764171619,     0.03974546438
       -1.92812677,       3.624000423,     0.07799649774,     0.04032119432
      -1.976006008,       3.583223189,     0.07957789719,     0.04087354239
      -1.958393788,       3.600690084,     0.08115759372,     0.04145114361
      -1.896662977,       3.659369485,     0.08274523116,     0.04198515461
       -1.95156959,       3.608272821,     0.08432712467,     0.04254822776
      -1.906215297,       3.651468181,     0.08589864234,      0.0430065682
      -1.865875774,       3.697103089,     0.08746589208,     0.04340560216
      -1.945947276,       3.618586429,     0.08904269677,      0.0437736373
      -1.889816642,       3.670837418,     0.09061094806,     0.04403411603
      -1.892520197,       3.665382074,     0.09217105833,      0.0442284671
      -1.939525155,       3.620277025,     0.09371636736,     0.04437448271
      -1.978095811,       3.575250153,     0.09525438884,     0.04447638699
      -1.985637153,       3.572097734,      0.0967917331,     0.04454427491
      -1.983668419,       3.572685962,     0.09831815137,     0.04461614066
      -1.921038582,       3.631998802,      0.0998227238,     0.04459039025
      -1.966189738,       3.589286896,      0.1013118332,      0.0445417273
      -2.001353788,       3.550901601,      0.1027772239,     0.04444748241
      -1.955744884,       3.597392961,       0.104223667,     0.04435735332
      -2.001175857,        3.55115242,      0.1056469534,     0.04427324465
       -1.95557311,        3.59516377,      0.1070484698,      0.0442366041
      -2.011218311,       3.538067107,      0.1084246606,     0.04421350371
       -1.88674218,       3.668117081,      0.1097578992,     0.04417669738
      -1.983772837,       3.568590188,      0.1110706835,     0.04420245024
      -1.910765586,       3.644339553,      0.1123419851,     0.04416975123
      -1.922590209,       3.632318965,      0.1135769965,     0.04411466243
      -1.943939216,       3.620035456,      0.1147682987,     0.04411272022
      -1.969283844,        3.58856941,      0.1159327477,     0.04406610088
       -1.89138584,       3.662545538,      0.1170525729,     0.04403571473
      -1.960886797,       3.596135229,       0.118139689,     0.04399506466
      -1.928386215,       3.631638002,      0.1191820939,     0.04397528156
      -1.924197071,       3.637983539,      0.1202020046,     0.04396184488
      -1.920936955,       3.639102821,      0.1211795475,     0.04395014482
      -1.876823087,       3.687517231,      0.1221269586,      0.0439210041
      -2.000842156,       3.565120317,      0.1230333362,     0.04391629028
      -1.909846811,       3.656826817,      0.1238939087,     0.04397599009
      -1.854842688,       3.698668413,      0.1247087297,      0.0440265618
      -1.957168764,       3.601126592,      0.1254876708,     0.04399773165
      -1.954454096,       3.599888966,      0.1262155857,     0.04397200133
      -1.984490872,       3.572339842,      0.1269023729,     0.04402049612
      -1.953152543,       3.603562641,      0.1275473061,     0.04405575447
      -1.899829047,       3.648697841,      0.1281524811,     0.04412664062
      -2.005004186,       3.546170492,      0.1287206219,     0.04423197798
      -2.000546509,       3.544558707,      0.1292559001,     0.04440114409
      -1.966069442,       3.584212227,       0.129757195,     0.04458845114
      -2.000386919,       3.554480956,       0.130226119,     0.04480984568
      -1.999525565,        3.55199939,      0.1306608926,     0.04501599143
      -1.944992821,       3.609944665,      0.1310669549,     0.04526008241
      -2.038606281,       3.510354383,      0.1314402289,     0.04551240851
      -1.888499917,       3.662118359,      0.1317766487,     0.04572159947
      -2.018951124,       3.533007348,       0.132071094,     0.04590950789
      -1.891517618,       3.660681595,      0.1323304779,     0.04608538368
      -1.937975535,       3.611141735,      0.1325527678,     0.04622597829
      -1.945911766,       3.607240684,       0.132736389,     0.04637528997
      -1.970942598,       3.578573023,      0.1328831499,     0.04654163717
      -2.008901872,       3.546754361,      0.1329916762,     0.04676802142
      -1.970987467,       3.587939213,      0.1330620953,     0.04701228606
      -1.895450833,        3.66031882,      0.1330978213,     0.04723744836
      -1.986398927,          3.573163,      0.1331001363,     0.04745800396
      -1.908116362,        3.64774947,      0.1330718285,     0.04770765256
      -1.876020186,       3.686256998,      0.1330108116,     0.04798315947
      -1.952761294,       3.608692214,      0.1329158893,      0.0482675087
      -1.935440527,       3.622670475,      0.1327896404,     0.04855179137
         -1.951056,       3.606149856,      0.1326330346,     0.04881953835
      -1.977777872,       3.581106522,      0.1324437489,     0.04902300424
      -1.910133439,       3.641553983,      0.1322244605,     0.04922469535
       -2.01139115,       3.537946933,      0.1319784017,     0.04941631658
      -1.925558771,       3.624679856,      0.1317022929,     0.04965901476
      -1.970792341,       3.580643776,      0.1313982632,      0.0499126823
      -1.972648767,       3.575478163,      0.1310683658,     0.05022307319
      -1.999598542,       3.549164265,      0.1307114996,     0.05055044662
       -2.04411613,       3.508590068,      0.1303288106,     0.05085400216
      -2.063147707,       3.481868707,      0.1299195513,     0.05115635367
      -1.986828622,       3.555446232,      0.1294861852,      0.0514733433
       -2.03252185,       3.515208483,      0.1290293716,      0.0518092607
      -2.000746759,       3.546000665,      0.1285489175,     0.05214859213
      -1.907656104,       3.645497619,      0.1280444454,     0.05247607698
      -2.010359923,       3.538025387,      0.1275171496,     0.05278896554
      -1.938192826,         3.6136031,      0.1269680639,     0.05309462803
      -2.008392018,       3.537543636,      0.1263969385,     0.05340795842
      -1.962108037,       3.591631244,      0.1258042678,     0.05373068003
      -1.997145957,        3.55514277,       0.125190396,     0.05406245443
      -1.988787946,        3.56891442,      0.1245547902,     0.05440103281
      -1.939412031,       3.614614369,      0.1238986385,     0.05474069648
      -1.896860614,       3.652858301,      0.1232228938,     0.05508067298
      -1.981353604,       3.572246801,      0.1225277076,     0.05543176016
      -2.002729312,       3.553061499,      0.1218107475,     0.05577799637
      -1.943481761,        3.61963306,       0.121072601,      0.0561128633
       -1.90837277,       3.642109292,      0.1203126421,     0.05642857699
      -1.856398032,       3.696191932,      0.1195312623,     0.05672596759
       -1.95809592,       3.596379374,      0.1187281703,     0.05700337705
      -2.011267205,       3.544000733,      0.1179037733,     0.05726628259
      -1.977426471,       3.576493717,      0.1170571176,     0.05750124725
      -2.035825404,       3.513048804,      0.1161877499,     0.05769233386
      -1.986321499,       3.560920366,      0.1152963651,      0.0578543035
      -2.042990905,        3.50021629,      0.1143825883,     0.05797801805
      -1.962518954,       3.580002654,      0.1134466274,     0.05809047083
      -1.996227413,       3.545800727,      0.1124901084,     0.05821719231
      -2.036709037,       3.502284684,      0.1115151836,     0.05835255812
       -2.04191843,       3.498692693,       0.110519916,     0.05847191388
      -2.013758497,       3.526532835,      0.1095046832,     0.05858562049
      -1.934125088,       3.605577786,      0.1084689599,     0.05867785101
      -2.028365164,       3.512549386,      0.1074127376,     0.05874039209
      -2.004962649,       3.533259471,       0.106337041,     0.05877934528
      -1.933167153,       3.614272991,      0.1052605389,     0.05888086278
      -2.063519472,       3.482104592,      0.1041678013,     0.05898411285
      -1.958568436,       3.589869103,      0.1030364876,     0.05898638096
      -2.027697381,       3.510385424,      0.1018853603,     0.05896810645
        -1.9797494,        3.56688275,       0.100715648,     0.05893487407
      -1.925444431,       3.618697692,     0.09951382129,     0.05882923584
       -1.94434609,       3.607853359,     0.09828280201,     0.05867113479
      -1.893050379,       3.657054584,     0.09703939915,     0.05853524053
       -1.96045246,       3.590529697,     0.09578845406,     0.05842526578
      -1.982752356,       3.569019366,     0.09451797281,     0.05828174697
      -1.971901018,       3.580372753,     0.09323974165,      0.0581442473
      -1.944835692,       3.614659962,     0.09194815322,     0.05800583679
      -2.004524852,       3.549379125,     0.09064483222,     0.05787971899
      -1.887449145,       3.664794504,      0.0893269598,     0.05775457969
      -1.960865348,       3.591253566,     0.08799603043,     0.05763884839
       -1.90885027,       3.641030371,     0.08665127896,      0.0575396157
      -1.933722997,       3.617417546,      0.0852895493,     0.05740584436
      -1.952054952,       3.593561093,     0.08391642091,     0.05727357911
      -2.011911928,       3.533624935,     0.08253172072,     0.05712638874
      -2.036230258,       3.504297928,     0.08113379323,     0.05696786044
      -2.011477105,       3.530851553,     0.07972278095,     0.05678685805
      -1.951459878,       3.588932192,     0.07829972615,      0.0565937778
      -2.022381923,       3.518224152,     0.07687236557,     0.05643048433
      -1.934119519,       3.605303923,     0.07543309977,     0.05627141853
      -1.988378267,       3.549539384,     0.07398224529,     0.05611859804
      -2.016029401,       3.523560162,     0.07252218577,      0.0559443092
      -2.005833349,       3.531181684,     0.07105148396,     0.05573990031
      -2.115562948,       3.418718861,      0.0695732606,     0.05555046694
      -2.045120542,       3.490320215,     0.06808552083,     0.05537245191
      -1.894553002,       3.645937802,     0.06659153232,     0.05522359974
      -2.003390258,       3.535120235,     0.06509047599,      0.0550727498
      -1.930032697,       3.615268497,     0.06358097501,     0.05491198728
      -1.955803476,       3.587468651,     0.06206716141,     0.05479051967
      -1.947977476,       3.596956011,     0.06054722069,     0.05469252317
      -2.012662307,       3.525340605,     0.05902077995,     0.05460059486
      -2.006535153,         3.5392921,     0.05748729972,     0.05451024627
      -2.014443357,       3.532073378,     0.05594582867,     0.05444168675
      -2.035202935,       3.513238198,     0.05439681716,     0.05436712964
      -2.013518163,       3.537473429,     0.05284277796,     0.05428767961
      -1.988343772,       3.562348282,     0.05128542678,      0.0542030928
        -1.9669455,       3.584318748,     0.04972506316,     0.05412376667
       -2.02169931,       3.536367103,     0.04815959985,     0.05403261573
      -1.976652855,       3.586612551,     0.04658826363,     0.05393656779
      -2.013239783,       3.540922842,     0.04501264396,     0.05384654643
      -1.894317087,        3.65992406,     0.04343385492,     0.05377240014
      -1.926449232,       3.629221581,     0.04185218847,     0.05370752911
      -1.956134568,       3.592757716,     0.04026711396,     0.05364050729
      -1.997089413,       3.554163427,     0.03867930947,     0.05356662567
      -1.987996257,       3.556205676,     0.03709029128,     0.05348219578
      -2.032226218,       3.512908931,     0.03549835618,     0.05339884546
      -1.945330567,         3.5948895,      0.0339063847,     0.05332542772
      -1.967923117,       3.577638991,     0.03231571851,     0.05329579916
      -1.935915402,       3.611507308,     0.03072565695,     0.05329465367
      -2.043845675,       3.499309986,     0.02913591196,      0.0533170911
      -2.092183671,       3.450244687,     0.02754950262,      0.0533676337
      -2.078550675,       3.462221998,     0.02596531931,     0.05343210355
      -1.957788102,       3.582036224,     0.02438420369,     0.05350784003
      -2.038650669,       3.500277766,     0.02280535351,      0.0535837286
      -1.992436903,       3.546714801,     0.02123123016,     0.05364009719
      -2.005119061,       3.534576308,     0.01966104393,     0.05371677686
      -1.972736283,       3.567065183,     0.01809554549,     0.05381412052
      -1.950771782,       3.598253996,     0.01653616905,     0.05392725504
      -2.067806862,        3.47736215,     0.01498402931,     0.05406712611
       -1.98573406,       3.563150764,     0.01343899557,     0.05423525076
      -1.972549053,       3.567128894,     0.01189943287,     0.05445198775
       -1.98772364,       3.559115331,     0.01036687958,     0.05468983227
      -1.918920258,       3.624712119,    0.008841472106,     0.05491044908
      -1.953612946,       3.592251177,    0.007324398416,     0.05513305573
       -1.99425096,       3.556285532,    0.005815458947,     0.05534078421
      -1.999171965,       3.550995176,    0.004314987594,     0.05554370128
      -1.992280612,       3.560054867,    0.002836879987,     0.05580116718
      -1.969651989,       3.582892601,    0.001369034301,     0.05607813551
      -1.866074723,       3.689908127,  -9.082802588e-05,     0.05635277692
       -1.94935597,        3.60599458,   -0.001539140537,     0.05666376664
      -1.880509948,        3.67288606,   -0.002980141883,     0.05701603408
       -1.94133497,       3.609110404,   -0.004413008104,     0.05739794532
      -1.979239809,        3.57433449,   -0.005835848609,     0.05778921636
      -1.961900248,       3.591155336,   -0.007246581737,     0.05817639834
      -1.987306487,       3.562460082,    -0.00864479554,     0.05857041519
      -2.017190161,       3.532204351,    -0.01003170491,     0.05899065733
      -1.973093831,       3.570810651,    -0.01140791252,     0.05944277897
      -2.032353517,       3.514549807,    -0.01277149515,     0.05988528752
      -1.953670257,       3.593591063,     -0.0141237107,     0.06031884792
       -1.99598441,       3.553658201,    -0.01546334812,     0.06072528396
      -1.945844895,       3.598389595,     -0.0167897125,     0.06110752064
      -2.030856019,       3.512000582,    -0.01810340016,      0.0614814493
      -2.097718927,       3.445251453,     -0.0194050388,     0.06187010682
      -2.049398086,        3.49975193,    -0.02069432718,     0.06228028731
      -1.985853164,       3.564918587,    -0.02197067628,     0.06272165218
      -1.945324299,       3.597488785,    -0.02323387259,     0.06319802844
      -1.933018472,       3.608214737,    -0.02448392194,     0.06371076922
      -2.013502025,       3.531896486,    -0.02572105149,     0.06424807626
       -2.06416176,        3.48203016,    -0.02694601543,     0.06479065163
      -1.900966963,       3.651888103,    -0.02815529726,     0.06535551657
        -1.9378191,       3.608489391,    -0.02934943753,     0.06594323956
      -1.939057878,       3.610870488,    -0.03052946322,     0.06656664171
       -1.99371302,       3.551422705,    -0.03169662472,     0.06721055708
       -1.94555713,       3.606688976,    -0.03285135895,     0.06788426369
      -1.953152054,       3.598917412,    -0.03398977362,     0.06859672164
      -2.081742614,        3.47362207,    -0.03511192723,     0.06930414121
      -2.026348859,          3.525989,    -0.03621816594,     0.06997735099
      -2.043932767,       3.510063931,    -0.03730781637,     0.07066782285
       -1.95966383,       3.593244458,    -0.03838065089,      0.0713352165
       -1.97354911,       3.585360917,    -0.03943975784,     0.07200057555
      -1.915787473,       3.638875446,    -0.04048484705,     0.07262530271
      -1.959535784,       3.592836361,    -0.04153892283,     0.07320950646
      -2.021568804,       3.542789273,    -0.04257355974,     0.07377954843
      -2.017949007,       3.538001288,    -0.04358976616,     0.07438089029
      -1.957308696,       3.593251131,    -0.04458701274,     0.07502096033
      -1.984220136,       3.569821389,    -0.04554214305,     0.07581506265
      -1.986904459,       3.567175909,    -0.04649756453,     0.07656701429
      -1.990285754,       3.563785657,    -0.04745846634,     0.07726970129
      -1.931812192,       3.617620456,    -0.04839215893,      0.0779913168
      -1.995342012,       3.557317486,    -0.04931304866,     0.07866834658
      -1.969157019,       3.580276819,    -0.05020494746,     0.07933928608
      -2.027591062,        3.52172743,    -0.05109471799,     0.07992458853
      -1.945936833,       3.599673024,    -0.05195280265,     0.08056194745
      -2.011038735,       3.533632926,    -0.05280593137,     0.08113346551
      -1.979423305,       3.565913309,     -0.0536274936,     0.08170663367
      -2.053060126,       3.491926011,     -0.0544490912,     0.08218496185
      -2.075597336,       3.468028408,    -0.05523429967,     0.08267934547
       -2.09569676,       3.447257556,    -0.05601222312,      0.0831177103
      -2.055833648,       3.489284021,     -0.0567646661,     0.08353307959
      -2.168927403,       3.375312652,    -0.05751011229,       0.083849986
      -2.045206736,       3.506617375,    -0.05821328998,     0.08420088047
      -2.059056909,       3.490954197,    -0.05890103578,     0.08450718261
       -1.85342817,       3.695735029,    -0.05957847567,     0.08476602945
      -1.941578963,       3.606535612,    -0.06021764862,     0.08506791512
      -1.926313745,       3.622700705,    -0.06084923771,     0.08531401419
      -2.027576767,       3.516941644,    -0.06144178832,     0.08561133082
      -1.956198917,       3.586645217,    -0.06202661702,     0.08585288667
      -2.030723663,       3.515144877,    -0.06257687854,     0.08612025088
