    "rms[Rho]"    ,    "rms[RhoE]"   ,       "CD"       ,       "CL"       
      -2.491268599,       2.991577025,     0.09104519708,     0.03229836895
     -0.4725179842,       5.030167921,       0.137369521,     0.05566623875
     -0.5281459742,       4.960424347,      0.1745050452,     0.07361454825
     -0.5467962123,       4.922847278,      0.2031228503,     0.08490128149
      -0.557006199,       4.899755566,      0.2242161292,     0.09274251895
     -0.5765015275,       4.870870517,       0.238675635,     0.09943713008
     -0.6280855805,       4.813281392,      0.2485953177,      0.1034969541
     -0.6758852868,       4.761034422,       0.254606695,      0.1063671633
     -0.7121775391,       4.723379658,      0.2571496381,      0.1084622628
     -0.7443415017,       4.691824871,      0.2571649911,      0.1083789585
     -0.7659091766,       4.673563625,      0.2554927915,      0.1067182419
       -0.77902838,       4.665386067,      0.2526774325,      0.1048403956
     -0.7847953242,       4.664757734,      0.2494599162,       0.102488657
      -0.786200757,         4.6670682,      0.2457995466,      0.1002361418
     -0.7885377953,       4.666083635,      0.2417788798,     0.09780949498
     -0.7927130393,       4.662548255,      0.2376356201,     0.09483279818
     -0.7994934595,       4.655097852,      0.2333357126,     0.09206841118
      -0.807885074,       4.645645543,      0.2287402151,     0.09171904088
     -0.8174523572,       4.635323353,      0.2244273862,     0.09084012411
      -0.827672002,       4.623820807,      0.2200707226,     0.09019298844
     -0.8355527824,       4.614952619,      0.2161662947,      0.0887194389
     -0.8433169456,       4.606792546,      0.2124303554,     0.08745408346
     -0.8492397459,       4.600429771,       0.209037895,     0.08604492991
     -0.8537321165,        4.59640974,      0.2058361855,     0.08532228385
     -0.8590766615,       4.590846731,      0.2028839376,     0.08428851273
     -0.8647456345,       4.585237276,       0.200135093,     0.08316201728
     -0.8706938389,       4.578996945,      0.1973590569,     0.08323700621
     -0.8760176854,       4.574027998,      0.1946464535,     0.08311416704
     -0.8824045258,        4.56640702,      0.1920027099,     0.08261266395
     -0.8875264783,       4.560904845,      0.1895404328,     0.08212125011
     -0.8927369922,       4.554769341,      0.1870923161,     0.08203505642
     -0.8979139942,       4.549344282,      0.1847116418,     0.08154252145
      -0.902940879,       4.543604665,      0.1824538831,     0.08055828522
     -0.9084075199,       4.537913191,      0.1801817809,     0.07998311147
     -0.9129949591,       4.532558334,      0.1780312752,     0.07897726918
     -0.9169187179,       4.529041206,      0.1758458869,     0.07835836604
      -0.922479973,       4.522606425,      0.1737302763,     0.07771256453
     -0.9272982009,        4.51777606,      0.1715792125,     0.07707145648
     -0.9316804312,       4.512645638,      0.1696040424,     0.07593187452
     -0.9358181125,       4.508566836,      0.1676722356,      0.0744219508
     -0.9407249562,       4.502798319,       0.165799678,     0.07326112904
     -0.9440996317,       4.500150792,      0.1639380207,     0.07222608531
     -0.9486832848,       4.494640513,      0.1621655434,     0.07092303334
     -0.9529505689,       4.490451186,      0.1604286449,     0.06972649677
     -0.9579487613,       4.483691017,      0.1587503996,     0.06855891967
     -0.9633887493,       4.477807063,      0.1571056518,     0.06755709048
     -0.9663516039,        4.47448337,      0.1554923141,     0.06631151989
     -0.9693747798,       4.471905117,      0.1539092907,     0.06526113055
     -0.9722811281,        4.46900775,      0.1524405804,     0.06395685355
     -0.9768885205,       4.463485647,      0.1509325207,     0.06309902427
     -0.9802891779,       4.459512812,      0.1495092252,     0.06184257466
     -0.9830466122,       4.456676836,      0.1480635672,     0.06090326566
     -0.9865249509,       4.452693188,       0.146679033,     0.06004251036
     -0.9893485723,       4.449847898,      0.1452751681,     0.05927348478
     -0.9934184233,       4.444609544,      0.1438878359,     0.05858631787
     -0.9973966564,       4.440215431,      0.1425939402,     0.05753962266
     -0.9995701356,       4.439288262,      0.1413148099,     0.05656904732
      -1.003266636,       4.435607053,      0.1400825044,     0.05587937455
      -1.008739252,       4.428823759,      0.1389116373,     0.05500099446
      -1.015557999,       4.420717965,      0.1377622197,     0.05396416032
      -1.021722314,       4.413419976,      0.1366270663,     0.05279432818
      -1.027061379,       4.407680712,      0.1355176422,     0.05189811954
      -1.031528564,       4.402718273,      0.1344636354,     0.05089819818
      -1.036040829,       4.397364221,      0.1334411108,     0.04998685791
      -1.038209056,       4.396263328,      0.1324182198,     0.04894248345
      -1.039377219,       4.396438074,      0.1314359411,     0.04791415855
      -1.043698684,       4.390460193,      0.1304686069,     0.04691550405
      -1.045445934,        4.38964415,      0.1295219582,     0.04578785488
      -1.044918927,       4.392111578,      0.1285814057,     0.04470359919
      -1.049587673,       4.385681642,      0.1276927076,     0.04353832495
      -1.053038638,       4.381341714,      0.1267906806,     0.04275404181
      -1.057964296,       4.374807618,      0.1259351959,     0.04196485358
      -1.061019179,       4.371512015,      0.1250814993,     0.04104338012
      -1.064814101,       4.367175927,      0.1242350972,     0.04020141677
       -1.06679664,       4.365713203,      0.1233933032,     0.03946468769
      -1.071371849,       4.359925054,      0.1225531292,     0.03866072871
      -1.074786276,       4.356542298,      0.1217270925,     0.03798962653
      -1.078552605,       4.352335813,      0.1209153495,     0.03722747569
      -1.082511272,       4.347788079,      0.1201060009,     0.03645827273
      -1.085760442,       4.344434276,      0.1192933882,     0.03564175199
       -1.08723224,       4.344159899,      0.1184801965,     0.03489424625
      -1.090177439,       4.341320931,      0.1176590626,      0.0344755852
      -1.093097066,       4.338343697,      0.1168569837,     0.03401830833
      -1.099248949,       4.330322019,      0.1160601423,     0.03358575652
      -1.103028338,       4.326073112,      0.1152642254,     0.03323322179
      -1.106295916,       4.322607458,      0.1144885433,     0.03283522837
      -1.109924142,       4.318602004,      0.1137441648,     0.03230613768
      -1.113019019,       4.315411242,      0.1130056108,     0.03177310914
      -1.116139303,       4.312139666,      0.1122690771,     0.03121007262
       -1.11928987,       4.309052581,      0.1115326891,     0.03058001955
      -1.122708099,       4.305298018,      0.1107977611,     0.02991041165
       -1.12619264,       4.301641861,      0.1100649535,     0.02934013967
      -1.129264389,       4.298717753,      0.1093382608,     0.02879080281
      -1.129388654,       4.300529813,      0.1086205202,     0.02830948937
      -1.132050966,       4.297940502,      0.1079043033,     0.02785943194
      -1.131882206,       4.300110867,      0.1071962401,     0.02751885061
      -1.133097889,       4.299717653,      0.1064863031,     0.02723943817
      -1.137839152,       4.293836607,      0.1057633217,     0.02708336298
      -1.137029383,       4.296251949,      0.1050395072,     0.02696651624
      -1.137867026,        4.29580076,      0.1043184905,     0.02677027274
      -1.141012872,       4.292511581,      0.1035751823,      0.0265823923
      -1.144327709,       4.288290889,      0.1028229946,     0.02650233172
      -1.146860958,       4.285358919,      0.1020758655,     0.02639331396
      -1.147128594,       4.286073307,      0.1013171559,     0.02623402519
      -1.147179383,       4.286510556,      0.1005443271,     0.02614121947
       -1.14999554,       4.283306293,     0.09977223174,     0.02614285125
      -1.154509341,       4.277214336,     0.09899130336,      0.0263601193
      -1.151724628,       4.283650074,     0.09823867105,      0.0265534065
      -1.156228025,       4.277790928,     0.09748766356,     0.02678411175
      -1.159640966,       4.274012084,     0.09678464936,     0.02684797872
      -1.166810815,       4.263897977,     0.09608229673,     0.02700083599
      -1.169163302,       4.261658843,     0.09537916269,      0.0271522477
      -1.169014056,       4.263933039,      0.0946584191,     0.02742993723
      -1.172165619,       4.260454584,     0.09394072437,     0.02765648064
      -1.173639698,       4.258892537,     0.09322447337,     0.02787737627
      -1.177155856,       4.254749685,     0.09249046929,     0.02824931275
      -1.178058627,       4.254772468,     0.09174445422,     0.02872231619
      -1.182646842,       4.248880659,      0.0909824327,     0.02929258142
      -1.182656481,       4.249799669,     0.09023711095,     0.02973237894
      -1.186435505,       4.245110716,     0.08948625698,     0.03018021276
      -1.185782691,       4.248138266,      0.0887253371,      0.0306222465
      -1.186893049,       4.247959659,     0.08795594263,     0.03106782604
      -1.190370805,       4.243886511,     0.08718120561,     0.03152356942
      -1.195213632,       4.237080303,     0.08640034857,     0.03201215908
      -1.194387756,       4.240201825,     0.08561113759,     0.03256635031
       -1.19398869,       4.242087449,     0.08482441938,     0.03310672497
      -1.196707328,       4.239141366,     0.08403753949,     0.03367771466
      -1.198345698,       4.238206784,     0.08324866119,     0.03428200847
      -1.200811469,       4.235708898,     0.08244875204,     0.03491277153
       -1.20378032,        4.23301364,     0.08164030951,     0.03556068705
      -1.202979671,        4.23571649,     0.08083970884,     0.03623490675
      -1.201167518,       4.239926387,     0.08004898153,     0.03695213044
      -1.208034437,       4.231055932,     0.07926533789,     0.03757924201
      -1.208105178,        4.23195363,     0.07849275157,     0.03817664149
      -1.212930739,       4.226230954,      0.0777275664,     0.03867763431
      -1.217747432,       4.220425908,     0.07695406724,      0.0392149161
      -1.220659674,       4.217584878,     0.07619502333,      0.0397102093
      -1.222537993,       4.216708386,     0.07544866012,     0.04013600618
      -1.226362114,       4.212154431,     0.07470044544,     0.04056882868
      -1.228962321,       4.209937375,     0.07395711548,     0.04105311273
      -1.229516846,       4.210275591,     0.07323012867,     0.04150497576
        -1.2348032,       4.203405806,     0.07254511169,     0.04184362559
      -1.237734042,       4.199697927,     0.07182986127,     0.04244934792
      -1.236447974,       4.202959934,     0.07117292413,     0.04286016053
       -1.23746678,       4.202326243,     0.07050655928,     0.04326181553
      -1.240126818,       4.199507615,     0.06985299882,      0.0437171073
      -1.243113265,       4.195776937,     0.06922326772,     0.04406081807
      -1.245173809,       4.194020367,     0.06856112689,     0.04466913691
      -1.247243903,       4.192683766,      0.0678858101,     0.04544496789
      -1.244121925,       4.199051696,     0.06726296075,     0.04592294198
      -1.247463937,       4.194851925,     0.06656837982,     0.04677142093
      -1.252631475,       4.188446995,     0.06596620858,     0.04729854995
       -1.25344651,       4.188304854,     0.06541323214,       0.047729165
      -1.257015902,       4.184005583,      0.0647959213,     0.04868920148
      -1.256785871,       4.185713089,     0.06421948953,     0.04956503889
      -1.255264646,       4.189668445,     0.06368772994,     0.05023623519
      -1.256005264,       4.189840779,     0.06318770683,     0.05081446363
       -1.26023893,       4.185121928,     0.06269363109,     0.05146979145
      -1.259860734,        4.18640133,     0.06222121559,     0.05205038882
       -1.26856462,       4.175049482,     0.06179711012,      0.0524701799
       -1.27094239,       4.172610888,     0.06136352385,     0.05303156585
      -1.274470722,       4.168753306,     0.06095872271,     0.05349623212
      -1.277034075,       4.165737464,     0.06055847366,      0.0540448279
      -1.281924616,       4.159803335,     0.06018070582,     0.05456626339
      -1.283184892,       4.159692817,     0.05984865399,     0.05495334617
       -1.28219819,       4.163226467,     0.05950469352,     0.05551711242
      -1.282921875,       4.163312913,     0.05914318504,     0.05625249358
      -1.288336885,       4.156316712,     0.05875888924,     0.05721411012
      -1.291668341,       4.153182041,     0.05840103224,     0.05817764209
      -1.291890463,       4.154209063,     0.05810868413,     0.05891634292
      -1.291411398,       4.156668145,     0.05780002321,     0.05982675801
      -1.297186994,       4.148951281,     0.05749441373,     0.06076538818
      -1.299902435,       4.146615566,     0.05718418031,     0.06165873394
      -1.296165052,       4.153629243,     0.05689655567,     0.06254722774
      -1.293090364,       4.159882186,     0.05663478525,     0.06328334886
      -1.295490575,       4.157514997,     0.05637507655,     0.06399772263
      -1.299137305,       4.153115049,      0.0561122679,     0.06465160519
      -1.304007635,       4.147319012,     0.05584805061,     0.06533587104
       -1.30679383,       4.144240476,     0.05560438369,     0.06589863922
      -1.311971926,       4.137529114,      0.0553804931,     0.06639984221
      -1.311837044,       4.138635077,      0.0551442173,     0.06696654651
      -1.318417279,       4.129893116,     0.05490174399,     0.06760813904
       -1.32041475,       4.127365656,     0.05466698571,     0.06827448382
      -1.327431208,       4.117772649,      0.0544346205,     0.06893873601
      -1.331144542,       4.113229873,     0.05419802134,      0.0696165379
      -1.328001817,       4.119804044,     0.05397518122,     0.07019378452
      -1.324054729,        4.12736167,     0.05374046793,      0.0708149571
      -1.331065521,       4.116655228,     0.05351899567,     0.07134356271
      -1.335513497,        4.11121501,     0.05330188659,       0.071796383
      -1.340349529,        4.10454049,     0.05306738516,     0.07227190187
      -1.343758944,       4.100422459,     0.05283156421,     0.07276918698
      -1.345755435,       4.098166513,     0.05258290937,     0.07317248472
      -1.349988341,       4.093120219,     0.05232356701,     0.07349851463
      -1.352238803,       4.090849918,     0.05204640535,     0.07388230476
      -1.353801239,       4.089850322,     0.05176446728,     0.07419614432
      -1.343650857,       4.106684661,     0.05148237094,     0.07441676946
      -1.350015069,       4.098129949,     0.05118217072,     0.07452363904
      -1.356308713,       4.089401202,     0.05085536792,     0.07457116407
      -1.357906821,       4.088027874,     0.05052309512,     0.07453314238
      -1.362592723,       4.082287424,     0.05013575498,     0.07465811137
      -1.366323928,       4.077975344,     0.04974571989,     0.07461704524
      -1.353764223,       4.099056517,     0.04932818179,     0.07461035239
      -1.352732547,       4.101957363,     0.04888041077,     0.07468944325
      -1.364882574,       4.085072329,     0.04839151814,      0.0747617908
      -1.361038453,       4.091693126,     0.04786630648,     0.07495242753
      -1.365625306,       4.086111787,     0.04730238749,     0.07501100421
      -1.367728947,        4.08354075,     0.04669818798,     0.07508118495
      -1.368619231,       4.082922828,     0.04603433162,     0.07485913489
      -1.374252829,       4.075137036,     0.04533571646,     0.07456693962
      -1.370778566,        4.08156972,     0.04457284273,     0.07418968421
      -1.375391694,       4.075043327,     0.04372602541,     0.07383371121
       -1.36986729,       4.084376003,     0.04281757671,     0.07344232611
      -1.373638253,       4.079318549,     0.04182533421,     0.07310364426
       -1.37811424,        4.07395492,     0.04075560612,     0.07272908044
      -1.384899505,       4.064574317,     0.03957719275,     0.07236484346
      -1.384836262,       4.066151358,     0.03831822545,     0.07172714924
       -1.38944233,       4.059698011,     0.03695630867,     0.07119241935
      -1.387830205,       4.063886791,     0.03547811427,     0.07072321272
      -1.390804633,       4.060871564,     0.03389520868,     0.07015852699
      -1.388472193,       4.065151785,     0.03221768229,     0.06943927681
      -1.397293298,        4.05284287,     0.03040652839,       0.068871236
      -1.397930969,       4.053587123,     0.02848733187,     0.06829390968
      -1.400011638,       4.052395636,     0.02641738306,     0.06774105983
      -1.400298798,       4.052828101,      0.0242132497,     0.06704203501
      -1.406148997,       4.044135197,     0.02188325159,     0.06630190396
      -1.411049625,       4.036985924,     0.01941588575,     0.06551884881
      -1.411318739,       4.037443665,      0.0167881916,     0.06465076474
       -1.40526274,       4.047516779,      0.0139863715,     0.06378625176
      -1.410149848,       4.040932785,     0.01103544959,     0.06293644265
      -1.412095007,       4.038154227,    0.007921049562,     0.06198574339
      -1.414488691,       4.035215373,    0.004668343798,      0.0610609758
      -1.417260152,       4.032155418,    0.001283888526,     0.06029909142
      -1.422102016,       4.025175369,   -0.002216769424,     0.05956072808
      -1.420961689,       4.028704796,   -0.005859968372,     0.05873718422
      -1.414409569,       4.038832361,   -0.009693853551,     0.05782359733
      -1.426288645,       4.021675679,     -0.0136268494,     0.05700724238
      -1.425160313,       4.024266976,    -0.01767738537,     0.05625308573
      -1.418993854,       4.034671068,    -0.02185311012,     0.05559633193
      -1.428013467,       4.022055405,    -0.02613413723,     0.05484748408
      -1.424952547,         4.0276708,    -0.03052729376,     0.05419080882
      -1.432936351,       4.015786516,    -0.03502938512,     0.05358812861
      -1.431549489,       4.018023097,    -0.03962646505,     0.05293079528
      -1.432090795,       4.018691378,    -0.04429579386,      0.0524139234
      -1.430663153,       4.022644651,    -0.04898023775,     0.05193947495
      -1.437912289,       4.012146567,    -0.05366771737,     0.05140773787
      -1.441302765,       4.006631251,    -0.05839841046,     0.05097120922
      -1.450601278,       3.993503853,    -0.06317451403,     0.05045998244
      -1.445203707,        4.00248951,    -0.06799450212,     0.04992995015
      -1.450956347,        3.99399998,    -0.07284628978,      0.0493399139
      -1.450712291,       3.995177406,    -0.07772588774,     0.04876211859
      -1.444173941,       4.004625258,    -0.08262283804,     0.04826293765
      -1.454287332,         3.9897524,    -0.08751676778,     0.04770657017
      -1.455716505,       3.990315792,      -0.092391176,     0.04726106365
      -1.452291439,       3.995918804,    -0.09725821703,     0.04689622881
      -1.458022053,       3.987505439,     -0.1020665025,     0.04650862423
      -1.454748242,       3.993451692,      -0.106844986,      0.0461915696
      -1.461289537,       3.984092082,     -0.1115851174,      0.0460378481
      -1.468288688,       3.973441117,     -0.1162208721,     0.04582751252
      -1.473869206,       3.965078017,     -0.1207677926,      0.0457682776
      -1.468590964,       3.973558722,     -0.1252115576,     0.04575962082
      -1.473733932,       3.965525138,     -0.1295380754,     0.04574948672
      -1.470108681,       3.972847844,     -0.1337591586,     0.04577258477
      -1.468846816,       3.976082564,     -0.1378507311,     0.04573132624
      -1.477790175,       3.961524489,     -0.1418530581,     0.04567891125
      -1.486216184,       3.948356325,      -0.145666538,     0.04563726869
      -1.487046917,        3.94789906,     -0.1492968023,     0.04576496349
      -1.490423442,       3.942748818,     -0.1527385817,     0.04594893822
      -1.489648585,       3.944515842,     -0.1559450783,     0.04628120774
      -1.491532951,       3.942447132,     -0.1589413085,     0.04661531382
      -1.489823145,       3.946165012,     -0.1617360298,     0.04709719163
      -1.492368027,       3.942914873,     -0.1643023195,      0.0475302077
      -1.496331614,       3.936639228,     -0.1666194711,     0.04811348587
      -1.500409658,       3.931490207,     -0.1686811691,     0.04863938852
      -1.497529151,       3.938193385,     -0.1704854184,     0.04923951304
      -1.498348545,       3.936668941,     -0.1720193402,     0.04968057425
      -1.505351389,       3.922707749,     -0.1732978339,     0.05013389737
      -1.513600535,       3.911236857,     -0.1743122161,      0.0506608571
       -1.51760548,       3.905299737,     -0.1750855168,     0.05133086639
      -1.517922005,       3.906510856,     -0.1755849072,     0.05200401107
      -1.509891059,       3.921874002,     -0.1758522199,     0.05289126791
      -1.518573952,       3.907741507,     -0.1758347445,      0.0535557926
      -1.524925612,       3.898486187,     -0.1755720825,     0.05431993225
      -1.527512452,       3.895068803,     -0.1750532601,       0.054978394
      -1.528735526,       3.894369503,     -0.1743040011,     0.05559812404
      -1.534038217,        3.88599547,     -0.1732960089,      0.0562049751
       -1.53743347,       3.880472135,     -0.1720660942,     0.05684498684
      -1.542723154,        3.87288146,     -0.1705832278,     0.05735424402
      -1.544477666,        3.87149566,     -0.1688772903,      0.0578745317
       -1.54248046,       3.877262825,     -0.1669404374,     0.05839662712
      -1.542816773,       3.878661198,     -0.1647746716,     0.05879933807
      -1.547676676,       3.871758451,     -0.1623927063,     0.05899358849
      -1.549734076,       3.869913971,      -0.159806388,     0.05913354308
      -1.556393604,       3.860155893,     -0.1570102415,     0.05918360889
        -1.5595709,        3.85481001,      -0.154021654,     0.05921188455
      -1.562022455,       3.853353716,     -0.1508294805,      0.0591565287
      -1.561124308,       3.856860508,     -0.1474587716,     0.05918844508
      -1.569727514,       3.842497004,     -0.1439122741,     0.05910092639
      -1.569799018,       3.842615588,     -0.1401909719,     0.05904053994
      -1.573012075,       3.839879164,     -0.1362997964,     0.05884996057
      -1.573130866,       3.841718039,     -0.1322513606,     0.05874900116
      -1.581898366,       3.827193464,     -0.1280357941,     0.05850791262
      -1.582420154,       3.827401382,     -0.1236855357,     0.05836383442
       -1.58414221,       3.826371161,     -0.1191931633,     0.05822902406
      -1.584070558,       3.828188905,     -0.1145442665,     0.05812743782
      -1.592526654,       3.813447527,     -0.1097289773,      0.0577572562
      -1.592513695,       3.814086724,     -0.1047912687,     0.05731882142
       -1.58023868,       3.832140035,    -0.09972356283,     0.05691004048
      -1.579208324,       3.835425785,    -0.09451788573,     0.05632919155
      -1.592614387,       3.814106687,    -0.08916814722,     0.05566978284
      -1.600249753,        3.80715461,    -0.08370790949,     0.05509041311
      -1.605245258,       3.799327945,    -0.07812526309,      0.0542746166
      -1.605357347,       3.801464286,    -0.07244318704,       0.053412333
      -1.615551142,       3.783056227,    -0.06666354773,     0.05270417468
      -1.616223392,       3.782981076,    -0.06077532838,     0.05220600541
      -1.619338043,       3.779644535,    -0.05476092627,     0.05164206427
      -1.619090982,       3.781830365,    -0.04863935139,     0.05118823338
      -1.628955067,       3.763364899,    -0.04242204073,     0.05082151396
      -1.626945148,       3.767483769,     -0.0361500461,      0.0510429792
      -1.631717063,       3.762812566,     -0.0298259864,      0.0516708311
      -1.631831512,       3.764770076,    -0.02341836368,     0.05225878443
      -1.641483667,       3.745882039,    -0.01694935982,     0.05264986286
      -1.637958055,       3.754512417,    -0.01041131073,     0.05327310931
        -1.6433412,       3.747071339,   -0.003837418355,     0.05421843277
      -1.642366931,       3.750225452,     0.00280893196,     0.05510163299
      -1.654946187,        3.72652531,      0.0094893669,     0.05613357907
      -1.654471926,       3.728665929,     0.01626660663,     0.05701748707
      -1.654828295,        3.73201257,     0.02303561935,     0.05810239857
      -1.655675696,       3.731244788,      0.0298625966,     0.05892963989
      -1.667665282,       3.708438106,      0.0367115635,     0.05929667217
      -1.655834137,       3.734643661,     0.04357803446,     0.05997790548
      -1.663696721,       3.721567419,     0.05045703039,     0.06041215635
      -1.666573749,       3.715841094,       0.057323426,     0.06101898189
      -1.675300362,       3.698465396,     0.06419850944,     0.06182529589
       -1.66928383,       3.712724777,     0.07107957301,     0.06267959735
      -1.660494089,       3.727967372,     0.07803361132,     0.06320420276
      -1.672005124,       3.710173551,      0.0849183258,      0.0644957563
      -1.673554858,       3.702597786,     0.09185776732,     0.06547697827
      -1.666134998,       3.723267009,     0.09877130695,     0.06669684121
      -1.672009192,       3.713915976,      0.1057377675,     0.06801785775
      -1.684780876,        3.68770624,      0.1126669122,     0.06922269208
      -1.694401752,       3.668876062,      0.1196473951,     0.07025106979
       -1.69075468,       3.679912686,       0.126621156,     0.07150687932
      -1.692144447,       3.680541927,      0.1335651547,     0.07281473841
      -1.687463492,         3.6928577,      0.1404829231,     0.07442847494
      -1.698712738,       3.670215326,      0.1473594314,     0.07630716295
      -1.698919454,       3.672736574,      0.1542826509,      0.0782762407
      -1.700373907,       3.670459518,      0.1612232371,     0.08039158037
      -1.707452167,       3.657336056,      0.1681743731,     0.08258141135
      -1.704772476,       3.665430109,      0.1751845741,     0.08482375461
      -1.690416257,       3.697878949,      0.1822369199,     0.08665078485
      -1.698713277,         3.6833715,      0.1892837126,     0.08863849251
      -1.700904068,       3.678935483,      0.1963061669,     0.09022907198
      -1.713755252,       3.654145662,      0.2032900159,     0.09125273102
      -1.710065866,       3.662760749,      0.2102661173,     0.09209507147
       -1.71147203,       3.663717629,      0.2171176851,     0.09327676379
       -1.71118767,       3.664490038,      0.2239576778,     0.09417174694
      -1.713294206,       3.662098457,      0.2307254044,     0.09539223964
      -1.711571875,       3.668930611,      0.2374240033,     0.09649932535
      -1.713883714,       3.664473241,      0.2440713584,     0.09780051348
      -1.723775742,       3.643835822,      0.2506395372,      0.0988262497
      -1.709986672,       3.675220594,      0.2570097677,      0.1004084436
      -1.714594434,       3.667303913,      0.2632398446,      0.1016677567
      -1.713126541,       3.671862189,      0.2692972704,      0.1036996112
      -1.723341972,       3.650976033,      0.2751682174,      0.1055246929
      -1.728213254,       3.640971031,      0.2808469811,      0.1078875725
      -1.716781859,       3.666411824,      0.2862717902,      0.1101680054
      -1.722123963,        3.65744729,      0.2914163144,       0.112445376
      -1.722111418,       3.658461276,      0.2962889064,      0.1150157305
      -1.727855532,       3.646367505,      0.3009182381,      0.1175172682
      -1.732349056,       3.636668481,      0.3052633895,      0.1201997425
      -1.737055455,       3.627186853,      0.3093144974,      0.1231100067
      -1.731607268,       3.641168568,      0.3130264254,      0.1262307906
       -1.72107901,       3.665626872,      0.3163873713,      0.1294491204
       -1.72075001,       3.666185242,      0.3194219752,      0.1329394311
      -1.728347536,       3.651926504,      0.3221002516,      0.1367203148
       -1.73001595,       3.649186525,      0.3243773694,      0.1407081464
      -1.741667442,       3.623389047,      0.3262721277,      0.1450124934
      -1.726533195,       3.656990074,      0.3278039946,      0.1495548429
      -1.731341448,        3.64874172,      0.3289540241,      0.1541930875
       -1.73007552,        3.65173391,      0.3296763095,      0.1588392861
      -1.737907383,       3.633993526,      0.3299951516,       0.163238128
      -1.739863381,       3.628575637,      0.3298984444,       0.167401205
      -1.725428871,       3.658738097,      0.3294195337,      0.1716328904
      -1.730127559,       3.649779499,      0.3285127384,      0.1758713861
      -1.728712766,        3.65292738,      0.3271759316,      0.1805859031
      -1.732095128,       3.644843887,      0.3254006798,      0.1853093578
      -1.738933193,       3.628583149,      0.3232055266,      0.1900186743
      -1.747219941,       3.608933294,      0.3205129991,      0.1948089639
      -1.746783374,       3.609591346,       0.317359126,      0.1990760849
      -1.722873363,       3.662136269,      0.3135556848,      0.2030119904
      -1.723735319,       3.660694914,      0.3090429471,      0.2069020234
       -1.73565986,       3.633438255,      0.3038322828,      0.2103672771
      -1.742001755,       3.618003048,      0.2977023244,      0.2126221484
      -1.743833578,       3.612450809,      0.2904907218,      0.2138383304
      -1.720193631,       3.664579738,      0.2820011946,       0.214469557
      -1.720957072,       3.663295286,      0.2723091111,      0.2137058661
      -1.731849114,       3.637523939,      0.2613060207,      0.2107659231
      -1.739359257,        3.62020331,      0.2486810565,      0.2069652291
      -1.739933181,       3.618611903,      0.2344634402,      0.2003393244
      -1.717083272,        3.66924785,      0.2185730937,      0.1911124648
      -1.720095407,       3.663639134,      0.2011018467,      0.1811363126
       -1.73000575,       3.641353271,      0.1825590612,      0.1698111455
      -1.739201245,        3.61964655,      0.1629831318,      0.1567024837
      -1.739410073,        3.61843991,      0.1423718574,      0.1436355059
      -1.720151087,       3.661561089,      0.1207502165,      0.1288097789
      -1.723330032,       3.655348129,     0.09841902421,      0.1139418109
      -1.722924788,       3.656123845,      0.0754755676,     0.09972271144
      -1.730126725,       3.640036347,     0.05216726836,     0.08583496144
      -1.731666441,       3.635562562,     0.02857604616,     0.07139539806
      -1.719028997,       3.662930186,    0.004818831394,     0.05676520815
      -1.722420509,       3.655789524,    -0.01888326123,      0.0431495894
      -1.718683341,       3.662289988,    -0.04234019076,     0.03096845707
      -1.722473021,       3.654115215,    -0.06497669782,     0.01814713163
      -1.728717473,       3.636504429,    -0.08682288946,    0.006192265329
      -1.734458343,       3.624873547,     -0.1079393252,   -0.003873078025
      -1.733493694,       3.623610617,     -0.1282640623,    -0.01344628019
      -1.719205288,       3.656984203,     -0.1477155318,    -0.02096847948
      -1.722227746,       3.650893183,     -0.1654941936,    -0.02653145829
      -1.719491467,       3.654582283,     -0.1820712256,    -0.03144193657
       -1.71853168,       3.657590423,     -0.1976265251,    -0.03417007077
      -1.724142176,       3.642889751,     -0.2117322056,    -0.03431587694
      -1.720204139,        3.65364549,     -0.2245855768,    -0.03362664636
      -1.728392632,       3.633767617,      -0.236334393,    -0.03223933013
      -1.718299734,       3.656399077,     -0.2467611971,    -0.02823370988
      -1.720093286,       3.649466113,     -0.2557958615,     -0.0234797801
       -1.71531047,       3.663893799,     -0.2636893417,    -0.01803147252
      -1.713203344,       3.664801576,     -0.2707621409,    -0.01001933765
      -1.726498024,       3.639255472,     -0.2765539695,    -0.00156843395
      -1.719221005,        3.65445303,     -0.2811776957,    0.005802206961
      -1.708516448,       3.675061058,      -0.285138343,     0.01361206502
       -1.71602275,       3.660558837,     -0.2882510504,     0.02226021269
      -1.727825527,       3.637484564,     -0.2907108503,     0.03251708179
      -1.717631941,       3.656945547,     -0.2922388646,     0.04281696294
      -1.706172908,       3.684976173,     -0.2931616668,     0.05332465736
      -1.712024667,       3.669718752,     -0.2933020637,     0.06317368019
      -1.718581248,       3.660489424,     -0.2931682165,     0.07312188771
      -1.721632678,       3.656074975,     -0.2926482995,     0.08346903138
      -1.706297135,       3.687985575,     -0.2917325468,      0.0920775626
      -1.708750588,       3.678326593,     -0.2904934602,      0.1012012093
      -1.710344571,       3.675690456,       -0.28898121,      0.1098861259
      -1.701904346,       3.703251133,     -0.2872375018,      0.1188168182
      -1.709487913,       3.681646143,     -0.2852771981,      0.1269051105
      -1.721249466,       3.655157409,       -0.28334572,      0.1356579293
       -1.70661067,       3.686546698,     -0.2810041068,      0.1434085176
      -1.711063777,       3.677433206,     -0.2786886052,      0.1515819408
      -1.709737526,       3.682816662,     -0.2763728857,       0.159054722
      -1.718477923,       3.665656346,     -0.2740328213,      0.1662266885
       -1.71937736,       3.665653151,     -0.2717179192,      0.1731745124
      -1.723577342,       3.657911358,     -0.2694259412,      0.1795806753
      -1.723235077,       3.660741066,     -0.2672092507,      0.1851779643
      -1.719228836,       3.670086108,     -0.2650674358,      0.1904367179
      -1.718873208,       3.672932013,     -0.2630303863,      0.1958062542
      -1.721985048,       3.667277485,     -0.2611633922,      0.2004364651
      -1.722613577,       3.667964135,     -0.2594255638,      0.2049295552
      -1.722345729,       3.668543973,     -0.2577884269,      0.2091279522
      -1.721501184,        3.67235489,     -0.2562312761,      0.2132728353
      -1.714290011,       3.687451489,     -0.2548140661,       0.217892753
      -1.716414488,       3.685650096,     -0.2534463786,       0.222844405
      -1.726121706,        3.66682513,     -0.2521056007,      0.2280502477
      -1.727132015,       3.666482761,     -0.2508678645,      0.2328039501
      -1.718758213,       3.684255336,      -0.249780596,      0.2373848143
      -1.716082961,       3.691941281,     -0.2488030136,      0.2416600758
       -1.72616713,       3.672477757,     -0.2479084236,      0.2458916923
      -1.720813738,       3.684438928,     -0.2471327224,      0.2497206794
      -1.719793787,       3.687351136,     -0.2464583297,      0.2536909687
      -1.719032485,       3.691546251,     -0.2458963618,      0.2571928337
       -1.73094262,       3.668803055,     -0.2454544199,      0.2607104202
      -1.734088466,        3.66432212,     -0.2451150722,      0.2637092888
      -1.728218634,       3.676958795,     -0.2448694187,      0.2669705623
      -1.727046435,       3.681802921,     -0.2446643021,      0.2703416238
      -1.735544053,       3.665775616,     -0.2445475184,      0.2735220345
      -1.739115718,       3.660519033,     -0.2445387217,      0.2762993084
      -1.729628728,       3.679190962,     -0.2446182684,       0.278916326
      -1.727564601,       3.685296104,     -0.2447841067,      0.2815264699
      -1.737387967,       3.667268758,     -0.2450417882,      0.2840195485
      -1.740241199,       3.663987682,     -0.2454049802,      0.2861670203
      -1.734725759,       3.675580347,     -0.2458327558,      0.2881907087
      -1.732175647,       3.682564601,     -0.2463281457,      0.2901215417
      -1.731129662,       3.685120336,     -0.2468827002,      0.2920032347
       -1.73525733,       3.680060287,     -0.2475032567,      0.2940217782
      -1.742430832,        3.66640618,     -0.2482107531,      0.2961524479
      -1.740963813,       3.670893442,     -0.2489890987,      0.2983525288
      -1.737354763,       3.678618826,     -0.2498316632,      0.3004462219
      -1.736292176,        3.68302202,     -0.2507261033,      0.3024349184
       -1.74868884,        3.66018845,     -0.2516503137,      0.3042381001
      -1.750057983,       3.659277551,     -0.2526208065,      0.3063467876
      -1.743730882,       3.672162191,     -0.2536295894,       0.308031326
      -1.742830517,       3.676244177,     -0.2547133257,      0.3097045721
      -1.753211992,       3.657145383,     -0.2558593906,      0.3110432011
      -1.751136154,       3.662469067,     -0.2570793238,      0.3125600032
      -1.747104072,       3.670863579,     -0.2583520021,      0.3137803056
      -1.746625613,       3.674068956,     -0.2597227842,      0.3146085007
      -1.758265485,       3.652336271,     -0.2611382108,      0.3152065884
      -1.759684909,       3.650404516,     -0.2626063196,      0.3157822569
      -1.759424759,       3.651949033,      -0.264105263,      0.3163186333
      -1.752967301,        3.66626279,     -0.2656728393,      0.3174238406
      -1.762589711,       3.648968036,     -0.2673083826,      0.3186266524
      -1.741089829,        3.68791617,     -0.2689868646,       0.320058295
      -1.742354382,       3.686845958,     -0.2707187033,      0.3215876054
      -1.740337902,       3.691700255,     -0.2725029189,      0.3232507618
      -1.760219795,       3.657460837,     -0.2743115309,      0.3247465261
      -1.761385257,       3.656180797,     -0.2761249197,      0.3259562589
      -1.758095088,       3.663600472,      -0.277948175,      0.3271122568
      -1.756384346,       3.667885993,     -0.2798026913,      0.3283006331
      -1.764207991,       3.654255011,     -0.2816877611,      0.3292769486
      -1.766515432,       3.650737191,     -0.2836257941,      0.3303814545
      -1.752849627,       3.676235571,      -0.285572584,      0.3312115455
      -1.749143554,       3.683289897,     -0.2875464518,      0.3321430486
      -1.763364942,       3.658826432,     -0.2895126752,      0.3326885364
      -1.767241414,       3.652256712,     -0.2914763326,      0.3332272617
      -1.765271553,       3.656875544,     -0.2934115247,      0.3335421906
      -1.754699239,       3.675698894,     -0.2953535234,      0.3337246153
      -1.749962719,       3.684397392,     -0.2973004289,      0.3337814515
      -1.751868398,        3.68165588,     -0.2992184477,      0.3338246477
      -1.768889968,        3.65199866,     -0.3011578479,      0.3338996953
      -1.773902438,       3.643768128,     -0.3030247707,      0.3338192789
      -1.759550763,       3.669473835,     -0.3048233369,      0.3335670577
      -1.743479546,       3.696676345,     -0.3065364921,       0.332984697
      -1.762174991,       3.664552795,     -0.3082120343,       0.332239706
      -1.766174266,       3.657776233,     -0.3098131987,      0.3312357909
      -1.748265968,       3.688274499,     -0.3113105644,      0.3298985905
      -1.743994379,       3.696169198,     -0.3127107534,      0.3286132129
      -1.743770218,       3.695460517,     -0.3140651788,      0.3269967703
      -1.744984036,       3.693558759,     -0.3153350099,      0.3250664389
      -1.733033657,       3.712450545,     -0.3164831734,      0.3225990186
      -1.734120513,       3.711605344,     -0.3175339277,      0.3198640792
      -1.744633873,       3.693775553,     -0.3184320149,       0.316953545
      -1.737066652,       3.706105226,     -0.3192468482,      0.3141252591
      -1.738086525,       3.704159168,     -0.3199731386,      0.3113032781
      -1.735018997,       3.709646557,      -0.320582764,      0.3082171367
      -1.763412333,       3.661666934,     -0.3211132455,       0.305188476
      -1.761776454,       3.664461784,      -0.321545439,       0.302129722
      -1.738484603,       3.702952159,     -0.3218519029,      0.2989896954
      -1.717065074,       3.735700379,     -0.3220424371,      0.2958897473
      -1.715063967,       3.738206905,     -0.3221591846,      0.2928761736
      -1.716291347,       3.735954295,     -0.3221922924,      0.2902058568
      -1.733138194,       3.709025916,     -0.3221175602,      0.2877284304
      -1.733435391,       3.707605189,     -0.3219126849,       0.285674479
      -1.724118388,       3.722070821,     -0.3215694773,      0.2835394535
      -1.719763931,       3.728944081,      -0.321170914,      0.2817711151
      -1.716924166,       3.732872906,     -0.3206166796,      0.2798410957
      -1.719209132,       3.728700725,     -0.3199460035,      0.2779143899
      -1.732404681,       3.706822484,      -0.319191384,      0.2764502785
      -1.719668184,       3.726114383,     -0.3183383236,      0.2751221659
      -1.719991339,       3.725318133,     -0.3173611071,       0.273855308
      -1.724520077,       3.718319439,      -0.316405818,      0.2732242661
       -1.73758457,       3.696237298,     -0.3152841629,      0.2726425693
       -1.72613039,        3.70824965,     -0.3140994301,      0.2723207581
      -1.735397899,       3.697907067,     -0.3128298644,      0.2721413892
      -1.717831394,       3.727206283,     -0.3114381124,      0.2721358729
      -1.676940173,       3.781112868,     -0.3098326186,      0.2716150974
      -1.692843918,        3.76312096,     -0.3081417518,      0.2714769821
      -1.699558844,       3.752076752,     -0.3063883759,      0.2713634743
      -1.722178083,       3.716883368,     -0.3044808897,      0.2711200157
      -1.684619463,       3.760484737,     -0.3024706699,      0.2706848886
      -1.677287374,       3.783567932,     -0.3003282058,      0.2702307922
      -1.692599386,       3.760786664,     -0.2980541066,      0.2691411832
        -1.6983882,       3.751844517,     -0.2956851963,      0.2675994339
      -1.708093836,       3.736629487,     -0.2932127366,      0.2660728641
      -1.700980709,       3.742014338,     -0.2905529592,       0.263873623
      -1.708917399,       3.733121114,     -0.2878552592,      0.2620954087
       -1.69451178,       3.756414358,     -0.2851101207,      0.2600846804
      -1.704923613,       3.740952607,     -0.2822767083,      0.2583381397
        -1.7134877,       3.726943696,     -0.2793245363,      0.2565967962
      -1.721098891,       3.713937266,     -0.2762349221,      0.2545259612
      -1.709081956,       3.733900179,     -0.2731435206,      0.2521576659
      -1.696194332,        3.75333029,     -0.2698695444,      0.2497243624
      -1.692308875,       3.759952585,     -0.2664731449,      0.2459729606
      -1.697900856,       3.749441078,     -0.2628656489,      0.2417019121
      -1.707710092,       3.733982632,     -0.2591763161,      0.2378528935
      -1.727248887,       3.702277676,     -0.2553483027,      0.2332472981
      -1.706997541,       3.735086194,     -0.2515925769,      0.2293353477
      -1.692886218,       3.757204709,     -0.2476350931,      0.2248487966
      -1.692723371,       3.758028538,      -0.243668452,      0.2208096349
      -1.698477996,        3.74793018,     -0.2396873528,      0.2174039213
      -1.712977978,       3.725452113,     -0.2354960903,      0.2133562731
      -1.710227015,       3.730188093,     -0.2311551728,      0.2088610379
      -1.703258984,       3.743173987,     -0.2267947474,      0.2050050325
      -1.705348675,       3.740102908,     -0.2224458543,      0.2012815224
      -1.694128122,       3.758210134,     -0.2179876941,      0.1971136374
      -1.696400517,       3.754222278,     -0.2134160249,      0.1929764766
      -1.689029937,       3.765658476,     -0.2088912882,      0.1887800883
      -1.695615521,       3.757036549,     -0.2043426955,      0.1841602277
      -1.693404014,        3.76223284,     -0.1997631018,       0.179486438
      -1.710328671,       3.736502887,     -0.1951895167,      0.1747929947
      -1.714289623,       3.731518887,     -0.1905202731,      0.1697142307
      -1.712023899,        3.73614374,     -0.1858570123,       0.164678389
      -1.702190744,       3.753978693,     -0.1811256838,      0.1596727764
      -1.712338585,        3.73894637,     -0.1763811563,      0.1547384572
      -1.713327703,        3.73960809,     -0.1715945066,      0.1494768521
      -1.706018107,       3.752430091,     -0.1667121344,      0.1443031988
      -1.683440064,        3.78742684,     -0.1617925371,      0.1391958945
      -1.700658334,       3.762655217,     -0.1568886074,       0.134526064
      -1.697389029,        3.76950281,     -0.1519396042,       0.129432086
      -1.712843755,       3.748866994,     -0.1469198328,      0.1246245746
      -1.706821895,        3.76029122,     -0.1419054872,      0.1195520796
      -1.703049612,       3.766513841,      -0.136827633,      0.1147397948
      -1.709187043,       3.759814758,     -0.1317283395,      0.1101644313
      -1.706271175,       3.764241253,     -0.1265823142,      0.1056015299
      -1.716523488,       3.751785264,     -0.1213778376,      0.1010930254
      -1.728979077,       3.736495837,      -0.116166035,     0.09687434584
      -1.720239506,       3.751309204,       -0.11093046,     0.09321537882
      -1.717511189,       3.754680382,     -0.1056497678,     0.08963297849
      -1.700575765,       3.778826704,      -0.100284582,     0.08610242413
      -1.701117914,       3.778831158,    -0.09490919386,      0.0825297874
      -1.698149022,       3.784930958,    -0.08945217066,     0.07945221998
      -1.729658286,       3.743347651,    -0.08400675445,     0.07650171256
      -1.733082177,        3.74007441,    -0.07851612206,     0.07356747665
      -1.727366523,       3.748305384,    -0.07295173029,     0.07032842372
      -1.714534852,       3.767572481,    -0.06736768553,     0.06761374374
      -1.711546649,       3.770160285,    -0.06173745903,     0.06503215136
       -1.72906186,       3.747908307,    -0.05605238495,     0.06298652593
      -1.720006897,       3.761354666,    -0.05041621107,     0.06060666467
      -1.699932733,       3.788879964,    -0.04477114454,      0.0586899525
      -1.719985414,       3.761997728,    -0.03910190871,     0.05697314423
      -1.702693404,       3.785343885,    -0.03344392715,     0.05531639653
      -1.719854863,        3.76413917,    -0.02773455727,     0.05324345858
      -1.731388227,       3.750317605,    -0.02198126983,     0.05097232309
      -1.727695039,       3.754100364,      -0.016310338,     0.04929761039
        -1.7301724,       3.751415314,    -0.01057869586,     0.04746833707
        -1.7399564,       3.737709826,   -0.004891065262,      0.0459980615
      -1.726023446,       3.758395353,   0.0007726651184,     0.04503610389
       -1.73952876,       3.741092065,    0.006467621998,     0.04348731585
      -1.728315421,       3.757338466,     0.01202760436,     0.04312495658
      -1.712853049,       3.777238948,     0.01758604838,     0.04232508401
      -1.724077829,       3.762030044,     0.02316242195,      0.0413677223
      -1.718840069,       3.768388856,     0.02858135005,     0.04114033583
      -1.703727123,        3.78935963,     0.03401721097,     0.04114908994
      -1.715984603,       3.774719175,      0.0394171912,      0.0410284665
      -1.700329886,       3.795032605,      0.0447147791,     0.04098067219
      -1.714006314,       3.778045499,     0.04998186239,     0.04036966097
      -1.713388121,       3.778869287,     0.05522803247,     0.03963733755
      -1.713868132,       3.779972366,     0.06039229092,     0.03912672121
      -1.731293823,       3.757917957,     0.06550104521,     0.03879882828
      -1.714616715,       3.779985426,     0.07057822694,     0.03855996486
      -1.702372214,       3.796341538,     0.07558413082,     0.03829751209
      -1.718356146,        3.78001182,     0.08055601319,      0.0379272733
      -1.714275366,       3.784317482,     0.08552618972,     0.03777613937
      -1.718588609,       3.780713628,     0.09040969899,     0.03755190116
      -1.716753411,       3.784419767,      0.0952630754,      0.0375712598
       -1.70748156,       3.794586721,      0.1000558855,     0.03754203704
      -1.725930948,       3.773240768,      0.1047934228,     0.03746403214
      -1.729434257,       3.768022188,      0.1094952178,     0.03750215713
      -1.712896998,       3.788751893,      0.1141818001,     0.03737039684
      -1.723935846,       3.776195686,      0.1188107827,     0.03741442445
      -1.725043989,       3.773498091,      0.1233987442,     0.03732688629
      -1.704039956,       3.805809253,      0.1279104433,     0.03742464835
      -1.714545989,        3.78847116,      0.1324069458,     0.03734453722
      -1.713700336,       3.786924784,      0.1368681557,     0.03740934655
      -1.700219838,       3.803863478,      0.1412850468,     0.03762896389
      -1.712087882,       3.789733917,      0.1456667602,     0.03801802288
      -1.711325437,       3.791645834,      0.1500061939,     0.03815381229
      -1.715319677,       3.786427248,      0.1543339961,     0.03858727008
      -1.720922201,       3.780344148,      0.1586151336,     0.03896338307
      -1.737195811,       3.759970183,      0.1628464356,     0.03936504069
      -1.714258097,       3.788733232,      0.1670467882,     0.03959835118
      -1.718204518,       3.784163314,       0.171217315,     0.03982442282
      -1.708281497,       3.797619311,       0.175338027,      0.0400700605
      -1.698290059,       3.809091875,       0.179405818,     0.04022521385
      -1.708306105,       3.796607753,      0.1833955678,     0.04023464027
      -1.714373923,       3.788338241,      0.1873644301,     0.04055146934
      -1.710685469,       3.793884042,      0.1912631245,     0.04086643296
      -1.717174737,       3.785993636,      0.1951287138,     0.04079851631
      -1.699492318,        3.80749905,      0.1989665363,     0.04078031831
      -1.715254058,       3.788291267,      0.2027424427,     0.04091792497
      -1.711135874,       3.792868382,       0.206455467,      0.0407523255
      -1.702715613,       3.801610044,      0.2101308569,     0.04051454531
      -1.704001285,       3.801145919,      0.2137275214,     0.04023527567
      -1.711145245,        3.79175818,      0.2172540493,     0.03961540989
      -1.710228193,       3.793175006,      0.2207150724,     0.03896850323
      -1.718842575,       3.782097256,      0.2241583875,      0.0382042942
      -1.703712568,       3.800022009,      0.2275077247,      0.0372753431
      -1.694965694,       3.809177536,       0.230808855,     0.03627717791
      -1.678247326,       3.829070017,      0.2340179908,     0.03512671573
      -1.670634475,       3.836901196,      0.2371401125,     0.03385936371
       -1.68108063,       3.824856433,      0.2401965364,     0.03221808449
       -1.69081464,       3.812355972,        0.24314397,     0.03095134168
      -1.689350753,       3.813805625,      0.2459900906,     0.02952238825
      -1.701090234,       3.798066454,      0.2487725335,     0.02810999119
      -1.671902898,       3.833065725,      0.2514515239,     0.02684757722
      -1.671323209,       3.833068157,      0.2540446553,     0.02541532962
      -1.670825193,       3.833176613,      0.2565196833,     0.02391363067
      -1.685074549,       3.815901569,      0.2589131341,     0.02245631846
      -1.690727828,       3.809061461,      0.2612229225,     0.02093788488
      -1.692590952,       3.805824501,      0.2634419002,      0.0194524521
       -1.66821603,       3.835752379,      0.2655929342,     0.01790839379
      -1.649006287,       3.857746176,      0.2676882256,     0.01643043611
      -1.647718518,       3.859039667,      0.2697122111,     0.01494024624
      -1.656712208,       3.847653612,       0.271694723,     0.01345666582
      -1.663109598,       3.839521757,      0.2736085189,     0.01231865236
      -1.689134931,       3.807324087,      0.2754743867,     0.01117232439
      -1.662168445,       3.840534037,      0.2772865327,     0.01026426742
      -1.657317017,       3.845797627,      0.2790898867,    0.009186293883
      -1.664961215,       3.836835284,      0.2808707815,    0.008276705289
      -1.668534374,       3.831768977,      0.2826874199,    0.006904287986
      -1.668948476,       3.831371784,        0.28452154,    0.005622880259
      -1.674481287,       3.823912884,      0.2863337796,    0.004754962791
      -1.647392866,       3.863052524,      0.2881733199,    0.004126701406
      -1.638446597,       3.870548474,      0.2900485118,    0.003448703961
      -1.639801224,       3.870244255,      0.2919056707,    0.003181371637
      -1.648487648,       3.858230852,      0.2938313982,     0.00312441462
      -1.654473099,       3.852145757,      0.2957976381,    0.003022241037
      -1.656360996,       3.848572791,      0.2978240143,     0.00311704102
      -1.632252923,       3.877939303,      0.2999035849,    0.003319664332
      -1.647222289,       3.859467737,      0.3021013894,    0.003302307717
      -1.647072719,       3.860434304,      0.3043231245,     0.00359570872
      -1.642563474,       3.864270352,      0.3067086012,    0.003724242755
      -1.658913232,       3.845765051,      0.3091167776,    0.004326396816
      -1.670514494,       3.830095907,       0.311651429,    0.004759861177
      -1.660593663,       3.843001639,      0.3142722181,    0.005321785303
      -1.658026903,        3.84497907,      0.3169487614,    0.006074366007
      -1.651519846,       3.853719568,      0.3197681954,    0.007146923922
      -1.646743038,       3.857089515,      0.3226996328,    0.008167404497
      -1.649626349,       3.854255595,      0.3257421403,    0.009032644843
      -1.654886398,       3.844253834,      0.3288932497,     0.01009107021
      -1.653907008,       3.847682701,      0.3321815547,      0.0108192974
      -1.663396497,       3.833689263,      0.3355736459,     0.01150369357
      -1.659458868,       3.838342853,      0.3391041838,     0.01211263323
      -1.673938643,       3.819230093,      0.3427371145,     0.01284444827
      -1.680178621,       3.810431064,      0.3464808624,     0.01374419768
      -1.691004924,       3.795817312,      0.3503779422,     0.01425148727
      -1.683261164,       3.806184297,      0.3543468057,     0.01474068497
      -1.663746467,       3.830063542,      0.3583443174,      0.0151651423
      -1.652357266,       3.843801373,      0.3624080707,     0.01547631041
      -1.673855493,       3.815995889,      0.3664120955,     0.01629514324
      -1.672708773,       3.816988417,      0.3704659795,     0.01668354889
      -1.680957012,       3.805591228,      0.3744534913,     0.01694605324
      -1.680233362,       3.806737878,      0.3784190194,     0.01688992277
      -1.681751837,       3.804342486,      0.3823012772,     0.01674911275
      -1.680740019,       3.805641547,      0.3860693938,     0.01666075663
      -1.687436715,       3.795663235,      0.3897406109,     0.01635146892
      -1.689530539,       3.792483613,       0.393244559,     0.01585370013
      -1.686056266,       3.796652209,      0.3965445213,     0.01525324471
      -1.655153146,       3.836591525,      0.3996741018,     0.01450620274
      -1.654742217,       3.835960232,      0.4026357277,     0.01344463195
      -1.662689873,       3.826007995,      0.4053157551,      0.0124293063
      -1.677949094,        3.80546708,      0.4077009816,     0.01134490006
       -1.66692424,       3.818876124,      0.4098237873,     0.01016884744
      -1.676833506,       3.805089024,      0.4116621001,    0.008793546275
      -1.680737059,       3.799784348,      0.4132428963,    0.007238074413
      -1.668542804,       3.815049347,      0.4144527453,    0.006062040815
      -1.669683531,       3.814000643,      0.4153723901,    0.004600421287
      -1.672255618,       3.808718707,      0.4159941678,    0.003135083785
      -1.656094683,       3.829158767,      0.4163180928,    0.001469246475
      -1.672058433,       3.808091062,      0.4162844139,  -0.0001141880486
      -1.649020368,       3.838728018,      0.4158844188,   -0.001624716547
      -1.666506836,       3.815261602,      0.4151603636,   -0.003332472945
      -1.675592012,        3.80289428,      0.4141193507,   -0.004740607328
      -1.671877296,       3.807468409,      0.4127064885,   -0.006017722509
      -1.661520849,       3.820668927,      0.4109806405,   -0.007281466242
      -1.665865444,       3.814228774,      0.4089483051,   -0.008756303682
       -1.65501701,       3.828206524,      0.4065855031,    -0.01028925099
      -1.645729946,       3.840192237,      0.4039127968,    -0.01198887041
      -1.649621653,       3.835684486,      0.4009689971,    -0.01365018179
      -1.668876281,       3.809320035,      0.3977317417,    -0.01537896521
      -1.673953457,       3.801964994,      0.3942507805,    -0.01720241341
      -1.684543575,       3.787622548,      0.3905008937,    -0.01893907372
      -1.665829378,        3.81336189,       0.386503428,    -0.02075388354
        -1.6745948,       3.801155481,      0.3822978604,    -0.02258323463
      -1.663510669,       3.816571222,      0.3778851718,    -0.02481849809
      -1.674054312,       3.801435254,      0.3732553331,    -0.02729426344
        -1.6807861,       3.791334952,      0.3684415886,    -0.02974738872
       -1.68438026,       3.786531547,      0.3634623959,    -0.03194859472
      -1.683032505,       3.787986301,      0.3583305557,    -0.03414307331
         -1.681249,       3.791268313,      0.3530683458,     -0.0364551915
      -1.676215806,       3.798798279,      0.3476738021,    -0.03866027393
      -1.677740099,       3.796755791,      0.3421568207,    -0.04098352377
      -1.659540444,       3.820946645,      0.3365552817,    -0.04322576234
      -1.653588315,       3.828547341,      0.3308756666,    -0.04578410333
      -1.658417261,        3.82341527,      0.3251065905,    -0.04805089142
      -1.672800451,        3.80352816,      0.3192446227,    -0.05023623307
      -1.671540294,       3.804819622,      0.3133387026,    -0.05260057103
      -1.680305599,        3.79290768,      0.3073709852,    -0.05482064556
       -1.68158996,       3.792150522,      0.3013042149,     -0.0568350645
      -1.690765295,       3.778269211,      0.2952135965,    -0.05878676161
      -1.682889683,       3.791503072,      0.2890707148,    -0.06053205328
       -1.68567211,       3.787872156,      0.2828647646,      -0.062173318
      -1.683382826,       3.790682997,      0.2766110022,    -0.06363476246
        -1.6884075,       3.784115481,      0.2703735561,    -0.06507853098
      -1.691516428,        3.78026572,       0.264071925,     -0.0661598437
      -1.690564909,       3.781781329,      0.2577999883,    -0.06721636068
       -1.68943022,       3.783555287,      0.2515816589,    -0.06826102029
      -1.676102184,       3.801793092,      0.2453498681,    -0.06910254224
      -1.669298812,       3.811196442,      0.2390759346,    -0.06993698048
       -1.70088814,       3.768240801,      0.2328237819,    -0.07037750406
      -1.678948533,       3.799465126,      0.2265996633,    -0.07054856071
      -1.698932027,       3.772872178,      0.2203929163,    -0.07054216265
       -1.69828053,        3.77378142,      0.2141943189,    -0.07010437276
      -1.704140813,       3.767993377,      0.2080457659,    -0.06943837449
      -1.716813192,       3.749008053,      0.2019725163,    -0.06871494746
      -1.704087201,       3.774117257,      0.1959843055,    -0.06785153738
      -1.677535882,       3.805890069,       0.190102319,    -0.06703659417
      -1.679776843,       3.806531165,      0.1843301099,    -0.06618585118
      -1.684206304,       3.797672285,      0.1786762821,     -0.0654267404
      -1.702711622,       3.776815456,      0.1731474479,     -0.0650288037
      -1.688527548,       3.794286434,      0.1676836247,    -0.06445806385
        -1.7054199,       3.773494907,      0.1623219964,    -0.06387413074
      -1.683886914,       3.800634805,      0.1570907662,    -0.06323335223
      -1.700140181,       3.781598371,      0.1519954158,    -0.06273455182
      -1.690584462,       3.794006788,      0.1469933956,    -0.06226001053
      -1.708471327,        3.77126949,       0.142129024,    -0.06169829283
      -1.709107863,       3.769191284,      0.1373717506,    -0.06123703501
       -1.71058455,        3.77075588,      0.1327186818,    -0.06091739948
      -1.698237213,       3.785891564,      0.1281625508,    -0.06039545697
      -1.701249258,       3.783246607,      0.1237265609,    -0.06021291285
      -1.704469143,       3.779964897,      0.1193119456,    -0.06011133878
      -1.718561902,       3.760828746,      0.1150515585,    -0.06019762605
      -1.718189715,        3.76121091,      0.1108721324,    -0.06043037473
      -1.707381421,       3.778480145,      0.1067952626,    -0.06064142377
      -1.707835926,       3.776947813,      0.1028402391,    -0.06083234118
      -1.723476409,       3.756921584,     0.09902182039,    -0.06066551443
      -1.718025986,       3.764248314,     0.09529340785,    -0.06069493511
      -1.718862903,       3.764721204,     0.09164847768,    -0.06058720083
      -1.714809994,       3.770147883,     0.08805104717,    -0.06069138078
      -1.730494611,       3.749955828,     0.08454029591,    -0.06039662545
      -1.752233192,       3.714266157,     0.08111044022,    -0.05983978048
      -1.744805529,       3.727051488,     0.07771291258,     -0.0593846328
      -1.730095043,        3.74348134,     0.07436699338,    -0.05903416575
      -1.735870047,       3.738817277,     0.07102486481,    -0.05841711374
      -1.687770431,       3.791796425,     0.06772853463,    -0.05782104867
      -1.720186769,       3.759599809,     0.06450959895,    -0.05718813053
        -1.6845048,       3.796751331,     0.06134574051,    -0.05634098345
       -1.73163452,       3.740189992,     0.05819939196,    -0.05556077072
      -1.732026652,       3.741415587,     0.05510903387,    -0.05463058084
      -1.740838792,       3.734636938,     0.05201692561,    -0.05373871129
       -1.74302189,       3.735263807,     0.04895727684,    -0.05298077325
      -1.742940363,       3.733897263,     0.04593277704,    -0.05200759752
      -1.741506861,       3.739462153,     0.04293296768,    -0.05112241808
      -1.739003117,       3.743342798,     0.03995725167,    -0.04992830166
      -1.737085916,       3.748163309,      0.0370013714,    -0.04886249707
      -1.759661944,       3.717996275,     0.03407682793,    -0.04786204903
      -1.749773894,       3.733373326,     0.03114992974,    -0.04644452817
      -1.743660151,       3.742280636,     0.02822461336,    -0.04509456316
      -1.745373248,       3.741006022,      0.0253348824,    -0.04355364014
      -1.759882735,       3.721345951,     0.02248650936,    -0.04224930408
      -1.762629079,       3.719660973,     0.01966050928,    -0.04076935896
      -1.766521493,       3.716829772,     0.01685477738,    -0.03916944996
      -1.746119996,       3.746416069,     0.01408409557,    -0.03750212814
      -1.778665275,        3.70320697,     0.01128580262,    -0.03544284284
      -1.810576968,        3.65951403,     0.00854000852,      -0.033788937
      -1.782591623,        3.70139345,    0.005810097933,    -0.03225358913
      -1.771843274,       3.717817067,    0.003091677274,    -0.03087857462
      -1.803633419,       3.673611958,   0.0004133102377,    -0.02962058733
      -1.782496336,       3.702894841,   -0.002216963316,    -0.02852621394
      -1.779179935,       3.711150357,   -0.004836880771,    -0.02740432645
           -1.7599,       3.737720949,   -0.007447078206,    -0.02638078803
      -1.771061403,       3.721760633,    -0.01003184486,    -0.02533175765
       -1.77091528,       3.722170907,    -0.01259318773,    -0.02447244398
       -1.76650423,       3.730701819,    -0.01512055067,     -0.0236195814
       -1.77682442,       3.718293418,    -0.01762753773,    -0.02273217702
      -1.765720868,        3.73385106,    -0.02011198989,    -0.02180277169
      -1.761739147,       3.739875713,    -0.02252906734,    -0.02092972382
       -1.79392476,       3.699181485,    -0.02490393789,    -0.01995441393
       -1.78104611,       3.716302096,    -0.02728058217,    -0.01892891762
      -1.773955531,       3.728449559,    -0.02961240774,    -0.01783379511
      -1.772793028,       3.729937657,    -0.03191696415,    -0.01674030334
      -1.785442708,       3.714902108,    -0.03418387868,    -0.01566790949
      -1.780620999,       3.721946397,    -0.03644493113,    -0.01458780857
      -1.785697164,       3.717266078,    -0.03868019339,     -0.0135704844
      -1.785957821,       3.717117587,    -0.04091683837,    -0.01268763843
      -1.794289763,       3.707611479,    -0.04311761287,    -0.01166243868
      -1.788212311,       3.716423618,    -0.04530709898,    -0.01070634217
      -1.789614874,       3.715347775,    -0.04744818014,   -0.009646602672
      -1.786940936,       3.719142316,    -0.04955832013,   -0.008535382857
      -1.806690559,        3.69539903,    -0.05163765158,   -0.007482217681
      -1.813672966,       3.686910585,     -0.0536800325,    -0.00638518496
       -1.81300475,       3.688739335,    -0.05566269667,   -0.005018416813
      -1.807457391,       3.695894216,    -0.05764062622,   -0.003768292271
      -1.792463987,       3.715387272,    -0.05959036614,   -0.002403765377
      -1.783534634,       3.727116946,    -0.06151032657,  -0.0009040294907
      -1.807285356,       3.698263733,    -0.06339465738,   0.0005085460183
      -1.816973763,       3.686000024,     -0.0652313429,    0.001898971477
      -1.814187287,       3.690800363,    -0.06705136934,    0.003319795778
      -1.792619634,       3.718281122,    -0.06883321882,    0.004610604297
      -1.791744382,       3.720008697,    -0.07058093729,      0.0059040537
      -1.783676847,       3.728125179,    -0.07229339701,    0.007169408773
      -1.805994184,       3.699658663,    -0.07397403921,    0.008379154995
       -1.78570729,       3.727894713,    -0.07563621466,    0.009621300869
      -1.804659397,       3.705290261,    -0.07727189702,     0.01082428765
      -1.778388516,       3.736393747,    -0.07889072166,     0.01197135153
      -1.787368674,       3.725255697,    -0.08049037508,     0.01302326835
      -1.798266475,       3.711830203,    -0.08206440511,     0.01402956704
      -1.788515868,       3.723945355,    -0.08361395214,     0.01501080486
      -1.768881273,       3.746701636,    -0.08515388033,     0.01600249165
      -1.789180171,       3.724173515,    -0.08667494589,     0.01707449373
      -1.796743738,       3.715972071,    -0.08818419905,     0.01805995507
      -1.785889921,        3.72807837,    -0.08967788569,     0.01905987171
      -1.788088624,       3.726738769,    -0.09115923725,     0.02013617853
      -1.777046488,       3.739553917,    -0.09262659785,     0.02131611624
      -1.784516106,       3.732437111,    -0.09408215176,     0.02254970563
      -1.802264681,       3.711636101,     -0.0955280083,     0.02387470928
      -1.798163275,       3.717510329,    -0.09696117827,     0.02525582735
      -1.811296875,       3.702839545,    -0.09838265144,     0.02668068183
      -1.800476623,       3.716307255,    -0.09979209849,     0.02809049821
      -1.817916532,       3.695756418,     -0.1011929711,     0.02950321591
      -1.821590209,       3.691656499,     -0.1025899192,     0.03094578859
      -1.809140247,       3.706348959,     -0.1039701292,      0.0324252056
      -1.782397378,       3.736749188,      -0.105341059,     0.03394655567
      -1.764081118,       3.757239875,     -0.1067043011,     0.03554298209
      -1.749565527,       3.773889639,     -0.1080769749,     0.03726125605
      -1.772932685,       3.748125491,     -0.1094512492,     0.03899694541
      -1.785788509,        3.73397184,     -0.1108266958,     0.04081334997
      -1.792638345,       3.726097016,     -0.1122033335,     0.04273362528
      -1.768796373,       3.752829457,     -0.1135769366,     0.04462359316
      -1.768690745,       3.753014087,     -0.1149539583,      0.0464808732
      -1.790978857,        3.72938221,     -0.1163292654,      0.0483455745
      -1.793590938,       3.726065964,     -0.1176988603,     0.05010672531
      -1.789897326,       3.730508661,     -0.1190656197,     0.05189112355
      -1.800447937,       3.718074724,     -0.1204376625,     0.05371778476
      -1.809916023,       3.707193647,     -0.1218132977,     0.05561175549
      -1.786298727,       3.734365947,     -0.1231982747,     0.05759263353
      -1.751967914,       3.772501194,     -0.1245880982,     0.05954321714
      -1.789824802,       3.729181432,     -0.1259966086,     0.06161495793
      -1.781978514,       3.736814383,     -0.1274109532,     0.06367317996
      -1.753889466,       3.766885447,     -0.1288446104,     0.06596208689
      -1.777878146,       3.742521797,     -0.1302678943,     0.06811310516
      -1.806212165,       3.709095205,     -0.1316923455,     0.07051029385
      -1.785197935,       3.733287328,     -0.1331146898,     0.07294176857
      -1.776196448,       3.742346725,     -0.1345385609,     0.07529837735
      -1.780078037,       3.738656917,     -0.1359766333,     0.07774528759
      -1.807478415,       3.706444914,     -0.1374128795,     0.08004923153
      -1.792445199,       3.723616779,     -0.1388500003,     0.08238229404
      -1.779934334,       3.736922207,     -0.1402686353,     0.08468188068
      -1.757986879,       3.761286248,     -0.1416558275,     0.08702876705
      -1.750195224,       3.768627922,     -0.1430510664,     0.08955911313
      -1.732988124,       3.787323949,     -0.1444542125,      0.0919381508
      -1.787330025,        3.72716964,     -0.1458398808,     0.09405341383
      -1.801827176,       3.709772407,     -0.1472235269,     0.09597567076
      -1.801979753,         3.7083137,     -0.1485766547,     0.09782023973
      -1.741129765,       3.777286803,     -0.1499005696,      0.0994243876
      -1.753413738,       3.763551554,     -0.1511984728,      0.1008487432
      -1.761290157,       3.754426938,     -0.1524908194,      0.1022671845
       -1.79027121,       3.719709768,     -0.1536932423,      0.1032842843
      -1.799877548,       3.709653794,     -0.1548842289,      0.1044194993
       -1.79508498,       3.718023483,     -0.1560151018,      0.1051796702
      -1.786329268,       3.726722292,     -0.1570949545,      0.1056662534
      -1.748352649,        3.77037218,     -0.1581601768,      0.1062476645
      -1.753236024,       3.765007819,       -0.15916164,      0.1066436537
      -1.782884344,       3.725806395,     -0.1601147835,      0.1069461089
      -1.770615659,       3.740822176,      -0.160976147,      0.1070089933
      -1.771181603,       3.743609121,     -0.1617934791,      0.1068093914
      -1.728121148,       3.791341377,     -0.1625567505,      0.1064687462
      -1.765686261,       3.749434302,     -0.1633244064,      0.1062494331
      -1.757048584,       3.757872815,     -0.1639811035,      0.1056884304
      -1.767354074,       3.743148598,     -0.1645547494,      0.1049322677
      -1.742388739,       3.773568873,     -0.1651026339,      0.1043248526
      -1.752665953,       3.760621596,     -0.1655848116,      0.1035400221
      -1.758695271,       3.753815591,     -0.1660126869,      0.1027893298
      -1.759142804,       3.754731063,     -0.1663823908,      0.1018924987
      -1.748132589,       3.766672487,     -0.1667303992,      0.1011001935
      -1.773128473,       3.734499369,     -0.1670237112,      0.1003475453
      -1.729117894,       3.786691858,     -0.1672418677,     0.09945954893
      -1.764145188,       3.746117761,      -0.167453949,      0.0988773959
       -1.73771474,       3.775229699,     -0.1675530417,     0.09800257076
      -1.732705877,       3.782611383,      -0.167647571,     0.09733034295
      -1.758338976,       3.754772111,     -0.1677219337,     0.09682611091
      -1.785444524,       3.718300973,      -0.167785262,     0.09636153059
      -1.772949039,       3.736684704,     -0.1677747909,     0.09566472902
      -1.758099461,       3.752261752,     -0.1677559727,     0.09502019291
      -1.733209805,       3.780588581,     -0.1677456471,     0.09485030048
      -1.734017012,       3.779515147,     -0.1677126342,     0.09462918172
      -1.742162176,       3.769768496,     -0.1677066228,     0.09459635511
      -1.780337531,       3.723578322,     -0.1676568927,     0.09440166138
      -1.763979375,       3.742108067,     -0.1675284383,      0.0938803687
      -1.763820367,       3.742353877,     -0.1674909794,     0.09412431078
      -1.768372781,        3.73650286,     -0.1674165022,     0.09442445015
      -1.750356191,       3.757704787,     -0.1672908655,     0.09457900985
      -1.742657287,       3.767072089,     -0.1671641998,     0.09476866658
      -1.784401577,       3.716968738,     -0.1670175491,     0.09487290956
      -1.740363243,       3.770178661,     -0.1668958635,     0.09520438331
      -1.771978903,       3.733515752,     -0.1667411837,     0.09543446553
      -1.753043339,       3.757902541,       -0.16661096,      0.0958730149
      -1.754462629,        3.75365579,     -0.1664815586,     0.09651724968
       -1.77058153,       3.735183688,      -0.166392228,     0.09746604848
      -1.748677692,       3.758548441,     -0.1662464822,     0.09814023389
      -1.713585724,       3.801530768,     -0.1661115203,     0.09877519718
      -1.748795345,       3.763101107,     -0.1660353769,     0.09941635768
       -1.73841556,        3.77548014,     -0.1659641921,     0.09997126717
      -1.760965144,       3.748233084,     -0.1658578578,      0.1002012519
       -1.75892659,       3.750685448,     -0.1657845002,      0.1007766034
      -1.757443187,       3.751733539,     -0.1657218414,      0.1014325778
      -1.754456846,       3.756026863,     -0.1656583564,      0.1020759736
      -1.746267342,       3.765538416,     -0.1656382744,      0.1029503364
      -1.715800417,       3.801648107,     -0.1656112657,      0.1037837661
      -1.716236809,       3.800777706,     -0.1656135008,      0.1047031072
      -1.759264515,       3.755134518,     -0.1655947636,      0.1056520502
       -1.78700428,       3.719332248,      -0.165629047,      0.1065852379
       -1.79454706,        3.71285763,     -0.1657056533,      0.1075981487
      -1.787559411,       3.720462287,     -0.1657938188,      0.1084552161
      -1.720664957,       3.800059727,     -0.1659013051,      0.1092547672
       -1.73735103,       3.781894625,     -0.1660396708,      0.1101259557
      -1.774226085,       3.741403797,      -0.166204192,      0.1108789197
      -1.759821907,       3.755067924,     -0.1663653699,      0.1116411203
      -1.756503257,       3.760007913,     -0.1665469201,      0.1124271824
      -1.772642009,       3.740029674,      -0.166746281,      0.1132035518
      -1.746162946,       3.770208715,     -0.1670170412,      0.1141507756
       -1.79557106,       3.713621733,     -0.1673650808,      0.1154362337
      -1.766240792,       3.750928087,      -0.167691949,      0.1165442245
      -1.799159191,       3.713622848,     -0.1680974134,      0.1178801765
      -1.769128224,        3.74618954,     -0.1684915624,      0.1190034373
      -1.773591154,       3.742561022,     -0.1689339882,       0.120296786
      -1.767985078,       3.749250028,     -0.1694603894,      0.1220209578
      -1.746074327,       3.771148077,     -0.1699886535,      0.1237612173
      -1.748892036,       3.772370904,     -0.1705677141,      0.1255207093
      -1.749275503,       3.770918002,     -0.1711645269,      0.1276011543
      -1.764737767,       3.754573082,     -0.1718015397,      0.1297844487
      -1.771427488,       3.748559595,     -0.1725142215,      0.1319359184
      -1.782706205,       3.735174728,     -0.1732215203,       0.134468793
      -1.803293569,        3.70975546,     -0.1739404983,       0.136907315
      -1.753786484,       3.769916413,     -0.1746909381,      0.1395664422
      -1.736919045,       3.787429788,     -0.1754524379,      0.1424486088
      -1.747849928,       3.774529621,     -0.1762043266,      0.1455925619
      -1.763931429,       3.755824957,     -0.1769323055,      0.1483667926
      -1.756289269,       3.766023752,     -0.1776923966,      0.1514125778
      -1.793384154,       3.727965857,     -0.1784589605,      0.1545694925
      -1.764218523,       3.759256835,     -0.1791975727,      0.1576047931
      -1.755473219,       3.766812047,     -0.1798899871,      0.1604719387
       -1.74375486,        3.78103259,     -0.1805501927,      0.1631898473
      -1.767033394,        3.75422586,     -0.1811488433,      0.1659475551
       -1.76661518,       3.756106131,     -0.1817031315,       0.168780132
      -1.807366796,       3.711208773,      -0.182232362,      0.1715316269
      -1.785107393,       3.737538831,     -0.1827169981,       0.174202857
      -1.734095242,       3.792300684,     -0.1831845415,      0.1767548289
      -1.720244031,       3.806840915,      -0.183621235,      0.1793738704
      -1.733253495,       3.788526655,     -0.1839856918,      0.1816405557
      -1.777753662,       3.741436449,     -0.1843083174,      0.1839929091
      -1.804593705,       3.710405654,     -0.1845726597,      0.1860006021
      -1.794030277,       3.724304468,      -0.184776358,      0.1876096886
      -1.796759361,       3.723270596,      -0.184931553,      0.1893279053
      -1.783448187,       3.738212768,     -0.1850204546,      0.1910344936
      -1.774502916,       3.749421204,     -0.1850549985,      0.1928323037
      -1.765151305,       3.760251032,     -0.1850148438,      0.1944001318
      -1.794049986,       3.727275748,     -0.1849168765,      0.1958591124
      -1.754247075,       3.772347154,     -0.1847569802,      0.1971970455
      -1.763211085,        3.76083028,     -0.1845479644,      0.1983949519
      -1.782487122,       3.740017402,     -0.1842730269,      0.1995035256
      -1.760682498,       3.763261654,     -0.1839366914,       0.200612356
      -1.737662613,       3.789869459,     -0.1835082012,      0.2014168476
      -1.761979777,       3.764679866,     -0.1830186982,      0.2022495795
      -1.730986232,       3.797789904,     -0.1824451964,       0.203042366
      -1.761927038,       3.764729891,     -0.1818079214,      0.2038696107
      -1.760915096,       3.765524271,     -0.1810889914,      0.2047052934
      -1.774331336,       3.750255123,     -0.1802936141,      0.2055077302
      -1.797437059,       3.726518777,      -0.179413551,      0.2064363368
      -1.809478463,       3.710837462,      -0.178450721,      0.2074267372
      -1.748541209,       3.779935989,     -0.1774032017,      0.2085559944
      -1.753318957,       3.773159885,     -0.1762514647,      0.2097136308
      -1.758545802,         3.7678604,     -0.1750088312,      0.2109955293
      -1.776709544,       3.747472984,     -0.1736721901,      0.2121855206
      -1.811417687,       3.711804718,     -0.1722436527,      0.2133818282
      -1.828809462,       3.690989562,     -0.1707202269,      0.2145199912
      -1.818605998,       3.703999606,     -0.1691084273,      0.2157155006
      -1.794221657,       3.731065548,     -0.1674072905,      0.2169885364
       -1.74807312,       3.782072287,     -0.1656141991,      0.2183255024
      -1.772204006,       3.755080231,     -0.1637398813,      0.2197188134
      -1.776637302,       3.751339835,     -0.1617800829,      0.2210495671
      -1.802002369,       3.721503161,     -0.1597334822,      0.2224769136
      -1.831398085,       3.690443124,     -0.1575989911,      0.2238857877
      -1.788909965,       3.740991451,     -0.1553831204,       0.225042078
      -1.721598862,       3.812217277,     -0.1530954732,      0.2261255071
      -1.743491694,        3.78693098,     -0.1507273379,       0.226964857
      -1.753904779,       3.778400722,     -0.1482728748,      0.2273369728
      -1.770415597,       3.759078457,     -0.1457274041,       0.227424319
       -1.76767312,       3.759870116,     -0.1430792467,      0.2280528584
      -1.770846574,       3.759844047,     -0.1403685267,      0.2287104199
      -1.742359236,       3.788751952,     -0.1375977104,      0.2285863747
       -1.75988178,       3.768153189,     -0.1347452854,      0.2289476071
      -1.787946765,       3.741393983,     -0.1318303651,      0.2284978138
      -1.770616571,       3.758457025,     -0.1288545271,      0.2285528718
      -1.754085376,       3.775973943,     -0.1258552044,      0.2279035223
      -1.777271478,       3.750234916,     -0.1228145062,      0.2268549003
       -1.79528337,       3.730279563,     -0.1197773276,      0.2256920854
       -1.78458161,         3.7418753,     -0.1167313435,      0.2244358178
      -1.783925938,       3.745817724,     -0.1136793961,      0.2230983341
      -1.789182407,       3.739251579,     -0.1106293247,      0.2218151345
      -1.742281893,       3.789828441,     -0.1075379104,       0.220050665
      -1.750745079,       3.777897213,     -0.1044836364,      0.2183640499
       -1.78758071,       3.739521416,     -0.1014869606,      0.2163656608
      -1.773931288,       3.756147649,    -0.09854133872,       0.214353791
      -1.729887083,       3.804344829,    -0.09566501492,      0.2124691436
      -1.768707628,       3.760762436,    -0.09284458276,      0.2104771521
      -1.758240664,       3.772252731,     -0.0900758239,      0.2078742467
      -1.788633674,       3.742098636,    -0.08734707047,      0.2053310765
      -1.809477449,       3.723603468,    -0.08464693907,      0.2029849259
      -1.823046352,       3.705139907,    -0.08196540302,      0.2010162553
      -1.788094137,       3.743337805,    -0.07926542317,      0.1997523427
      -1.761445724,         3.7707158,    -0.07653925433,      0.1987505874
      -1.751127261,       3.782657134,    -0.07383504088,      0.1983442399
      -1.771929076,       3.759400333,    -0.07104988224,      0.1976745041
      -1.784589015,       3.745307761,    -0.06816007125,      0.1967558171
      -1.832517593,       3.692300868,    -0.06515323997,      0.1955813967
      -1.814568721,       3.711921647,    -0.06203909598,      0.1939259226
      -1.758493145,       3.775367609,    -0.05874452971,      0.1914508215
      -1.759383126,       3.774578384,    -0.05530290388,      0.1887854764
      -1.778933824,       3.752205218,    -0.05170472145,      0.1860908936
      -1.750100963,       3.785648709,    -0.04793863417,        0.18318822
      -1.809048021,       3.720638828,    -0.04399888318,      0.1808659928
      -1.764273932,       3.768502175,    -0.03986193083,      0.1782632047
      -1.774422597,       3.759828662,    -0.03551118575,      0.1755233969
      -1.783886829,       3.747576946,     -0.0309727169,      0.1726080749
      -1.785423178,       3.746640213,    -0.02623903215,       0.169611576
      -1.785036166,       3.747123867,     -0.0213144925,      0.1665148845
      -1.750689764,       3.780796114,    -0.01617604821,       0.163280675
      -1.749327912,       3.786537477,    -0.01081366076,      0.1598079601
       -1.74494338,       3.790802595,   -0.005253677566,       0.156281617
      -1.762904176,       3.771640872,   0.0005103728858,      0.1527264943
       -1.76991787,       3.765134747,    0.006457987495,      0.1493421456
      -1.780497502,       3.753622967,     0.01258411702,      0.1460900725
      -1.780923613,       3.751827904,     0.01890152976,      0.1427204733
      -1.755673958,       3.780542484,     0.02536467544,       0.139233662
      -1.777028779,       3.756319432,     0.03198128502,      0.1356725814
      -1.798785781,       3.731525769,     0.03874772972,      0.1321555165
      -1.800222352,        3.73382848,     0.04566014201,      0.1284678071
      -1.801333537,       3.733361771,     0.05269217019,      0.1247019813
      -1.811743888,       3.718112517,     0.05982329058,      0.1209926472
      -1.786272247,       3.746777712,     0.06704002002,      0.1172834577
       -1.80062742,       3.730835101,     0.07431270316,      0.1135413623
      -1.751231691,       3.781654579,     0.08160914782,      0.1098064386
      -1.742894599,       3.790732006,     0.08891599259,      0.1060659743
      -1.780417581,       3.753825743,     0.09619874933,      0.1023505652
       -1.82124419,       3.705817112,      0.1034249208,     0.09863568616
       -1.81318408,       3.716890456,      0.1105472924,     0.09482862654
      -1.828434519,       3.700080718,      0.1175424255,     0.09094913805
      -1.766943084,       3.765207953,      0.1243980186,     0.08704027035
      -1.740434596,       3.793458585,      0.1311007654,     0.08313664026
      -1.760480572,       3.773992275,      0.1376255808,     0.07925104916
      -1.767914838,       3.763160801,      0.1439516774,     0.07536072309
      -1.737258072,        3.79601622,      0.1500393436,      0.0714231879
      -1.781701349,       3.749420536,      0.1558851493,      0.0674248823
       -1.80659491,       3.719841815,      0.1614728684,     0.06344770742
      -1.794099737,       3.736713302,      0.1667690567,      0.0594717069
      -1.775195779,       3.758237844,      0.1717560909,     0.05538300409
      -1.822856332,       3.702995992,      0.1763992178,     0.05132360041
      -1.801352123,       3.727757224,      0.1807027882,     0.04712174338
      -1.811533426,       3.716557545,      0.1846690888,     0.04281371468
      -1.774113262,       3.755488418,      0.1883298116,     0.03848408493
      -1.788258569,       3.741187749,      0.1916691223,     0.03411349646
      -1.813371079,       3.716572724,      0.1947159867,     0.02978741326
      -1.802365919,       3.727200548,      0.1975042318,     0.02543021169
      -1.771394266,       3.761174895,      0.2000077785,     0.02123881781
      -1.789038569,       3.743223923,      0.2022549674,     0.01714361023
      -1.781023393,       3.749484861,      0.2042461216,     0.01318319189
      -1.748727884,       3.789837014,      0.2059883174,    0.009327839434
      -1.784239742,       3.751685145,      0.2074915312,    0.005567437053
      -1.827125631,       3.705585915,      0.2087742139,    0.001928743575
      -1.795595476,       3.737789008,      0.2098669402,   -0.001673854624
      -1.775572491,       3.762731947,       0.210782689,   -0.005215706027
      -1.736471817,       3.799906487,       0.211541294,   -0.008746323443
      -1.749813629,       3.787996062,      0.2121548272,    -0.01223788473
      -1.738978144,       3.799060044,       0.212642592,    -0.01573264313
      -1.774360915,       3.762129633,      0.2130189217,    -0.01918023404
      -1.811292792,       3.723899424,      0.2133078866,     -0.0226056307
      -1.809550728,       3.727484301,      0.2135225211,    -0.02591186742
      -1.798856062,        3.73671913,      0.2136827241,    -0.02911401026
      -1.785669969,       3.752869485,      0.2137797341,    -0.03212770414
      -1.765220019,       3.774274732,      0.2138395313,      -0.035070054
      -1.798604041,         3.7371581,      0.2138599433,    -0.03799359669
      -1.814375012,       3.723036009,      0.2138461936,    -0.04096671848
      -1.790345884,       3.749062928,      0.2138084508,    -0.04396061022
      -1.738344773,       3.801571815,      0.2137582726,    -0.04700962037
      -1.749097602,       3.789056111,      0.2137191823,     -0.0501218691
      -1.740880065,       3.800826408,      0.2136870901,    -0.05330223387
      -1.736769821,       3.802384052,      0.2136677683,    -0.05655578125
      -1.779238501,       3.759679295,      0.2136586794,    -0.05984890367
      -1.811828245,       3.719407428,      0.2136583568,    -0.06314473696
      -1.837578227,       3.691593742,      0.2136415679,    -0.06658173513
      -1.798189465,       3.732761732,      0.2136143621,    -0.07000055941
      -1.760038116,       3.775184299,      0.2135777014,    -0.07339741547
      -1.801667542,       3.729988169,      0.2135347871,    -0.07682208326
      -1.817980503,       3.711970966,      0.2135012712,    -0.08031537625
      -1.805392508,       3.724155646,      0.2134847863,    -0.08387780084
      -1.815756199,       3.715642701,       0.213487991,    -0.08747262603
      -1.804865424,       3.728780459,      0.2135238445,    -0.09102354268
      -1.780189602,       3.754679248,       0.213588739,    -0.09466485883
      -1.805285011,       3.726769739,      0.2136862546,    -0.09841026306
      -1.819366396,       3.711475037,      0.2138214518,     -0.1021499954
      -1.787130833,       3.745911847,      0.2139890402,     -0.1059104206
      -1.784016162,       3.752227843,      0.2141876139,     -0.1096528656
      -1.766148383,         3.7686107,      0.2144150342,     -0.1134150519
      -1.785677343,       3.748637628,      0.2146800263,      -0.117141664
       -1.80343827,       3.728658683,      0.2149841078,     -0.1209682371
      -1.806406702,       3.725061707,      0.2153105763,      -0.124722252
      -1.825981939,       3.704956624,      0.2156620569,     -0.1284720288
      -1.791620739,       3.742008532,      0.2160356583,     -0.1321966461
      -1.758066952,       3.777499915,      0.2164335655,     -0.1359584404
      -1.758629377,       3.778073402,      0.2168452563,     -0.1397444366
      -1.776768562,       3.758608748,      0.2172706241,     -0.1435722804
      -1.760904595,       3.773804204,      0.2177045395,     -0.1474411406
      -1.802328982,       3.731203392,      0.2181394832,     -0.1513183002
      -1.793266003,       3.741107571,      0.2185711456,      -0.155233576
      -1.805031588,       3.728787119,      0.2189913146,     -0.1590611368
       -1.78683553,       3.749545534,      0.2193958813,     -0.1627856149
      -1.797799789,       3.737281461,       0.219784001,     -0.1664522278
      -1.767819167,       3.768043472,      0.2201534412,     -0.1700030214
      -1.796604474,       3.737337038,      0.2204915649,     -0.1735811555
      -1.786434706,        3.74818597,      0.2208175136,     -0.1770839945
      -1.788241569,       3.745852029,      0.2211311203,     -0.1804871173
      -1.792911407,        3.74375657,      0.2214184237,     -0.1838432283
      -1.818174154,       3.716190456,      0.2216891566,     -0.1872247207
      -1.829590735,       3.704573185,      0.2219304217,     -0.1905110886
      -1.812253419,       3.721696664,      0.2221264711,      -0.193890239
       -1.78668237,       3.748599407,      0.2222644864,     -0.1974691584
      -1.787113615,       3.747737944,      0.2223339367,      -0.201148294
      -1.748864385,       3.787697472,      0.2223484441,     -0.2047395047
       -1.76312798,       3.769729327,      0.2223041694,     -0.2082956424
      -1.811625751,       3.719415472,      0.2221998262,     -0.2117732845
      -1.831780699,       3.697303338,       0.222034017,      -0.215149815
       -1.80105476,       3.730230968,      0.2218050737,     -0.2184274603
      -1.802400649,       3.729191819,      0.2215065208,     -0.2215873224
      -1.755511981,       3.779213906,      0.2211421721,     -0.2246774608
       -1.79987009,       3.733562928,      0.2207155622,     -0.2276763169
      -1.819250236,         3.7137751,      0.2202202627,     -0.2305773397
      -1.795641478,       3.737355972,      0.2196661826,     -0.2333999643
       -1.76505108,       3.770058051,      0.2190539312,     -0.2360948498
      -1.779554781,       3.754426385,      0.2183778897,     -0.2387283268
      -1.741328133,       3.795156333,      0.2176470492,     -0.2411982788
      -1.739956657,       3.794986953,      0.2168531762,     -0.2435131769
      -1.789684959,       3.744622703,       0.215989217,     -0.2456896946
      -1.786521337,       3.745114502,      0.2150482935,     -0.2477230637
      -1.812638416,       3.720691186,      0.2140297359,      -0.249581096
      -1.800386244,       3.732796797,      0.2129478767,     -0.2512701626
      -1.780667561,       3.754820189,      0.2117943938,     -0.2527766932
      -1.813716021,       3.719576561,      0.2105680388,      -0.254046953
      -1.803941162,       3.731156673,      0.2092597482,     -0.2551737941
       -1.78893595,       3.745293519,      0.2078776427,      -0.256147662
      -1.783227818,       3.751636626,      0.2064183401,      -0.256986506
      -1.780885906,       3.753457336,      0.2048851793,     -0.2577379967
       -1.76841103,       3.767476949,      0.2032545329,     -0.2583011841
      -1.819633512,        3.71451531,      0.2015386131,      -0.258749054
      -1.795326067,       3.738193025,      0.1997314368,     -0.2588807885
      -1.822436999,        3.71088283,      0.1978211825,     -0.2587975428
      -1.785980816,       3.749824705,       0.195833375,     -0.2586184902
       -1.77871517,       3.757059805,      0.1937798993,       -0.25831174
      -1.770924588,       3.766477135,      0.1916940896,     -0.2576950156
      -1.792028419,       3.744654621,      0.1895691889,     -0.2570129632
       -1.78060803,       3.755943045,      0.1873588358,     -0.2559944922
      -1.798194653,       3.735178945,      0.1850395954,      -0.254660238
      -1.808158319,       3.726575691,      0.1826196407,     -0.2532527742
      -1.745222747,       3.790337989,      0.1801165161,     -0.2517885986
      -1.786787168,       3.749378151,      0.1775261044,     -0.2501630632
      -1.838713582,       3.693048617,      0.1748495999,     -0.2485029783
      -1.808435357,       3.725585521,      0.1721081039,     -0.2467145677
       -1.81750179,       3.718335623,      0.1693197576,     -0.2450156428
      -1.799173223,       3.737888038,      0.1664823396,     -0.2431632449
      -1.818790751,       3.715787822,      0.1635995531,     -0.2412395658
      -1.836909332,       3.700136904,       0.160675627,     -0.2392746296
       -1.79203266,       3.747735455,      0.1577157938,     -0.2373313743
      -1.753976681,       3.785516369,      0.1547214346,     -0.2352596736
      -1.774295266,        3.76354843,      0.1517004394,     -0.2332046617
      -1.748329921,       3.791758067,      0.1486466889,     -0.2313446894
      -1.758211031,       3.778735286,      0.1455563447,     -0.2292139327
      -1.805310431,        3.73058031,      0.1424376379,     -0.2270134911
      -1.775996757,       3.761178606,      0.1392917267,     -0.2247609535
      -1.776726143,       3.763463515,      0.1361132227,     -0.2225815521
      -1.799354969,       3.738473971,      0.1329063508,     -0.2203075319
      -1.794986618,       3.744584145,      0.1296687762,     -0.2180462366
      -1.825635891,       3.713135346,      0.1264038406,     -0.2154538741
      -1.827557863,       3.709732398,       0.123106589,     -0.2128613346
       -1.79263426,       3.747003462,       0.119782841,      -0.210106005
      -1.768524506,       3.771522978,      0.1164494858,     -0.2072532685
      -1.779708475,       3.757938302,      0.1131276502,     -0.2045637428
      -1.778501006,       3.762286887,      0.1097723918,      -0.201878387
      -1.862473691,       3.677062929,      0.1064053994,     -0.1992677015
      -1.824950739,       3.713307555,      0.1030396496,     -0.1965959653
      -1.778854705,       3.761233445,     0.09966845276,     -0.1940006114
      -1.794691209,       3.744943445,     0.09628609861,      -0.191386563
      -1.809521224,       3.727751934,     0.09289178563,     -0.1887002032
       -1.76385321,       3.777511053,     0.08947809475,     -0.1859697345
      -1.766920566,       3.773326218,     0.08604876982,     -0.1832333956
      -1.782992677,         3.7578719,     0.08261105588,     -0.1804438761
      -1.779915911,       3.761901824,     0.07912913328,     -0.1771370965
      -1.786667018,       3.754646878,     0.07562883686,      -0.174071949
      -1.789307268,       3.750113883,     0.07210490585,     -0.1709390635
      -1.755215544,       3.787839634,     0.06857856993,     -0.1676593064
      -1.764458232,        3.77709061,     0.06504189089,     -0.1642086481
      -1.778086706,       3.762225684,     0.06149234961,     -0.1607979877
      -1.803573767,       3.739946051,     0.05791239731,     -0.1573196664
      -1.757591843,       3.784553507,     0.05434176853,     -0.1537015294
       -1.80248526,       3.737039179,     0.05078335074,     -0.1501521723
      -1.765939576,       3.777260169,     0.04721718159,     -0.1464591445
       -1.77474449,       3.767341943,     0.04364613938,     -0.1427440858
      -1.810848364,       3.731007546,     0.04006753295,     -0.1394695803
      -1.826661719,        3.71703787,     0.03647354884,     -0.1360517586
       -1.80474494,       3.739685779,     0.03286707422,     -0.1325871941
      -1.808908884,       3.732994527,     0.02926365439,     -0.1291701636
      -1.785082876,        3.75819145,     0.02565204664,     -0.1257063789
      -1.753251802,       3.792080491,     0.02204071069,     -0.1225772493
      -1.717374697,       3.827173902,     0.01843660017,     -0.1194790706
      -1.736718565,       3.806210025,     0.01483458245,     -0.1163224649
      -1.753215024,       3.792435057,     0.01124307953,     -0.1132744656
      -1.759618231,       3.785050165,    0.007654021614,      -0.110123977
      -1.782592522,       3.761340863,    0.004083302333,     -0.1072004381
      -1.790355704,       3.752955433,   0.0005273045913,     -0.1044662245
      -1.752521244,       3.792916307,   -0.003030200413,     -0.1016680899
      -1.761863415,       3.783111983,   -0.006584713115,    -0.09899090995
      -1.761423452,        3.78539801,     -0.0101478662,    -0.09623081981
      -1.782365112,       3.762893232,    -0.01368190771,     -0.0933422067
      -1.789125451,        3.75771622,    -0.01718263484,    -0.09043084089
      -1.789888967,       3.754877938,     -0.0206555509,    -0.08761070433
      -1.758308051,       3.787418609,     -0.0241029141,    -0.08499380634
       -1.77109197,       3.773090043,    -0.02752443257,    -0.08220057453
      -1.734690607,       3.812149847,     -0.0309187616,    -0.07926512258
      -1.752764382,       3.792554176,    -0.03428423473,     -0.0764412514
      -1.789773914,        3.75692382,    -0.03763216734,    -0.07352360086
      -1.776120465,       3.766187013,    -0.04092252689,    -0.07059323499
      -1.863559852,       3.678332029,    -0.04419234649,    -0.06756900897
      -1.834976295,       3.708490104,    -0.04745125907,     -0.0643297596
      -1.781156792,       3.764524789,    -0.05063849306,    -0.06118341875
      -1.787531649,       3.755948367,    -0.05378493979,    -0.05816916159
      -1.765006766,       3.779212852,    -0.05686928499,    -0.05510958165
      -1.762285491,       3.782278585,    -0.05989864989,    -0.05191533361
      -1.739514027,       3.805385869,    -0.06287127375,    -0.04855861935
      -1.795848948,       3.748296037,    -0.06578449688,    -0.04521292092
      -1.752409553,        3.78928079,    -0.06863460287,    -0.04179422894
      -1.811259696,       3.731086529,    -0.07142745481,    -0.03832080397
      -1.796696639,       3.746225312,    -0.07416794672,    -0.03489594126
      -1.767269622,        3.77866227,    -0.07685680681,    -0.03132466803
      -1.769898612,       3.778557157,    -0.07948612814,    -0.02768849815
      -1.823845948,         3.7199132,    -0.08206179475,    -0.02408521971
      -1.812373394,       3.730929971,    -0.08457544613,    -0.02037401142
      -1.796230211,        3.74774226,    -0.08701438252,      -0.016730986
      -1.743650229,       3.801801659,    -0.08937433101,    -0.01305592569
      -1.759942826,       3.786776886,     -0.0916478873,   -0.009436930949
      -1.752334643,       3.795382994,    -0.09383354389,   -0.005899021325
      -1.776384712,       3.766575602,    -0.09593698454,   -0.002364831758
      -1.764220417,       3.779000686,    -0.09796344048,    0.001138824251
      -1.748147362,       3.792849393,    -0.09991738141,    0.004471537427
      -1.761559192,       3.782548595,     -0.1017798123,    0.007723650817
      -1.758773665,       3.788952759,     -0.1035609373,     0.01099835041
      -1.760982674,       3.789951533,       -0.10523236,     0.01423766923
      -1.780517348,       3.765860462,     -0.1068161554,     0.01751815164
      -1.810338294,       3.736026662,     -0.1082870674,      0.0206522701
      -1.816291259,       3.728108769,     -0.1096554577,     0.02385353573
      -1.745273328,       3.801047657,     -0.1109155403,     0.02704499487
      -1.751690014,       3.796467184,     -0.1120620186,     0.03020452182
      -1.769095978,       3.779696356,     -0.1131136031,     0.03317917919
      -1.766924528,        3.77710197,     -0.1140349453,     0.03601874776
       -1.72649902,       3.817427605,     -0.1148555892,     0.03867433412
      -1.817329695,       3.725460854,     -0.1155731854,     0.04112182096
      -1.788522531,       3.755929222,     -0.1161593404,     0.04356320502
      -1.799139007,       3.748031172,     -0.1166335453,     0.04583246617
       -1.78032472,       3.765671268,     -0.1169865911,     0.04790954603
      -1.816358751,       3.727750474,     -0.1172155928,     0.04992673491
      -1.762454997,       3.779629608,     -0.1173249748,     0.05190393659
      -1.797294175,       3.743780041,     -0.1173067186,     0.05385742914
      -1.763606301,       3.780295482,     -0.1171613805,     0.05574989168
      -1.753303621,       3.792234418,     -0.1168794767,     0.05753281295
      -1.782608254,       3.763923417,     -0.1164806386,     0.05931617777
      -1.816717234,       3.726322652,      -0.115959451,     0.06096660995
      -1.829403021,       3.713943829,     -0.1152893099,     0.06268073191
      -1.832872547,       3.706620767,     -0.1145129219,     0.06416864808
      -1.858461729,        3.68041096,     -0.1136292113,     0.06553885772
      -1.848273192,       3.695821853,     -0.1126445852,     0.06677341684
      -1.771685128,       3.775271363,     -0.1115504904,     0.06799184206
      -1.808642195,       3.732371186,     -0.1103511927,     0.06911036978
      -1.845243054,       3.691079461,     -0.1090617282,     0.07004866387
      -1.806147906,       3.730675574,     -0.1076833034,     0.07084240964
      -1.809434732,       3.730842932,      -0.106208936,      0.0714272743
      -1.809539441,       3.729051902,     -0.1046470607,      0.0718092312
      -1.815603175,       3.728564124,     -0.1030024498,     0.07213293479
      -1.812985738,        3.73323543,     -0.1012663906,     0.07244674251
      -1.822707339,       3.719095118,    -0.09947396075,     0.07260093553
      -1.796315411,       3.742649852,    -0.09761710484,     0.07264572819
      -1.797582583,       3.740289064,    -0.09568204275,     0.07251489009
      -1.790695088,       3.746546648,    -0.09369181015,     0.07242930368
      -1.766270637,       3.774562061,     -0.0916500714,     0.07227388188
      -1.790086231,        3.75343378,    -0.08955643871,     0.07207813601
      -1.838050727,       3.702613783,    -0.08741133709,     0.07181461015
      -1.865400569,       3.668883674,    -0.08520796133,     0.07149885939
      -1.781400334,       3.754429081,    -0.08297142185,     0.07113725705
      -1.785806922,       3.751135639,    -0.08071056211,      0.0706817898
      -1.779100296,       3.756804206,    -0.07843487062,     0.07021021993
      -1.792442306,       3.748934694,     -0.0761327335,      0.0697222949
      -1.807739869,       3.733584811,    -0.07380974021,     0.06916650055
      -1.795875504,        3.74498072,    -0.07147033205,     0.06865400967
      -1.838752954,       3.699505193,    -0.06912797404,     0.06810538177
      -1.810554847,       3.727166966,    -0.06678784895,     0.06756983458
      -1.783889018,       3.753543241,    -0.06445366346,     0.06697196324
      -1.764961176,       3.771816535,    -0.06211833176,     0.06642089775
      -1.754554729,       3.782520113,    -0.05979710104,     0.06587204078
       -1.80254752,       3.734203762,    -0.05750324118,     0.06528359583
      -1.848581495,       3.685398797,    -0.05523021224,     0.06464538665
      -1.779596919,       3.759835553,    -0.05298071256,      0.0640433406
      -1.767223011,       3.772738764,    -0.05075752298,     0.06348651484
      -1.800932508,        3.73457149,    -0.04855109073,      0.0629842912
      -1.836143276,       3.700245614,    -0.04637605784,     0.06244608798
      -1.828407316,       3.709007108,    -0.04423396169,     0.06190012976
      -1.835585316,       3.701018604,    -0.04213176151,     0.06130703437
       -1.79824679,       3.738700126,    -0.04005010842,     0.06083354865
      -1.799089827,       3.738306252,    -0.03799478752,     0.06044550704
      -1.802240078,       3.733308944,    -0.03598417758,     0.06003288464
      -1.788373842,       3.746928953,    -0.03403624713,     0.05960694938
      -1.829808888,       3.709923749,    -0.03212326707,     0.05927827437
      -1.834192288,       3.704365543,     -0.0302423527,     0.05910725725
      -1.751005353,       3.787386705,    -0.02841022911,     0.05889238497
      -1.778375323,       3.758627224,    -0.02663526989,     0.05874967778
      -1.768636761,       3.766002003,     -0.0249246924,     0.05857427633
      -1.854987918,       3.676695249,    -0.02325303486,     0.05856033477
      -1.796497707,       3.744354637,    -0.02163669475,     0.05856699277
      -1.803105056,       3.737333764,    -0.02007467836,      0.0586247813
      -1.832058024,       3.704599931,    -0.01858001332,     0.05857822788
      -1.859485261,       3.674546152,    -0.01714231448,     0.05862880618
      -1.805800023,       3.729823653,    -0.01578151248,     0.05858312291
      -1.773107429,       3.765682894,    -0.01446135488,     0.05874051847
      -1.802446746,       3.734594634,    -0.01320892466,     0.05884630393
      -1.784462944,       3.752121132,    -0.01201018479,     0.05902023595
      -1.765589631,       3.772768986,    -0.01086859859,     0.05924470923
      -1.815867461,       3.722997065,   -0.009780133951,     0.05958279899
      -1.774981567,       3.761402321,   -0.008738526329,     0.05998409562
       -1.83097699,       3.707432118,   -0.007769645441,     0.06035240209
      -1.823347476,       3.716674464,   -0.006883467879,     0.06062306588
      -1.806666359,        3.73063381,   -0.006046696854,      0.0610232626
      -1.815302031,       3.723524172,   -0.005263649932,     0.06157573311
      -1.780953785,       3.758521202,   -0.004537400201,     0.06216663221
      -1.806120892,       3.730625069,    -0.00387993347,     0.06274399781
      -1.795610644,       3.744295446,   -0.003298281553,     0.06341192771
      -1.809689439,       3.729226007,   -0.002761885507,     0.06410456516
      -1.823132982,       3.715235326,   -0.002291453959,     0.06481538686
      -1.753244851,       3.788085441,   -0.001855487047,     0.06566108322
      -1.760195759,       3.781054589,   -0.001473859627,     0.06666175099
      -1.807422218,       3.730002961,   -0.001173866178,     0.06768864224
      -1.777681065,       3.761151987,  -0.0009193468403,     0.06881210047
      -1.769831109,       3.769541542,  -0.0007098850107,     0.07006120947
      -1.823701947,       3.711667604,  -0.0005649280794,     0.07148318069
      -1.781891266,       3.758203612,  -0.0004461544771,     0.07290919083
       -1.77282459,       3.768652816,  -0.0003957623211,     0.07455882865
      -1.808307986,        3.72941166,  -0.0003724350185,     0.07626686213
      -1.795515435,       3.744325414,  -0.0004176235721,     0.07813185747
      -1.788144345,       3.752642623,  -0.0005037233314,     0.08013066957
      -1.798332673,       3.740466138,  -0.0006392027564,     0.08207913463
      -1.803116079,       3.737134297,  -0.0008121021268,     0.08423207356
      -1.778334989,       3.764202857,   -0.001027463973,     0.08643993747
      -1.759840404,       3.780680713,   -0.001262236149,     0.08872485099
      -1.786899488,       3.752630521,   -0.001564833007,     0.09127410367
      -1.783895118,       3.756267704,    -0.00190683587,     0.09375411808
      -1.769231337,       3.769644387,   -0.002296031928,     0.09638987117
      -1.812775784,       3.727331312,   -0.002732221293,     0.09928781495
      -1.809648626,       3.729952519,   -0.003225347823,      0.1023163378
      -1.814846709,       3.723381773,   -0.003746974402,      0.1054519157
      -1.807241664,       3.734563786,   -0.004286248174,      0.1086374475
      -1.777555007,       3.763487602,   -0.004870942962,      0.1120368418
      -1.789781606,       3.748584669,   -0.005479475202,       0.115462435
      -1.782434934,       3.757584118,   -0.006158332617,      0.1189429318
      -1.773047939,       3.766759704,    -0.00689901637,      0.1225006316
      -1.795995495,       3.742834136,   -0.007658350525,      0.1260007946
      -1.772108431,       3.767194948,   -0.008495569665,      0.1298157799
      -1.793602139,       3.747083199,   -0.009334562389,      0.1335613044
      -1.791659261,       3.745502815,    -0.01019257608,      0.1373205468
      -1.738665391,       3.801137365,    -0.01108060072,      0.1410125539
      -1.791899668,       3.748098721,    -0.01199010542,      0.1448070851
      -1.813071098,       3.723136474,    -0.01291937642,      0.1486767425
      -1.801035824,       3.738131991,    -0.01384096377,      0.1524051936
      -1.821222752,       3.718702007,     -0.0147643367,      0.1561638716
      -1.833788513,       3.702462037,    -0.01571699548,      0.1599010387
      -1.816837513,       3.722445502,    -0.01666913271,      0.1635413687
      -1.819566663,       3.720127178,    -0.01765594567,      0.1672689066
      -1.808312121,       3.729022731,    -0.01864080159,      0.1709795911
      -1.749634489,       3.791687141,    -0.01964612978,      0.1746100287
      -1.752408435,       3.788974439,    -0.02069374406,      0.1784233293
      -1.723100059,       3.817613858,    -0.02171141009,      0.1819028142
      -1.720643785,        3.81948834,    -0.02270448227,      0.1851575268
      -1.769878539,       3.770976415,    -0.02367562971,       0.188175273
      -1.776152993,       3.761609506,    -0.02462908896,      0.1910866839
      -1.794953629,       3.743652764,     -0.0255617324,      0.1937666362
      -1.790350835,       3.748210816,    -0.02647081208,      0.1964296016
      -1.775851381,       3.762254109,    -0.02738998266,      0.1990918977
      -1.726815072,       3.811800974,    -0.02827167923,      0.2015294021
      -1.734301858,       3.807225909,    -0.02916153069,      0.2039351175
       -1.75611065,       3.781076381,    -0.03000536035,      0.2060692796
      -1.792120233,       3.742612641,    -0.03083780449,      0.2080457185
      -1.813593823,       3.723898336,    -0.03165418313,      0.2098779875
      -1.752700498,       3.787902303,    -0.03243819891,      0.2116789484
      -1.754649266,       3.786068972,    -0.03321207825,      0.2134693515
      -1.741572255,       3.799363411,    -0.03395636793,      0.2150531708
      -1.753756375,       3.785839387,    -0.03466866864,      0.2165210387
      -1.744143975,       3.794734363,    -0.03534081183,      0.2178321041
      -1.786240756,       3.751923328,    -0.03599085826,      0.2190397689
      -1.779133828,       3.760105957,    -0.03661346848,      0.2202388249
      -1.811315733,        3.72621115,    -0.03720809978,      0.2213881002
      -1.790282298,       3.745653307,    -0.03777282371,      0.2223513815
      -1.781919908,       3.753948925,    -0.03829939467,      0.2231205818
      -1.726393508,       3.814255144,    -0.03877981253,      0.2237375778
      -1.775851668,       3.760775131,     -0.0392140546,      0.2242592877
      -1.778366494,       3.758236601,    -0.03961632429,      0.2247578263
       -1.78283061,        3.75224031,    -0.03997785582,      0.2251364649
      -1.810627386,       3.723463698,    -0.04032128708,      0.2255125431
      -1.759639735,       3.777263616,    -0.04062199566,      0.2257715765
      -1.733666055,       3.806161317,    -0.04086945091,      0.2257828765
      -1.777725366,       3.757784773,    -0.04106640443,      0.2258257771
      -1.773442315,       3.762677367,    -0.04121642763,      0.2258292391
       -1.75983849,       3.775694807,     -0.0413098121,      0.2256713641
      -1.766493503,       3.770143146,    -0.04134176323,      0.2253378893
       -1.76322638,       3.773270931,     -0.0413295083,      0.2249600195
      -1.737657084,       3.802243742,     -0.0412606833,      0.2244578541
      -1.792182983,       3.743612582,     -0.0411471812,      0.2239219269
      -1.815977942,        3.71791445,    -0.04098748028,      0.2233302851
      -1.791919763,       3.741750269,    -0.04077662581,      0.2227217721
      -1.773871823,       3.761647676,    -0.04051316868,      0.2221167002
      -1.755956711,       3.781913207,    -0.04020879266,      0.2214370653
      -1.734077441,       3.805445927,     -0.0398347916,      0.2205713316
      -1.753727394,       3.781780617,    -0.03940694154,        0.21958357
      -1.760077873,        3.77532657,    -0.03893480674,      0.2185360192
      -1.792293022,       3.741717158,    -0.03841517071,      0.2174662792
      -1.761213054,        3.77607672,    -0.03785041519,      0.2162881999
      -1.773114104,       3.763969364,    -0.03723613327,      0.2150543562
      -1.777631629,       3.759390143,    -0.03657146036,      0.2137932269
      -1.793672055,       3.742006485,    -0.03586332555,      0.2125388721
      -1.774392792,       3.765255995,    -0.03510945917,      0.2111499446
       -1.79015253,        3.74586046,    -0.03430834575,      0.2096629626
      -1.765894451,       3.772350637,    -0.03345815819,      0.2080837385
      -1.753723364,       3.786081957,     -0.0325656331,      0.2064665234
      -1.746448891,       3.793562844,    -0.03163413944,      0.2047831176
      -1.771942207,       3.766514205,    -0.03066213104,       0.203046138
      -1.799605852,       3.738949828,    -0.02965227337,      0.2013155073
      -1.800690509,       3.736634602,    -0.02860648989,      0.1995560191
      -1.804400207,       3.734204915,    -0.02752854464,      0.1977164944
      -1.798484333,       3.742147432,    -0.02642678604,      0.1958646094
      -1.775664404,       3.765353658,    -0.02529025769,       0.194009618
      -1.814708555,       3.724413524,    -0.02413420395,      0.1921444623
      -1.831370546,       3.707116582,    -0.02296210648,      0.1902188528
      -1.829847253,       3.710508396,    -0.02177411008,      0.1882711266
      -1.806536542,       3.737696304,     -0.0205676527,      0.1862748871
      -1.788059643,       3.755566005,    -0.01934059957,      0.1842782261
      -1.807743269,       3.735215606,    -0.01809520742,      0.1822882896
      -1.820515152,       3.721234365,    -0.01683321887,      0.1803488399
      -1.834583993,       3.707512082,    -0.01555896943,      0.1783875729
      -1.834461065,       3.708877364,    -0.01426610273,      0.1763857413
        -1.7937272,       3.750215136,    -0.01295869236,      0.1744279133
      -1.830584615,       3.712664208,    -0.01163522671,      0.1724708949
      -1.843195434,       3.698953384,    -0.01029560219,      0.1704546115
      -1.838945652,       3.701635442,    -0.00895225252,      0.1684151384
      -1.809642964,       3.733664632,     -0.0076022984,      0.1662207686
      -1.842969822,        3.69806735,   -0.006242232481,      0.1639512068
      -1.857208584,       3.685457817,   -0.004885940252,      0.1616467546
      -1.837275185,       3.705683817,   -0.003523344383,      0.1592805237
      -1.841995758,       3.701518173,   -0.002156286321,      0.1568062872
      -1.827674399,        3.71474131,  -0.0007833334657,      0.1543166049
      -1.841325956,       3.699738099,   0.0005815660535,      0.1518159057
      -1.824755942,       3.719597839,    0.001949304551,      0.1494089158
       -1.78062012,       3.763223142,    0.003324962372,      0.1469081119
      -1.820234987,        3.72292019,    0.004701621698,      0.1444749773
      -1.834764167,       3.709123875,    0.006080327077,      0.1420995807
       -1.82842357,       3.714050859,    0.007455222121,      0.1398318718
      -1.815227377,       3.727875829,     0.00882304643,      0.1374666881
      -1.837196763,       3.703877774,     0.01018333209,      0.1350146845
      -1.782033221,       3.761020754,      0.0115453142,       0.132537779
      -1.813987846,        3.72988973,     0.01287891582,      0.1299664169
      -1.842267828,       3.699243139,     0.01421955739,      0.1272528982
       -1.83959428,       3.703441963,     0.01553153175,      0.1245545486
      -1.833863007,       3.708561037,     0.01683185703,      0.1218070194
      -1.809974503,       3.731703903,     0.01811365576,      0.1189684033
      -1.801140395,       3.740287217,     0.01938191018,      0.1160297268
      -1.791728397,       3.750116653,     0.02062365236,      0.1130902139
      -1.779610869,       3.761644306,     0.02186742263,      0.1101656122
      -1.853749141,       3.686125363,     0.02309839246,      0.1071153462
      -1.845774876,       3.693195717,     0.02432820966,      0.1040170581
      -1.806162852,       3.736506571,     0.02555234894,      0.1008264323
      -1.762790381,       3.780435726,     0.02675737028,     0.09756279553
      -1.776466113,       3.764889502,     0.02795720546,     0.09445336769
      -1.768923494,       3.772972281,     0.02913909725,     0.09116625621
       -1.83308482,       3.709116551,     0.03029238805,     0.08797258846
      -1.814949268,       3.728473806,     0.03142328492,     0.08482298181
      -1.822527894,        3.72134009,     0.03253961716,     0.08163239422
      -1.811384547,       3.730882475,      0.0336405409,     0.07824720351
      -1.810710922,       3.731677475,     0.03473072383,     0.07488534545
      -1.818756197,       3.725091409,      0.0358076877,     0.07142809343
      -1.817774417,        3.72649222,     0.03687010464,     0.06788552044
      -1.783503124,       3.759740778,     0.03791448318,     0.06437399646
       -1.81346082,       3.729527779,     0.03894625515,     0.06083993957
      -1.759501904,       3.782838509,     0.03996340461,     0.05712139452
      -1.730571091,        3.81206516,      0.0409698043,     0.05328545097
      -1.761925822,       3.781472079,     0.04197001005,     0.04950328119
       -1.76735279,       3.774580898,     0.04296786057,     0.04574152052
      -1.803986381,       3.739922344,     0.04396304666,      0.0418855365
      -1.826943966,       3.715383463,     0.04495470067,     0.03804044588
      -1.839435359,       3.701520971,     0.04594270065,     0.03418592925
      -1.819088863,       3.722652268,     0.04693299005,     0.03039237792
      -1.740740535,       3.803458952,     0.04791365562,     0.02663607616
      -1.791535575,       3.750612683,     0.04889781329,     0.02286574596
      -1.808018268,       3.732578035,      0.0498886825,     0.01914860381
      -1.808912056,       3.730748929,      0.0508946768,     0.01519949672
      -1.832310146,       3.710293902,     0.05189809112,     0.01122631626
      -1.836353034,       3.703252701,     0.05290147595,    0.007351191913
      -1.779161814,       3.762319967,     0.05390793458,    0.003543629475
      -1.792879041,       3.747916894,     0.05491347916,  -0.0001564208752
       -1.79543488,       3.745530409,     0.05590911985,   -0.003773003388
      -1.825567187,       3.713283631,     0.05690876309,   -0.007245586794
      -1.840041576,       3.700720556,     0.05791496798,    -0.01070523647
       -1.85136422,       3.687872901,     0.05892042943,    -0.01401954156
       -1.85328502,       3.685913973,     0.05993672136,    -0.01726249993
      -1.797694694,       3.742675491,     0.06095571456,    -0.02047975546
      -1.783707424,       3.758642724,     0.06197967735,    -0.02359848477
       -1.83103237,        3.70743199,     0.06300995433,    -0.02663709863
      -1.793605515,       3.745946124,     0.06404503376,    -0.02959641329
      -1.784108176,       3.755084157,     0.06509838311,    -0.03252769865
      -1.796365031,       3.745728366,     0.06615403602,    -0.03535817091
      -1.805615765,       3.732429298,     0.06722811105,    -0.03818174969
       -1.83472476,       3.705666331,     0.06829857385,    -0.04085762786
       -1.81231403,       3.728057877,     0.06938804658,    -0.04351593062
      -1.762465659,        3.78029632,     0.07048504221,     -0.0460766108
      -1.809575373,       3.730118909,     0.07159645047,     -0.0485296194
      -1.810358259,       3.728440139,     0.07271256592,    -0.05073327628
      -1.810088621,       3.727671456,     0.07384093135,    -0.05300298647
       -1.79835344,       3.742738867,     0.07496585225,     -0.0551720212
      -1.784390994,       3.754935332,     0.07609904599,    -0.05717459583
      -1.787758904,       3.753105427,     0.07723461317,    -0.05903163816
      -1.793554721,       3.746654449,     0.07836665788,    -0.06074013184
      -1.821564999,       3.717202324,     0.07951345762,    -0.06241716927
      -1.862520999,        3.67542022,     0.08065445059,    -0.06403679824
      -1.821439209,       3.720064915,     0.08179358036,    -0.06562441964
      -1.798606781,       3.742885624,      0.0829217255,    -0.06713222277
      -1.787140615,       3.754825984,     0.08404370049,    -0.06851778676
      -1.784942817,       3.754511116,     0.08516272573,     -0.0698636636
      -1.759794538,       3.780638584,     0.08627847832,     -0.0711090901
      -1.809354207,       3.730505245,     0.08739154862,    -0.07228535551
      -1.847330501,       3.692172329,     0.08849691102,    -0.07338992493
      -1.817976282,       3.720003371,      0.0895933987,     -0.0744336996
      -1.790150034,       3.750463637,     0.09067802954,    -0.07545866934
      -1.796628087,       3.742471114,     0.09175282864,    -0.07640638967
      -1.810439002,       3.733181571,     0.09281638922,    -0.07745469056
      -1.826629487,       3.716154572,     0.09386526194,    -0.07859290014
      -1.862285724,       3.679497533,     0.09489839635,    -0.07972228637
      -1.835413446,       3.705953343,     0.09591245407,    -0.08083520735
      -1.761902054,       3.781203591,     0.09690821595,    -0.08183994463
      -1.776151333,       3.766184474,     0.09789013849,    -0.08280832718
      -1.760814601,       3.782315518,     0.09885450244,    -0.08373243308
      -1.784576625,       3.756828411,     0.09979954612,    -0.08463101656
      -1.852296773,       3.690461906,      0.1007290417,    -0.08546871784
      -1.810545504,       3.729353531,      0.1016361896,    -0.08637070604
      -1.810670234,       3.730935818,      0.1025228793,    -0.08726879711
      -1.788984514,       3.752343973,      0.1033829038,    -0.08812297625
      -1.783372196,        3.75929017,      0.1042115082,    -0.08888228705
      -1.816218037,       3.723583532,      0.1050108822,    -0.08954008981
      -1.813287433,       3.729138093,        0.10577147,    -0.09017697202
      -1.801506181,       3.740644471,       0.106498684,    -0.09073161041
      -1.783341921,       3.757940827,      0.1071973527,     -0.0912582123
      -1.834528061,       3.707990271,      0.1078687701,    -0.09179853861
      -1.832151091,       3.710510194,      0.1085085621,     -0.0923065774
      -1.794781537,       3.748424622,      0.1091154774,    -0.09278194947
      -1.773164496,       3.770682042,      0.1096866797,    -0.09324124272
      -1.782138813,       3.762239769,      0.1102290288,    -0.09370988638
      -1.772040932,       3.771951113,      0.1107407938,    -0.09419670962
       -1.74243742,        3.80171505,      0.1112105834,    -0.09470883167
      -1.777892511,       3.769508801,      0.1116458762,    -0.09513722567
      -1.773644659,       3.767159111,      0.1120445577,    -0.09540756314
      -1.826664602,       3.718940571,      0.1124097444,    -0.09568714562
      -1.858308042,       3.684466371,      0.1127339519,    -0.09587406458
      -1.785727988,       3.760344318,       0.113023761,    -0.09601827732
      -1.779619475,       3.765410203,      0.1132677415,    -0.09605933634
      -1.796928399,       3.747875421,      0.1134783015,    -0.09611073709
      -1.800897123,       3.740785049,      0.1136447041,    -0.09614448777
      -1.754154459,       3.789813763,      0.1137617474,    -0.09613229852
      -1.809315343,       3.737136619,      0.1138345032,    -0.09606527794
      -1.808710389,       3.735519932,      0.1138575755,    -0.09598709195
      -1.873308799,       3.672002717,       0.113830311,    -0.09588569346
       -1.81636829,       3.729466642,       0.113749323,    -0.09576672186
      -1.788885956,       3.754032485,       0.113622189,    -0.09569051359
      -1.802546079,       3.741736204,      0.1134467071,    -0.09555591293
      -1.795055614,        3.74846946,      0.1132228803,    -0.09539331274
      -1.748956405,        3.79363586,       0.112954831,    -0.09524545751
      -1.796259923,       3.748161379,      0.1126394083,    -0.09511992975
       -1.82057379,       3.724742223,      0.1122683099,    -0.09493849921
      -1.819244386,       3.723069269,      0.1118406119,    -0.09480367045
      -1.773628145,        3.77055142,       0.111351879,    -0.09460928172
      -1.790760411,       3.752375648,       0.110805435,    -0.09441914688
      -1.796624688,        3.74835295,      0.1101846849,    -0.09418563333
       -1.76172467,       3.781833327,      0.1094983344,    -0.09394599084
      -1.748482751,       3.797949974,      0.1087540484,    -0.09364697098
      -1.779701186,       3.764767763,      0.1079542712,    -0.09334780952
      -1.807558082,       3.735066354,      0.1071077461,    -0.09299648475
      -1.851117603,       3.691659308,      0.1062064034,    -0.09257765368
      -1.753159507,       3.789823818,      0.1052451543,    -0.09209520637
       -1.81215599,        3.73343679,      0.1042240369,    -0.09160645783
      -1.808955189,       3.738213954,      0.1031427961,    -0.09113007438
      -1.843072315,       3.702549034,      0.1020056287,    -0.09063775648
      -1.812892666,       3.732278681,      0.1008121553,    -0.09010582712
      -1.793420996,       3.750275227,     0.09956261029,    -0.08961888671
      -1.791406521,       3.752548467,     0.09825448616,    -0.08913880388
      -1.795394132,       3.747130196,     0.09689189268,      -0.088682642
      -1.742059929,       3.801977187,     0.09548362701,    -0.08825391489
      -1.801185823,       3.743742159,     0.09401881317,    -0.08779010024
      -1.803292058,       3.741447025,     0.09250221866,    -0.08733217709
      -1.787099163,       3.754477295,      0.0909251745,    -0.08687039025
      -1.786175871,       3.758435928,     0.08928385229,    -0.08641689047
      -1.764580633,       3.777404681,     0.08757310213,    -0.08599319749
      -1.811960261,       3.734132229,     0.08580121094,    -0.08564125662
      -1.805080254,       3.738909812,     0.08396045341,    -0.08533108549
       -1.78165108,       3.762817957,     0.08205441277,     -0.0849889731
      -1.792334395,       3.750610402,     0.08008926331,    -0.08460937283
      -1.811398612,        3.73098501,     0.07806584689,    -0.08415988144
       -1.85738878,       3.685528449,     0.07597927046,    -0.08364669522
      -1.813606128,       3.727190914,      0.0738262972,    -0.08311887558
      -1.825876768,       3.718604521,     0.07161547646,    -0.08258566164
      -1.796299996,       3.750988366,     0.06933720857,    -0.08206345894
      -1.853319996,       3.692230414,     0.06699464071,    -0.08165287526
      -1.828667365,       3.717893985,     0.06460781873,    -0.08125124863
      -1.816065569,       3.727929632,     0.06216796555,    -0.08091557519
      -1.812927421,       3.730599506,     0.05966718098,    -0.08061186767
      -1.815657845,        3.72617222,     0.05711031651,    -0.08027666487
      -1.791349348,       3.752025674,      0.0545035188,    -0.07992946487
      -1.829773603,       3.716973381,     0.05185577738,    -0.07954182017
      -1.845404204,       3.699283973,     0.04915805353,    -0.07911701746
      -1.879457313,       3.665020875,     0.04640407505,     -0.0786197281
      -1.830693508,       3.716130853,     0.04359881794,    -0.07817201647
      -1.873579313,       3.670875404,     0.04075775422,    -0.07775043993
      -1.864920125,       3.681190044,     0.03788457033,    -0.07736461164
      -1.824501291,       3.720653989,     0.03497656709,    -0.07701437991
      -1.761764623,       3.783458626,     0.03203643657,    -0.07671822193
      -1.779951769,       3.765088752,     0.02907226387,    -0.07648971171
      -1.788463883,       3.756023612,     0.02608617212,    -0.07631860311
      -1.789012777,       3.753176676,     0.02308834466,    -0.07604873878
      -1.809606652,         3.7351355,     0.02007071443,    -0.07594707402
      -1.825114348,       3.718543616,     0.01704441381,    -0.07584833627
      -1.767810307,       3.775761014,     0.01400570304,     -0.0757097452
      -1.801369702,       3.743738191,     0.01093932693,    -0.07557045656
      -1.742958546,       3.801293589,    0.007859589714,    -0.07553993424
      -1.764951559,       3.780309423,    0.004763262165,    -0.07549010968
      -1.794616219,       3.749883655,    0.001655988901,    -0.07537077425
       -1.83204768,       3.709972057,   -0.001469346987,    -0.07515206687
      -1.812529885,        3.73050966,   -0.004594440568,    -0.07488328211
      -1.849232012,       3.694873173,   -0.007738103276,    -0.07452997179
      -1.803044694,       3.742431458,    -0.01089060651,    -0.07431024174
      -1.861306738,       3.682496788,    -0.01404269931,    -0.07421839608
      -1.899468639,       3.643764337,    -0.01717806739,    -0.07403165549
      -1.866043039,       3.677716408,    -0.02030498014,    -0.07392282661
      -1.834420688,       3.708888337,    -0.02342015936,    -0.07384793625
      -1.838135235,       3.704491554,    -0.02652729829,    -0.07380336652
      -1.814484852,       3.728427006,    -0.02962402778,    -0.07381391948
      -1.831672715,       3.709490519,    -0.03271433372,     -0.0739222722
      -1.888278807,       3.655831178,    -0.03577086537,    -0.07395141243
       -1.90307095,       3.639909213,    -0.03880884527,    -0.07406593003
      -1.892236402,       3.649498243,     -0.0417938763,    -0.07404672332
      -1.882368377,       3.660911085,    -0.04474724276,    -0.07409771472
      -1.806548939,       3.737352005,    -0.04766081273,    -0.07413142117
       -1.84253525,       3.699847121,     -0.0505371851,    -0.07412500703
       -1.82744709,       3.714940529,    -0.05337300109,    -0.07410804595
      -1.830184201,       3.711783146,    -0.05617252793,    -0.07424893103
      -1.901075346,       3.642092168,    -0.05890801055,     -0.0743571439
      -1.890517235,       3.652416497,    -0.06158662602,    -0.07439913483
      -1.854211202,       3.687867496,    -0.06422165916,    -0.07446081351
      -1.815202991,       3.725075929,    -0.06681605921,    -0.07463581717
      -1.803194873,       3.739812709,    -0.06937051057,    -0.07491877227
      -1.824829292,       3.718341317,    -0.07185914435,    -0.07515758405
      -1.846486627,       3.695270308,     -0.0742737364,    -0.07536497168
      -1.840391908,       3.699974074,    -0.07662865642,     -0.0756031028
      -1.895808213,        3.64876745,    -0.07891060414,     -0.0758283213
      -1.874399982,       3.669332078,    -0.08111336229,    -0.07597965885
      -1.905580388,       3.637650922,    -0.08325143761,    -0.07621028974
      -1.921894343,       3.622633139,    -0.08532037481,    -0.07644034721
      -1.864957233,       3.679113555,    -0.08733183946,    -0.07667321973
      -1.905040635,       3.638431401,    -0.08927200772,    -0.07685535513
      -1.813919384,       3.728676995,    -0.09113531203,    -0.07699192529
      -1.806673677,       3.737248672,    -0.09292363433,    -0.07717140292
      -1.803865389,       3.738637464,    -0.09464206097,    -0.07740716158
      -1.795201729,       3.746769642,    -0.09629529664,    -0.07770791857
      -1.853329491,       3.690127375,    -0.09787632176,    -0.07794494128
      -1.875081903,       3.668198104,    -0.09937867089,    -0.07822632189
      -1.831827833,       3.710895003,     -0.1007985146,    -0.07852057011
       -1.84609762,       3.698513578,      -0.102141562,    -0.07885580367
      -1.840909144,       3.700923544,     -0.1034135989,    -0.07926415751
      -1.834729087,       3.711563799,     -0.1046052806,    -0.07965279993
       -1.75482846,       3.789629907,     -0.1057226533,    -0.08004344709
      -1.814971426,       3.727301973,     -0.1067666065,    -0.08041420696
      -1.807435614,       3.735877173,     -0.1077352363,    -0.08079557723
      -1.791678142,       3.751200207,     -0.1086344703,    -0.08121563567
      -1.869927141,       3.673405273,     -0.1094725819,    -0.08161918587
      -1.873785819,        3.67050377,      -0.110250451,    -0.08202799346
       -1.85369551,       3.690724298,     -0.1109710972,    -0.08239174384
      -1.848471312,        3.69583288,     -0.1116304916,    -0.08274763647
      -1.846370323,       3.696631192,     -0.1122204263,    -0.08308377426
      -1.833609257,       3.709271797,      -0.112743418,    -0.08340583015
      -1.798662391,       3.742945924,      -0.113193247,    -0.08379184233
      -1.818513478,       3.724548949,     -0.1135750878,    -0.08423127528
      -1.870630027,       3.673025682,     -0.1139112411,    -0.08461991883
      -1.880880115,       3.660406305,     -0.1141897198,    -0.08502890003
      -1.862337193,       3.681024319,     -0.1144130033,    -0.08546325552
      -1.802382609,         3.7397856,     -0.1145895387,     -0.0858923772
      -1.837350338,       3.707099289,     -0.1147098551,    -0.08635828564
        -1.7728859,       3.769782522,     -0.1147768844,     -0.0868715895
      -1.797604127,       3.744832447,     -0.1148079918,    -0.08734277743
      -1.836298574,       3.704539106,     -0.1147942673,    -0.08788259421
      -1.829017593,       3.713655995,      -0.114749926,     -0.0883646063
      -1.881269208,       3.662559644,     -0.1146517136,    -0.08894240049
      -1.881712748,       3.661555033,     -0.1145132586,    -0.08949201558
      -1.833694755,       3.710002161,     -0.1143227043,    -0.09013092114
      -1.829702521,        3.71442437,     -0.1141068589,    -0.09073663174
      -1.825170296,       3.717875427,     -0.1138585549,    -0.09134293403
      -1.800996462,       3.741250446,     -0.1136000117,    -0.09181766123
      -1.843654533,       3.699957409,     -0.1133145894,    -0.09230971272
      -1.855365156,       3.686695333,     -0.1130158992,    -0.09266496701
      -1.853063038,       3.687651998,     -0.1126870228,    -0.09302910306
      -1.818647098,       3.725979721,     -0.1123454668,    -0.09332486278
      -1.797349739,        3.74437903,     -0.1119691415,     -0.0936596228
      -1.801917755,       3.741739152,     -0.1115820813,    -0.09386216505
      -1.801642932,       3.741975017,     -0.1111794159,    -0.09406839358
      -1.815170994,       3.728048155,     -0.1107702919,    -0.09418939577
      -1.792226527,       3.750441895,     -0.1103378588,    -0.09425928234
      -1.842218342,       3.703001049,     -0.1098970091,    -0.09414912769
      -1.878708256,       3.666382196,     -0.1094410419,    -0.09397058544
      -1.893660577,       3.652854008,     -0.1089832672,    -0.09359566515
      -1.889286323,       3.655855435,     -0.1085126678,    -0.09312870781
      -1.936011513,        3.60822728,     -0.1080441835,    -0.09258499928
      -1.935887799,       3.609323713,     -0.1075511202,      -0.092044044
      -1.812774012,       3.733815392,     -0.1070439801,     -0.0914535563
      -1.796748576,       3.747090859,     -0.1065307797,    -0.09079363725
      -1.780099071,       3.762350278,     -0.1060240701,    -0.08994001236
       -1.74084633,       3.804774031,     -0.1055116344,    -0.08898635509
      -1.805176744,         3.7411706,     -0.1049814172,    -0.08800736928
      -1.824296317,       3.717640059,     -0.1044448549,      -0.086900105
      -1.805677273,       3.735470992,     -0.1038979748,    -0.08570321581
      -1.846035437,       3.699178417,     -0.1033384442,    -0.08439485507
       -1.77953845,       3.765274314,     -0.1027641975,    -0.08301616629
      -1.817913556,       3.727276842,     -0.1021774305,    -0.08157545227
      -1.859605969,       3.685918735,     -0.1015973851,    -0.07992414867
      -1.842757272,        3.70130609,     -0.1009979451,    -0.07826349078
      -1.838661116,       3.707762608,     -0.1003771755,     -0.0765675031
      -1.838076464,       3.709307691,    -0.09974177763,    -0.07484619629
      -1.822019189,       3.723141531,    -0.09909694614,    -0.07309983519
      -1.824345248,        3.71944562,    -0.09844944084,    -0.07129340308
      -1.820268611,       3.725280693,    -0.09779419203,    -0.06941774851
      -1.800646061,       3.745492623,    -0.09713122985,    -0.06752210675
       -1.83677562,       3.709025746,    -0.09646220421,    -0.06554424916
       -1.84422795,       3.696770995,    -0.09578321952,     -0.0635058931
      -1.891559152,       3.655982019,    -0.09509963764,    -0.06127889326
      -1.807130808,       3.740875485,    -0.09440174204,    -0.05890370342
       -1.76067177,       3.783995189,    -0.09368146589,    -0.05649631867
      -1.813749302,       3.731686362,    -0.09294172783,    -0.05404773068
      -1.811254337,       3.734717724,    -0.09217547785,    -0.05166585282
      -1.850098553,       3.695360824,    -0.09138381685,    -0.04938420618
      -1.924380664,       3.623113769,    -0.09056441735,    -0.04716408758
      -1.869926658,       3.678286169,    -0.08972394924,    -0.04495888942
      -1.837157246,       3.712480447,    -0.08887495557,    -0.04273560818
      -1.818079678,       3.729545395,    -0.08801724168,    -0.04044303264
       -1.80337319,       3.743023509,    -0.08713964405,    -0.03819837988
      -1.798607262,       3.746733527,    -0.08624546666,    -0.03580833235
      -1.814894515,       3.730880036,    -0.08533673754,    -0.03336915448
      -1.888462853,       3.658351001,    -0.08440670506,    -0.03100230581
      -1.843959821,       3.701323895,    -0.08344337021,    -0.02864719891
      -1.846014297,       3.699753572,    -0.08245655634,    -0.02633584793
      -1.800192076,       3.744358328,    -0.08144125577,    -0.02397846818
      -1.820960095,       3.725931203,    -0.08039623512,    -0.02192043269
      -1.829493966,       3.717557576,    -0.07935333122,    -0.01981230575
      -1.808456844,       3.738057094,    -0.07831163476,    -0.01767034481
      -1.816816899,       3.730055787,    -0.07726184858,    -0.01551979835
      -1.834051528,       3.713855228,    -0.07620424529,    -0.01332047074
      -1.833037331,       3.712822987,    -0.07513160251,    -0.01116332786
      -1.857951805,       3.689140862,    -0.07404860257,   -0.008984396575
      -1.793153251,         3.7538869,    -0.07292145738,   -0.006905356079
      -1.772500429,       3.774401442,    -0.07177543626,   -0.004730957622
      -1.821970715,       3.724065094,    -0.07060994229,   -0.002709041901
      -1.808263187,       3.737658381,    -0.06940689334,  -0.0006967016952
      -1.814946246,       3.731895285,    -0.06819195476,    0.001172771184
      -1.846055858,        3.69989273,      -0.066968303,    0.002943944623
      -1.852321449,        3.69366064,    -0.06571419054,    0.004573069978
      -1.848177409,       3.699882263,     -0.0644399542,    0.006183250437
      -1.791554656,       3.754885279,    -0.06316944498,    0.007769322648
       -1.80658214,       3.739428573,     -0.0618978507,    0.009380733691
      -1.806695603,       3.739082213,     -0.0606088189,      0.0110099059
      -1.847795262,       3.696286021,     -0.0593027041,     0.01257812478
      -1.874763353,       3.671125485,    -0.05797107661,     0.01410142746
      -1.841073704,       3.705614141,    -0.05662532939,     0.01560385327
      -1.824878047,       3.721843666,    -0.05529388606,     0.01726062267
      -1.805142695,       3.741078342,    -0.05395341947,     0.01888634665
      -1.831877307,       3.714290926,    -0.05260024107,     0.02046069141
      -1.817907147,       3.727199954,    -0.05123538469,     0.02201286205
      -1.831460218,       3.713550469,    -0.04986756358,     0.02348968115
      -1.857127018,       3.688417823,    -0.04849621328,     0.02489580676
      -1.883810698,       3.661427087,    -0.04711095534,      0.0262529815
      -1.841422979,       3.702980614,    -0.04572884164,     0.02754279346
      -1.796723493,       3.746028799,    -0.04434070408,     0.02872178618
      -1.840958178,       3.698894669,    -0.04293630973,     0.02976920143
      -1.838821384,       3.703074528,    -0.04153676186,      0.0308056774
      -1.829099949,       3.711994673,    -0.04013071966,     0.03199155853
      -1.859219119,       3.682384687,    -0.03872598858,     0.03322219159
       -1.88372619,       3.659039306,    -0.03731589245,     0.03447954829
      -1.908473036,       3.633954175,     -0.0359113336,     0.03573114357
       -1.89766424,       3.643609044,    -0.03450883535,     0.03704421927
      -1.880048322,       3.663429613,    -0.03310781356,     0.03835097165
      -1.828583742,       3.714123608,     -0.0317130466,     0.03967504821
      -1.816668287,       3.725761855,    -0.03033695119,     0.04088079324
      -1.807894364,       3.734529398,     -0.0289689236,     0.04203210891
      -1.827189744,       3.712908031,    -0.02760680135,     0.04305699593
      -1.871180898,       3.671671391,    -0.02625404895,     0.04407037683
       -1.83979414,       3.703515029,    -0.02490812996,     0.04510196926
       -1.84410324,       3.696358756,    -0.02356610371,     0.04617556542
      -1.864599489,       3.677347254,    -0.02223026041,     0.04731642815
      -1.760380397,       3.780277742,    -0.02089762638,     0.04843851458
      -1.783879634,        3.75937807,     -0.0195673521,     0.04958929846
      -1.801852533,       3.740167437,     -0.0182451747,     0.05081863208
      -1.825093648,        3.71833236,    -0.01693264014,     0.05207686348
      -1.838866025,        3.70398276,    -0.01562988807,     0.05337219144
      -1.840135545,       3.701281171,    -0.01433903697,     0.05464948961
      -1.881109538,       3.661269615,      -0.013065985,     0.05591304677
      -1.811728997,       3.730488915,    -0.01180389559,     0.05719299733
      -1.824887242,       3.718046449,    -0.01055087643,     0.05848105416
      -1.852642605,       3.687937719,   -0.009309689148,     0.05975175495
      -1.814418813,       3.726450524,    -0.00808253197,      0.0610554928
      -1.840065749,       3.702937479,   -0.006871557518,     0.06242633224
      -1.846399984,       3.694901873,   -0.005675775267,     0.06387041079
      -1.849516745,       3.692604384,    -0.00449108799,      0.0653492453
      -1.781778812,       3.760122314,   -0.003314216938,      0.0668565084
      -1.785956873,         3.7551384,   -0.002144211688,     0.06837214507
       -1.81135309,       3.729837311,  -0.0009800152187,     0.06989000528
      -1.811164559,       3.729921859,   0.0001776513957,     0.07143431735
      -1.908303288,         3.6317859,    0.001328124956,     0.07302513066
      -1.911718767,       3.628232266,    0.002470870173,     0.07462225125
      -1.884607584,       3.657907935,    0.003599101766,     0.07624070895
      -1.867920532,       3.674438632,    0.004715809671,     0.07787057363
      -1.867318283,       3.676189705,    0.005818916181,     0.07947784344
      -1.841765324,       3.701024701,    0.006909702858,     0.08105521455
      -1.838930532,       3.703729673,    0.007990670508,     0.08261737775
      -1.830489068,       3.711541823,    0.009065117787,     0.08419231094
       -1.82234481,       3.718519458,     0.01013001206,        0.08572039
      -1.864446898,       3.678145043,     0.01119093564,     0.08726524799
      -1.860759501,       3.681583807,     0.01224868308,     0.08880865217
       -1.79664946,       3.744388908,     0.01329255804,     0.09037429869
      -1.797883421,       3.744480625,     0.01432683068,     0.09191276827
        -1.7727108,       3.767752037,     0.01534585899,      0.0934033631
      -1.829479557,       3.712461369,     0.01635562614,     0.09485061851
      -1.841870046,       3.699405329,     0.01736172658,     0.09626007872
      -1.868475343,       3.673971032,     0.01835409177,     0.09764203332
      -1.902801337,       3.639793783,     0.01934065621,     0.09898475516
      -1.852083353,       3.690682867,     0.02031959254,      0.1002756222
      -1.822884667,       3.720056024,     0.02128421003,      0.1015500213
      -1.902113994,       3.639250628,     0.02224638727,      0.1028221405
      -1.842120435,       3.699800415,     0.02319687301,      0.1041295955
      -1.799887556,       3.742342841,     0.02414597952,      0.1053857416
       -1.83503826,       3.707088503,     0.02508645386,      0.1065738923
       -1.80018964,       3.741615853,     0.02601432429,      0.1077349785
      -1.798839336,       3.742185695,     0.02694051292,       0.108898556
      -1.864062226,       3.678824957,     0.02784346728,       0.109981116
      -1.861127407,       3.679066506,     0.02875499763,       0.111052232
      -1.887630485,       3.655865909,     0.02965175803,      0.1120691326
      -1.837267793,       3.705675266,     0.03054063001,      0.1130386082
        -1.8821945,       3.662439932,     0.03142600471,      0.1139121269
      -1.895710645,       3.648418521,     0.03231096077,      0.1148267497
      -1.888120009,       3.654754445,     0.03318467996,      0.1156906025
      -1.799043604,       3.744846912,     0.03405156472,      0.1165878566
      -1.824671111,       3.721251764,     0.03490605735,      0.1173848481
      -1.779648216,       3.763789185,     0.03575520006,      0.1182521625
      -1.788325601,       3.755139389,      0.0366038751,      0.1190577291
      -1.864592808,       3.681250391,     0.03745422157,      0.1198225245
      -1.900021495,         3.6433892,     0.03830814304,      0.1205462457
      -1.825080753,       3.715964314,     0.03917045957,      0.1211848726
        -1.8500177,       3.694057505,     0.04003160936,      0.1217487799
      -1.845016482,       3.697796962,     0.04089856149,      0.1222859185
      -1.809549581,       3.738299068,     0.04177456868,      0.1227957836
      -1.777110231,       3.768228946,     0.04265612788,      0.1232323372
      -1.832703839,       3.710196206,     0.04353901096,      0.1235564945
      -1.865664866,        3.68046995,      0.0444256553,      0.1238872214
      -1.848655381,       3.696020493,     0.04531597339,      0.1242262874
      -1.871305195,       3.671583576,     0.04620620103,      0.1244993705
      -1.846955323,        3.69983594,     0.04710368441,      0.1247020707
      -1.922909262,       3.623740995,     0.04800716005,      0.1248703926
      -1.830589652,        3.71307547,     0.04890988075,      0.1250530405
      -1.786654416,       3.762243659,      0.0498210404,      0.1252188615
      -1.786826187,       3.760851886,     0.05074283317,      0.1253978124
      -1.791524658,       3.752202188,     0.05166439888,      0.1255127611
      -1.821113841,       3.727494314,     0.05259781251,       0.125652799
      -1.847221649,       3.699715835,     0.05353654268,      0.1258355199
      -1.803924731,       3.742918713,     0.05448511447,      0.1259577775
      -1.759294694,       3.790316027,     0.05543504874,      0.1259813023
      -1.726195397,       3.819888661,     0.05638781387,      0.1259409339
       -1.77469559,       3.771806717,     0.05734413142,      0.1258848252
      -1.770830976,       3.775485689,     0.05830682123,      0.1258295958
      -1.804725811,       3.741691707,     0.05927020282,      0.1257022078
      -1.806303023,        3.73702637,     0.06024928711,      0.1256071643
      -1.838105837,       3.708811495,     0.06123529415,      0.1255018432
      -1.801570303,       3.744905851,     0.06222670114,      0.1253789748
      -1.779003781,       3.767972517,     0.06320995788,      0.1252891414
      -1.782303325,         3.7631875,     0.06419075344,      0.1251940096
      -1.787710474,        3.75971512,     0.06516997984,      0.1251678354
      -1.788451093,       3.757680107,     0.06614827737,       0.125171633
      -1.835511736,       3.710467686,     0.06712963275,      0.1252451469
      -1.833343579,       3.711530784,     0.06811717856,      0.1253917067
      -1.783930456,       3.762185429,     0.06910781455,      0.1255369938
      -1.810368285,       3.737306515,     0.07009905588,       0.125663149
      -1.775637565,       3.772450849,     0.07109165632,      0.1257122921
      -1.790677042,       3.756440713,     0.07208532126,      0.1257448963
      -1.839237059,       3.706442461,     0.07307363484,      0.1257506418
       -1.88609983,       3.659357582,     0.07407023656,      0.1257722595
      -1.870664579,       3.675735143,     0.07505692262,      0.1257356069
      -1.867044471,       3.677675155,     0.07603757194,      0.1256919196
      -1.823062598,       3.722708328,     0.07700905931,      0.1256567881
      -1.798868565,       3.747493024,     0.07797380545,      0.1256033763
      -1.782440887,       3.764082737,     0.07893425413,      0.1256194006
      -1.800528371,       3.745027885,     0.07987869414,       0.125675565
       -1.77587476,       3.769546348,     0.08080870965,       0.125780973
      -1.765023275,       3.778082205,     0.08172754143,      0.1259338789
      -1.786171081,       3.759626084,     0.08264141222,      0.1261115378
      -1.764501326,       3.779005269,     0.08354215364,      0.1262566575
      -1.818734327,       3.728069721,     0.08442977309,      0.1263919711
      -1.829917052,        3.71592544,     0.08530856012,      0.1265487848
       -1.80648946,       3.738622708,     0.08617511232,      0.1267197687
      -1.857429757,       3.688191812,     0.08702194945,      0.1268867884
      -1.829447079,       3.717502796,     0.08785127879,        0.12703261
      -1.798791562,       3.747995959,     0.08865579704,      0.1271024987
      -1.781649843,       3.765046612,     0.08944005781,      0.1271932551
      -1.826978837,        3.71851805,     0.09020846288,      0.1272360576
       -1.79344919,       3.751584173,     0.09096431285,      0.1272963959
      -1.771809852,       3.771404466,     0.09169896114,      0.1273731581
       -1.82796298,       3.717081306,     0.09241657766,      0.1274881262
       -1.85161373,       3.693482797,     0.09311985316,      0.1275953626
      -1.769437558,       3.774391061,     0.09380156925,      0.1277657453
      -1.802486693,        3.74339262,      0.0944737972,      0.1278448901
      -1.789466924,       3.755798369,     0.09511957173,       0.127940461
      -1.823883262,       3.721683328,     0.09574854218,      0.1280324577
      -1.824174311,       3.722787816,     0.09636067074,      0.1281230506
       -1.84923319,       3.695943267,     0.09695876057,      0.1281516546
      -1.782119875,       3.764674875,     0.09754063804,      0.1282239369
      -1.769470654,       3.776553057,     0.09809115316,      0.1282766633
      -1.785548113,       3.760996133,     0.09860796407,      0.1283263007
      -1.783749164,       3.761724162,     0.09908493016,      0.1283919428
      -1.737272869,       3.807412378,     0.09953763227,      0.1284739305
      -1.805292889,       3.739953206,     0.09996003713,       0.128516269
      -1.771435387,       3.773149525,      0.1003656132,      0.1286285258
      -1.812106016,       3.734009621,      0.1007558871,      0.1287161283
      -1.798639389,       3.748179244,      0.1011217119,      0.1287984697
      -1.813676613,       3.731309268,      0.1014639171,      0.1288276649
      -1.833041075,       3.713950536,      0.1017818505,      0.1288849247
      -1.865700863,       3.679908312,      0.1020795026,      0.1288633908
      -1.838252849,       3.708671776,      0.1023572342,       0.128854992
      -1.781446246,       3.766917068,      0.1026256952,      0.1287917305
      -1.765305673,        3.78441427,      0.1028743214,      0.1287149541
      -1.770089692,        3.77761193,      0.1030961716,      0.1285416669
      -1.791437099,       3.757636197,      0.1032885854,      0.1283248486
        -1.8500762,       3.698059113,        0.10345323,      0.1280472157
      -1.822190847,       3.726009358,      0.1035902769,      0.1278137909
      -1.784712982,       3.762854131,      0.1037029314,      0.1275575738
      -1.810386218,       3.739989326,      0.1037875446,      0.1273462028
      -1.780451924,       3.766326224,      0.1038457102,      0.1271081249
      -1.813031154,       3.734433317,      0.1038732507,      0.1269076357
      -1.794420706,       3.750590923,      0.1038781183,      0.1266479301
        -1.7721721,        3.77457448,      0.1038531175,      0.1263658056
      -1.805620767,       3.741835534,      0.1037978754,      0.1260036857
      -1.769262905,       3.778042104,      0.1037111534,      0.1256233876
      -1.782677081,       3.764583265,      0.1035991253,      0.1251413421
      -1.816119516,       3.733988729,      0.1034614916,      0.1246432278
      -1.841761087,         3.7058773,      0.1033028099,      0.1240502078
      -1.800355177,       3.746235238,      0.1031236779,      0.1234244647
      -1.830344418,       3.718761599,      0.1029208877,      0.1226994681
       -1.81007264,       3.738361257,      0.1026939975,      0.1219139569
      -1.819715898,       3.727113464,      0.1024448712,      0.1210404092
      -1.829021281,       3.719438202,      0.1021693037,      0.1201633209
      -1.826905157,       3.721448921,      0.1018719054,      0.1191941871
      -1.786701413,       3.760935544,      0.1015390739,      0.1182622424
      -1.811674571,       3.734065448,      0.1011752594,      0.1173100858
      -1.774161714,       3.771799306,      0.1007847483,       0.116342257
      -1.769544927,        3.77691533,      0.1003681306,      0.1153320498
      -1.808979378,       3.739882245,     0.09993160676,      0.1142976039
       -1.78939635,       3.754887091,     0.09947805549,      0.1132165154
      -1.821402278,       3.725951519,     0.09900628743,      0.1121151286
      -1.806338938,       3.739103416,     0.09851799633,      0.1109230886
      -1.779994452,       3.766688717,     0.09801748818,      0.1096764032
      -1.790929729,       3.755248769,     0.09749312544,      0.1084347729
      -1.833021572,       3.714590463,     0.09695140754,      0.1071548858
      -1.899559833,        3.64734764,     0.09639324728,       0.105810579
      -1.840947739,       3.706539105,     0.09581839583,      0.1044194019
      -1.816641754,       3.729126204,     0.09522525788,      0.1029699802
      -1.824607515,         3.7198999,     0.09460757471,      0.1015230177
      -1.812616004,       3.730667076,     0.09397450959,      0.1000350114
      -1.774797911,       3.770525945,     0.09332793672,     0.09850099959
      -1.813395912,       3.731783487,      0.0926610073,     0.09695766382
      -1.833837805,       3.710927608,      0.0919762141,     0.09539898251
      -1.848439241,       3.696046761,     0.09127850498,     0.09379159253
      -1.801666465,       3.744599497,     0.09056366053,     0.09213266022
      -1.820847215,        3.72366065,     0.08983448533,     0.09039751294
      -1.858911174,       3.685681078,     0.08908857331,     0.08863273088
      -1.830273592,       3.712974172,     0.08832028445,     0.08686379855
      -1.782862145,       3.763448386,     0.08753926079,     0.08504073956
      -1.771118966,       3.774930932,     0.08673813109,     0.08322237808
      -1.790178715,       3.755240115,     0.08591917999,     0.08136884915
      -1.794553357,       3.750016124,     0.08508305955,      0.0794685058
      -1.824820047,       3.722607117,     0.08422653474,     0.07753895054
      -1.846763198,       3.699929703,      0.0833518984,      0.0755784869
      -1.854843225,       3.692359903,      0.0824621065,     0.07357554624
      -1.876985417,       3.669022346,     0.08155509784,     0.07153145305
        -1.8670636,       3.679671959,     0.08063234556,     0.06949902017
      -1.817682082,       3.728885972,     0.07968885369,     0.06745282313
      -1.764270431,       3.782835912,     0.07872686693,     0.06539736972
      -1.794032166,       3.751903307,     0.07775228702,     0.06330338193
      -1.791459228,       3.753735971,     0.07676767596,     0.06117159182
      -1.795636544,       3.747276514,     0.07577343813,     0.05902182893
      -1.812168998,       3.733022913,     0.07476084421,     0.05690572259
       -1.78368664,       3.759052707,     0.07372542519,     0.05483384326
      -1.789728812,       3.757021705,     0.07268022074,     0.05271824014
      -1.809420959,       3.735796216,     0.07162465834,     0.05058459766
      -1.801604276,       3.742865561,     0.07056213943,     0.04840145872
      -1.845759855,       3.699048271,     0.06948937122,     0.04619536001
      -1.854666428,       3.690878633,     0.06840572112,     0.04398282222
      -1.838460584,       3.707605312,     0.06731235235,     0.04175945134
       -1.80124131,       3.746292835,     0.06619881675,     0.03958828336
      -1.789170968,       3.755401289,     0.06506807569,     0.03745243373
      -1.810209069,        3.73463904,     0.06392563367,     0.03530387082
       -1.81771843,         3.7262726,     0.06276850287,     0.03316533491
      -1.795931806,       3.748674875,     0.06159658115,     0.03105328983
      -1.843114379,        3.70252128,     0.06041890702,     0.02892922049
      -1.786585979,       3.759043024,     0.05922192891,     0.02684631051
      -1.822179132,       3.724225638,     0.05801387994,     0.02476965088
       -1.79100825,         3.7543432,     0.05678994486,     0.02270782631
      -1.810604327,       3.733320463,     0.05555387321,     0.02060184006
      -1.796244671,       3.747586421,     0.05430724174,     0.01851926709
      -1.797591176,       3.745389166,     0.05303986497,     0.01635224485
      -1.780577523,       3.765413821,     0.05176928219,     0.01430222553
      -1.809505792,       3.735811751,     0.05050116939,     0.01231636183
      -1.803619846,       3.740911545,     0.04922725613,     0.01034952422
      -1.819983276,       3.723195182,     0.04794085829,    0.008341162196
      -1.818183425,       3.727113535,     0.04664760391,    0.006370450842
      -1.773356732,       3.772056495,     0.04534667471,     0.00438959173
      -1.756984979,       3.789010301,      0.0440368271,    0.002447775597
      -1.789885265,        3.75490071,     0.04271753457,   0.0005351567438
      -1.801819903,       3.742223411,     0.04139247566,   -0.001359276826
      -1.831649407,       3.712100426,     0.04005981774,    -0.00325066946
      -1.787480033,       3.757624962,      0.0387208609,    -0.00511343736
      -1.792365738,       3.751475461,     0.03737800345,   -0.006963462506
      -1.823916965,       3.723481645,     0.03603298992,   -0.008775071784
      -1.829419764,       3.716935659,     0.03468672504,    -0.01055023068
       -1.78663149,       3.759630856,     0.03333844566,    -0.01231184468
      -1.806774112,       3.737638443,     0.03199008683,    -0.01406028477
      -1.790883629,       3.753765794,     0.03063987046,    -0.01579938443
      -1.797215115,       3.746664261,     0.02928416316,    -0.01751263845
      -1.786516694,       3.760348486,     0.02792541317,    -0.01918976563
      -1.786829087,       3.757366448,     0.02656278698,    -0.02084330304
       -1.83223339,       3.714078627,     0.02519870128,    -0.02248783959
      -1.865300603,       3.680202377,     0.02383262742,    -0.02411224608
      -1.851959573,       3.694674442,     0.02246692051,    -0.02569549811
       -1.81327912,       3.733198763,      0.0210982267,    -0.02726330584
      -1.759662209,       3.787570303,     0.01972947537,    -0.02880075841
      -1.790929828,       3.755229206,     0.01835853333,    -0.03032204766
      -1.788172606,       3.757417094,     0.01698703393,    -0.03180748784
      -1.797039335,       3.746889513,     0.01561528502,    -0.03326239322
      -1.825905199,       3.720276131,     0.01424567339,    -0.03467441197
      -1.807354732,       3.734866509,     0.01287664437,    -0.03606818154
      -1.790950161,       3.757012805,     0.01150542074,      -0.037442354
      -1.779925545,       3.766340721,     0.01013189258,    -0.03878602915
      -1.799320446,       3.746528592,    0.008757989936,    -0.04015101274
      -1.810822857,       3.733409706,    0.007386695637,     -0.0415028755
      -1.826526903,       3.717403286,    0.006014909926,     -0.0428510851
      -1.821427582,       3.725262451,    0.004643806564,    -0.04418635926
      -1.813743888,       3.733828371,     0.00327306858,    -0.04549363255
      -1.856913484,       3.686509751,    0.001903327835,    -0.04679703946
      -1.794623476,       3.749353827,   0.0005364220965,    -0.04806782265
      -1.802637114,       3.742552167,   -0.000827399823,    -0.04928223717
      -1.815968015,       3.728805429,   -0.002190373989,    -0.05045616907
      -1.813619388,       3.730559978,   -0.003550932625,    -0.05160766553
      -1.780649145,       3.764971547,    -0.00490615522,    -0.05272496241
       -1.76300409,       3.785546955,   -0.006252358221,    -0.05386048824
       -1.80735178,       3.737811662,   -0.007590722822,    -0.05501552246
      -1.839919999,       3.705945668,   -0.008922117993,    -0.05617624665
      -1.840051637,       3.707334942,    -0.01024685329,      -0.057307397
      -1.798809095,       3.747503329,    -0.01156709102,    -0.05843446897
      -1.815457736,       3.730547689,    -0.01288133506,    -0.05954156891
      -1.813872702,       3.731071657,    -0.01419095923,    -0.06062737679
      -1.790162296,       3.756024184,    -0.01549286513,    -0.06171130214
      -1.820384358,       3.728813578,    -0.01678694599,    -0.06275457409
      -1.810264707,        3.73752834,    -0.01807222603,    -0.06380925697
      -1.835065633,       3.713681022,    -0.01934847878,    -0.06483804262
      -1.850614157,       3.698578775,    -0.02061931101,    -0.06585119452
      -1.854507671,       3.691099929,    -0.02188114766,    -0.06680036276
      -1.820421612,       3.725858228,    -0.02313565778,    -0.06771758624
      -1.808852394,       3.736545125,    -0.02437967732,    -0.06860698421
       -1.82052477,       3.724157094,    -0.02561373141,    -0.06951290549
      -1.843582779,       3.702178864,    -0.02683495917,     -0.0704150746
      -1.804713188,       3.742705002,    -0.02804541966,     -0.0712991583
      -1.783664425,       3.763511808,    -0.02924390113,    -0.07215194445
      -1.841582539,       3.705980102,     -0.0304349283,     -0.0729685621
      -1.826801965,        3.71741499,    -0.03161489692,    -0.07376551338
      -1.891394049,        3.65541893,    -0.03278252272,    -0.07453806104
      -1.834905704,       3.713039721,    -0.03393900808,    -0.07529812297
      -1.705148512,       3.843296454,    -0.03508575126,    -0.07605813008
      -1.763585116,       3.783837708,    -0.03622470656,    -0.07679465499
      -1.777405329,       3.769199028,     -0.0373509845,     -0.0774910268
      -1.818671603,       3.729007534,    -0.03846479289,    -0.07815477029
      -1.804467469,       3.740436764,    -0.03956347844,    -0.07876984626
      -1.875592549,       3.671616944,    -0.04064865008,     -0.0793711867
      -1.889425592,       3.657831179,    -0.04172430653,    -0.07997370053
      -1.833817632,       3.714505355,    -0.04278903551,    -0.08055372586
      -1.803250237,       3.744263414,    -0.04384101072,    -0.08112864502
      -1.859100217,       3.685983763,    -0.04487909562,     -0.0816848051
      -1.794890657,       3.752180975,    -0.04589718169,    -0.08219503485
      -1.784812059,       3.761937688,    -0.04689050405,    -0.08260923878
      -1.818365578,       3.731049652,    -0.04786045686,    -0.08294671055
      -1.782093383,       3.765332311,    -0.04881379038,    -0.08324736883
      -1.739674095,       3.805774998,    -0.04975319073,    -0.08349807234
      -1.806601715,       3.740550683,     -0.0506783716,    -0.08374168705
      -1.780114725,       3.766856245,     -0.0515899233,    -0.08396002267
      -1.808745241,       3.737628542,    -0.05248818734,    -0.08414993294
        -1.8267415,       3.721733413,    -0.05337189173,    -0.08433197706
      -1.865908782,       3.683251491,    -0.05424199451,    -0.08452701944
      -1.840572576,       3.708528248,    -0.05509626413,    -0.08473685276
      -1.824630742,       3.723309168,     -0.0559307417,    -0.08494613619
      -1.806860759,       3.740060703,    -0.05674381699,    -0.08516735728
      -1.814110002,       3.732835396,    -0.05753294003,    -0.08538556698
      -1.817583456,       3.729012568,    -0.05829554854,    -0.08556160902
      -1.792431518,       3.754065464,     -0.0590322585,    -0.08570999012
      -1.799923718,       3.749874838,    -0.05974463957,     -0.0858484302
      -1.851084433,       3.698214174,    -0.06043183798,    -0.08596296595
      -1.802323863,       3.746912162,    -0.06109360598,    -0.08604696095
      -1.798733967,       3.748957534,    -0.06172839814,    -0.08609635843
      -1.813119542,       3.734494544,    -0.06233916656,    -0.08613982563
