    "rms[Rho]"    ,    "rms[RhoE]"   ,       "CD"       ,       "CL"       
      -2.425322956,       3.057522668,       0.122970205,     0.02266344144
     -0.4722122128,       5.030310938,      0.1861510208,     0.03721455949
     -0.5280902427,       4.960516047,      0.2367404573,     0.04221792259
      -0.547285717,        4.92258167,      0.2757142812,     0.04550062069
     -0.5598114236,       4.896558938,      0.3046277213,     0.04725354593
     -0.5787547932,       4.869096423,      0.3246161324,      0.0485900616
     -0.6251336924,       4.816404636,       0.337857627,      0.0498175404
     -0.6673204824,       4.770533649,      0.3459242113,     0.05096248749
     -0.7041397782,       4.732266064,       0.350016153,     0.05196147343
     -0.7338748919,        4.70335265,      0.3512158482,     0.05311785873
     -0.7552791648,       4.685033857,      0.3505269748,     0.05278607747
     -0.7705387891,       4.673365469,      0.3489767556,     0.05206757819
     -0.7774835894,       4.670749354,      0.3466123137,     0.05125278349
     -0.7801919457,       4.671282204,      0.3434156732,     0.04939562834
     -0.7837488068,         4.6699433,        0.33952748,     0.04744856035
     -0.7893801539,       4.665248492,      0.3350734591,     0.04546646831
     -0.7975001035,       4.656539571,      0.3301939285,     0.04415385153
     -0.8072620844,       4.645385724,       0.325031403,     0.04340153207
     -0.8164791954,       4.635122417,      0.3197034461,     0.04224767658
     -0.8252963733,       4.625551541,      0.3146148126,     0.04151699411
     -0.8333872456,       4.616501672,      0.3097195513,      0.0406712757
     -0.8404419382,       4.609551284,      0.3051012512,     0.03970284937
     -0.8472117537,       4.602452501,      0.3008361306,      0.0384817319
     -0.8523688852,        4.59732411,       0.296784767,     0.03756512614
     -0.8571240533,       4.592854947,      0.2929902973,     0.03652591012
     -0.8636301059,       4.586330916,      0.2893654341,     0.03583907748
     -0.8694151745,       4.579813937,      0.2857776736,      0.0351333674
     -0.8747362358,       4.574532884,      0.2822622517,     0.03422734901
     -0.8801008139,       4.568616131,      0.2788193059,     0.03346598703
     -0.8850088153,       4.562971109,      0.2754428022,      0.0328877769
     -0.8903770758,       4.557005509,      0.2721306055,     0.03303330476
     -0.8958641643,       4.551369187,      0.2688882331,     0.03271816873
     -0.9001978505,       4.546741709,      0.2657666883,     0.03202928459
     -0.9061505708,        4.54018572,      0.2626954259,     0.03147908578
     -0.9112356716,       4.534541739,      0.2596701948,     0.03078984844
     -0.9144821898,        4.53176151,      0.2567215696,     0.03060385546
     -0.9209359827,       4.524527334,      0.2538464818,     0.03029168935
     -0.9265800679,       4.517730394,      0.2509997352,     0.03006277573
       -0.93115309,       4.513038234,      0.2483194375,     0.03009347759
     -0.9364000821,       4.507116529,      0.2457170107,     0.03000941913
     -0.9413201279,       4.501306102,      0.2431748558,     0.02976676216
     -0.9432832703,       4.499906097,      0.2407512353,     0.02972536464
     -0.9481003517,        4.49454769,      0.2383737537,     0.02993186982
     -0.9522160291,        4.48943625,      0.2360299729,     0.03002420425
     -0.9544166984,         4.4879557,      0.2337552659,     0.02995976151
     -0.9583732012,       4.483220513,      0.2315355719,      0.0297248787
     -0.9636693921,       4.476874604,      0.2293794095,     0.02935658575
     -0.9667291621,       4.473760011,       0.227279698,     0.02915509791
     -0.9708108264,        4.46947285,      0.2252153599,       0.029072743
     -0.9757190903,       4.463680413,       0.223130389,     0.02891533909
      -0.978343562,       4.461706955,      0.2210471264,     0.02883275339
      -0.982001962,       4.458086493,      0.2189744202,     0.02908983764
     -0.9878621749,       4.450914944,      0.2169441113,     0.02949498089
     -0.9899385439,       4.449654148,      0.2149546755,     0.02983314472
     -0.9953011241,       4.443318778,      0.2130331927,     0.02964768678
     -0.9989616777,       4.439665474,      0.2110626747,      0.0294000971
      -1.001744971,       4.437644767,      0.2091663203,     0.02942982808
      -1.005837238,       4.433447033,      0.2072740601,     0.02993921104
      -1.010597974,       4.427992163,      0.2054123807,     0.03015262861
      -1.012908975,        4.42644342,      0.2035785844,     0.03037737247
      -1.018696859,       4.419184593,        0.20177947,     0.03093088161
      -1.022337249,       4.415502174,      0.2000243002,     0.03131408145
      -1.023024543,       4.416043972,      0.1983281662,     0.03133959941
      -1.028178683,        4.40962373,       0.196584546,     0.03127552076
      -1.032668073,       4.404590454,      0.1949294789,      0.0312599858
      -1.032962013,       4.405951925,      0.1933226129,     0.03125371878
      -1.036133609,       4.402355879,       0.191745179,     0.03132111485
      -1.041549285,       4.394849491,      0.1901400875,     0.03164560441
      -1.044376832,       4.392189596,      0.1885943261,      0.0318144108
       -1.04687989,       4.389708468,      0.1870265544,     0.03198266953
      -1.050132582,       4.386235481,      0.1855385507,     0.03219889292
      -1.052063809,       4.385062172,      0.1840660621,     0.03200847933
      -1.056936663,        4.37926321,      0.1826493737,     0.03165266902
      -1.061651502,       4.373621763,       0.181228098,     0.03146016265
      -1.063997375,       4.371974574,      0.1798828604,     0.03141877345
        -1.0700711,       4.364380172,      0.1785103875,     0.03135883522
        -1.0761412,       4.356906876,      0.1771172307,     0.03150522638
      -1.075407187,       4.360629943,       0.175724089,     0.03181653512
      -1.080620172,       4.354273279,      0.1742967438,     0.03181022063
      -1.085195299,        4.34872911,      0.1729819187,     0.03221222159
      -1.088358103,       4.345530875,      0.1716731069,     0.03236289609
      -1.090840178,       4.343350394,      0.1703703768,     0.03270738306
      -1.091983683,       4.343044241,      0.1691008725,     0.03285002384
      -1.097370127,       4.335966907,      0.1678681443,     0.03323432805
      -1.100358154,       4.332734641,       0.166670043,     0.03350842158
      -1.102369166,       4.330931536,      0.1654106384,     0.03353997828
      -1.106458299,        4.32602276,      0.1641913952,     0.03366140303
      -1.109566698,       4.322784838,      0.1629621869,     0.03364115296
      -1.112728286,        4.31944431,      0.1617217171,     0.03336138302
        -1.1166291,       4.314789716,      0.1605378948,     0.03330112612
      -1.117724482,       4.314665136,      0.1593479536,     0.03348220016
      -1.120640457,       4.311472242,      0.1581408435,     0.03341121322
      -1.119909095,       4.315332443,      0.1569653172,     0.03343483014
       -1.12443762,        4.30929538,      0.1557905142,     0.03357104004
       -1.12858132,       4.303554227,      0.1546590475,     0.03397725588
      -1.129740163,        4.30383484,      0.1534900586,     0.03418894649
      -1.133116634,       4.299286632,      0.1523013935,     0.03439019655
       -1.13690296,       4.294253556,      0.1511599981,     0.03423927768
      -1.138780312,       4.292531851,      0.1499793587,     0.03405760176
       -1.13951918,       4.292351331,      0.1488275232,     0.03409095745
      -1.144060839,       4.286361463,       0.147698264,     0.03417015559
      -1.146777397,       4.283300989,      0.1465469752,     0.03391895975
      -1.149545243,       4.280124917,      0.1454208254,     0.03367675026
      -1.151600128,       4.278225695,       0.144323125,     0.03362908076
      -1.152142964,       4.279016321,      0.1432392738,     0.03332629496
      -1.154959704,       4.276499133,      0.1422081184,     0.03321151492
      -1.157523421,       4.274167039,      0.1411591757,     0.03330045436
      -1.160571001,       4.271101099,      0.1401446356,     0.03337697953
      -1.164484219,       4.266314102,      0.1390921727,     0.03319363356
      -1.168192511,       4.262369349,      0.1380657979,     0.03291194572
      -1.168687341,       4.263241183,      0.1370141975,     0.03277685387
      -1.169555427,       4.262947197,      0.1359787819,     0.03278253917
      -1.172556732,       4.259662186,      0.1349791914,     0.03254164084
      -1.177349543,       4.253291848,      0.1340179421,     0.03226232833
      -1.174859631,       4.258338241,      0.1330137798,     0.03207650659
      -1.180648031,        4.25057537,      0.1320472645,     0.03195375304
      -1.181344595,       4.250628687,      0.1310733865,     0.03162617297
      -1.180364862,       4.253274762,      0.1301371067,     0.03115407576
      -1.182899105,       4.250372713,      0.1292102516,     0.03082419314
      -1.185076388,       4.248025061,      0.1283065523,      0.0305390484
      -1.187221275,       4.245423853,      0.1274144318,     0.03029091248
      -1.187776651,       4.246133692,      0.1265462914,     0.03011314706
      -1.189587581,       4.244738473,      0.1256861374,     0.02996555421
        -1.1917155,       4.242595721,      0.1248361325,     0.02934701408
      -1.194543163,       4.239299829,      0.1239930747,     0.02870858636
      -1.199571591,       4.232957326,      0.1231507803,     0.02838839981
       -1.20065479,       4.232626818,      0.1223619718,     0.02849070999
      -1.202725422,       4.230403062,      0.1215726537,     0.02827782968
      -1.204040849,       4.229525992,      0.1208082975,     0.02796126689
      -1.205250647,       4.229381004,      0.1200282143,     0.02776111385
       -1.20689506,       4.227723399,      0.1192819054,     0.02752611769
      -1.208414315,       4.226876189,      0.1185293054,     0.02733554543
       -1.21133902,        4.22372112,      0.1177862336,     0.02700625028
      -1.213613739,       4.221166817,      0.1169951759,     0.02679334223
        -1.2166839,        4.21777395,      0.1162240588,     0.02663270299
      -1.218104918,        4.21727012,      0.1154749269,      0.0264157282
       -1.22203154,       4.212523571,       0.114672082,      0.0260467624
      -1.220174268,       4.217237605,      0.1139019931,     0.02571583796
      -1.221906852,       4.216226489,      0.1131944722,     0.02560737152
      -1.228274591,       4.207573466,      0.1124849021,     0.02524244578
      -1.225893982,       4.212753613,      0.1117989648,     0.02506725453
      -1.230353782,       4.206872331,      0.1110923238,     0.02494310688
      -1.229164251,       4.210429194,      0.1104877269,     0.02552934102
      -1.227508557,       4.214125631,      0.1098245664,     0.02586760611
      -1.232114633,       4.208212761,      0.1092086438,     0.02627534911
      -1.234103171,        4.20632735,      0.1085059848,     0.02656566682
      -1.239177496,       4.199732907,      0.1078327779,     0.02688904182
       -1.23680787,       4.206813736,      0.1071622524,     0.02728816533
      -1.240978502,       4.200604424,      0.1064953474,     0.02772138195
       -1.24693472,       4.192269582,      0.1058269755,     0.02792070414
      -1.247487005,       4.193998635,      0.1051632528,     0.02833742499
       -1.25122588,       4.188863653,      0.1044868315,     0.02873371377
      -1.253602112,       4.186288491,      0.1037779916,      0.0292081099
      -1.259317882,       4.178736853,       0.103087374,     0.02970584019
      -1.258497876,       4.181664678,      0.1024142616,     0.03025279004
      -1.258938295,       4.182286714,      0.1017137529,     0.03069378875
      -1.263666255,       4.176149817,        0.10102563,     0.03098673853
      -1.269165583,       4.169427596,      0.1003394372,     0.03146013403
      -1.272319453,       4.166183447,     0.09961961041,     0.03200180869
       -1.27536512,       4.162914822,     0.09889636628,     0.03256637508
      -1.275728534,       4.163726891,     0.09817038862,     0.03312723126
      -1.281033185,        4.15707605,     0.09745078723,     0.03348752327
       -1.28147085,       4.158089825,     0.09669254242,      0.0337957406
      -1.283713146,       4.155830143,     0.09591036284,     0.03376929249
      -1.283788192,       4.157218403,     0.09511796769,     0.03418094373
      -1.280828082,       4.162925885,     0.09439839521,     0.03481342798
      -1.286819085,        4.15564911,     0.09370637522,     0.03539873009
      -1.284262751,       4.161232134,      0.0930376931,      0.0362523695
      -1.287519241,       4.157556863,     0.09240078473,     0.03696099016
      -1.286726532,       4.160127902,     0.09178065289,     0.03778263522
      -1.284845445,       4.166460347,     0.09115236885,     0.03873151924
      -1.295656131,       4.150939087,     0.09048649897,     0.03956405596
       -1.29926823,       4.145940887,     0.08981086583,     0.04034203321
      -1.299331595,       4.148084523,     0.08915763008,     0.04095028534
      -1.302796384,       4.143487814,     0.08851417527,     0.04149878559
      -1.311717018,       4.130708523,     0.08784266833,     0.04197044428
      -1.315418391,       4.126091363,     0.08715605951,     0.04230813501
      -1.319174873,       4.121223365,     0.08654258208,     0.04314265255
      -1.319516087,       4.122061373,     0.08587707221,     0.04377698674
       -1.31993252,       4.122688301,     0.08525423057,      0.0446768781
      -1.319547637,       4.124628566,     0.08463706333,     0.04542257136
      -1.320075348,       4.124476086,     0.08400623504,     0.04614229652
      -1.322802134,       4.121606308,     0.08338169529,      0.0469629158
      -1.330233404,       4.111621527,     0.08274577064,     0.04785190419
      -1.329317667,       4.114817415,     0.08209095844,     0.04864739818
      -1.324002792,       4.124585761,     0.08145149492,     0.04952868686
      -1.325468565,        4.12355822,     0.08082829572,     0.05025727592
      -1.332093853,       4.115115438,     0.08021410642,     0.05132440217
      -1.334982612,       4.112028299,     0.07961411536,     0.05248251839
      -1.329448395,       4.123172262,     0.07903091379,     0.05353376436
      -1.339434621,       4.109016793,     0.07843245253,     0.05471244056
      -1.340212717,       4.107807609,     0.07782251972,     0.05605612046
      -1.342871189,       4.106401705,      0.0772258308,      0.0571506467
      -1.346287604,       4.101240438,     0.07659974656,     0.05818527127
      -1.349524995,       4.096991195,     0.07597330335,     0.05928656257
      -1.347136565,       4.102120148,     0.07534983024,     0.06070482263
      -1.352098185,       4.095311802,     0.07475022419,     0.06222242771
      -1.347414917,       4.103805377,     0.07413442383,     0.06366967055
      -1.360714581,       4.083903892,     0.07349741654,     0.06508299506
      -1.359670165,       4.086944967,      0.0728764159,     0.06643120871
      -1.359059295,       4.088637114,     0.07221833623,     0.06800282137
       -1.36234355,       4.084021926,     0.07154477626,     0.06980788415
      -1.362822973,       4.084244543,     0.07081665418,     0.07148634981
      -1.356686811,        4.09717625,     0.07010225364,      0.0728812822
      -1.364219374,       4.085486587,     0.06935427937,     0.07442780565
      -1.358592112,       4.093938149,     0.06857114545,     0.07590569754
       -1.36531526,       4.085868479,     0.06772810936,     0.07750095258
      -1.364325103,       4.087811764,     0.06681451487,     0.07932610402
       -1.37673584,       4.070006691,     0.06582739274,     0.08108811854
      -1.378365993,       4.068977353,     0.06479242257,     0.08268679601
      -1.386152146,       4.057937871,     0.06367478571,     0.08437570957
      -1.372368168,       4.080144177,     0.06246311944,     0.08612024773
      -1.388988709,       4.055909294,     0.06115721369,     0.08795469748
      -1.386963351,        4.06044566,     0.05974684069,     0.08966571113
      -1.385811702,        4.06301197,     0.05823405819,     0.09121327997
      -1.394703068,        4.05075085,       0.056603801,     0.09265876456
        -1.3942257,        4.05225275,      0.0548346974,     0.09422660009
      -1.388108999,       4.065327664,     0.05292460376,     0.09570378276
      -1.399380792,       4.047821665,     0.05084782005,     0.09723924088
      -1.399107287,       4.048292266,     0.04862430632,     0.09875658111
      -1.400230863,       4.049273546,      0.0462495974,      0.1002893967
      -1.400658896,       4.048716352,     0.04369441353,      0.1018954534
      -1.406850857,       4.039671734,     0.04097154047,      0.1034161083
      -1.402175085,       4.047340514,      0.0380811359,       0.104990434
      -1.411697585,       4.032654111,     0.03501605734,      0.1066356758
      -1.406077974,        4.04274033,     0.03176826864,      0.1082474899
      -1.420291612,       4.021460119,     0.02827854624,      0.1100521034
      -1.413339448,       4.033094782,       0.024616292,      0.1117576781
      -1.420906975,       4.022633896,     0.02077502141,      0.1133707709
      -1.425953305,       4.015718673,     0.01674931986,      0.1149018124
      -1.425212838,       4.017765254,     0.01256123064,      0.1164343186
      -1.422028568,       4.026401674,    0.008188671311,      0.1179556482
      -1.425505376,       4.020634655,    0.003629709955,      0.1194491935
      -1.415467459,       4.036648857,   -0.001122058396,      0.1208636691
      -1.427959657,       4.017987405,   -0.006069057208,      0.1221931411
      -1.435298274,       4.007021475,    -0.01119894408,      0.1234259028
       -1.44190276,       3.997612541,    -0.01654833293,      0.1246444713
      -1.430245033,       4.017129764,    -0.02202961441,      0.1258249738
      -1.438560132,       4.004162841,    -0.02768060415,       0.127004311
      -1.445642736,       3.994681683,    -0.03350263454,      0.1282417181
      -1.442890395,       4.000079722,    -0.03948453953,      0.1295320356
      -1.448150192,       3.992766731,    -0.04564714709,      0.1306909042
      -1.451702613,       3.988015647,    -0.05191896986,      0.1319341395
      -1.438854802,        4.01174327,    -0.05834266044,      0.1330813135
      -1.449530468,       3.994572567,    -0.06486001314,       0.134350274
      -1.443099114,       4.003910422,    -0.07138219603,      0.1359409367
      -1.458275551,        3.98029657,    -0.07791609622,      0.1375217559
      -1.467226878,       3.966551352,    -0.08443735854,      0.1392545599
      -1.467691819,       3.967169866,    -0.09101659613,      0.1410672693
      -1.457998401,       3.983587691,     -0.0976445466,      0.1429250986
       -1.46860327,       3.967012744,     -0.1042976812,      0.1447642516
       -1.46980628,       3.966165466,     -0.1109537001,      0.1466014764
      -1.477257862,       3.954828969,     -0.1175874625,       0.148419956
      -1.483280579,       3.945776073,     -0.1241837056,      0.1502687101
      -1.477646074,       3.955791714,     -0.1307385149,      0.1521193369
      -1.471939456,       3.964401216,      -0.137249508,      0.1539642511
      -1.474085989,        3.96246714,     -0.1436849294,       0.155801604
      -1.475487703,       3.962341363,     -0.1500398371,      0.1576778756
      -1.489585621,       3.938728877,     -0.1562946037,       0.159581212
       -1.48556155,       3.947776515,     -0.1624441868,      0.1614898667
      -1.492462795,       3.935889685,      -0.168483319,      0.1633954123
      -1.496842123,       3.929248724,     -0.1744021681,      0.1653088355
      -1.494792335,        3.93309095,     -0.1801748677,      0.1672160893
       -1.49476727,       3.933879501,     -0.1858361934,      0.1693389016
      -1.498035424,       3.929189848,     -0.1912890949,      0.1714702409
      -1.508569059,       3.910726678,     -0.1965147289,      0.1735885885
      -1.508007483,       3.912247629,     -0.2014807886,      0.1756494212
      -1.506605689,       3.915546439,     -0.2061999168,      0.1776111523
      -1.512384596,       3.907303839,      -0.210662011,      0.1794719328
      -1.509091825,       3.914116925,     -0.2148146096,      0.1813045677
       -1.51276868,       3.908710382,     -0.2186918027,      0.1831530109
      -1.520657578,       3.896377461,     -0.2222801885,      0.1849014439
       -1.52885778,       3.883129588,     -0.2255490865,      0.1865002934
      -1.531514368,       3.879786692,     -0.2284956129,      0.1879934208
      -1.532212361,       3.878809334,     -0.2311059177,      0.1892945583
      -1.531982285,       3.881105288,     -0.2333688812,      0.1903746846
      -1.539521082,         3.8681576,     -0.2352880718,      0.1912891069
      -1.536944685,       3.874706725,      -0.236857324,      0.1920507811
      -1.532092222,       3.884479781,     -0.2380845989,      0.1927318318
      -1.537951473,       3.875279106,     -0.2389994315,      0.1934545587
      -1.544229842,       3.864081472,     -0.2395095195,      0.1938826117
      -1.551551794,       3.851927802,     -0.2396285089,      0.1940892629
      -1.553113006,       3.849758471,     -0.2393809736,       0.194195941
      -1.556579049,       3.844327266,     -0.2387788151,      0.1942843942
      -1.557306364,       3.843703808,     -0.2378262724,      0.1943339475
      -1.559660651,       3.841080453,     -0.2365369267,      0.1943714547
      -1.564364297,       3.833506284,      -0.234905763,      0.1944158217
      -1.569271075,       3.825526484,     -0.2329457542,      0.1943401704
      -1.572123718,       3.821329629,     -0.2306609513,      0.1942506014
      -1.573694755,       3.819404367,     -0.2280573905,      0.1941014827
      -1.576411975,       3.815461133,     -0.2251471227,      0.1938124511
      -1.578014358,       3.813590765,     -0.2219371954,      0.1933690299
      -1.581255106,       3.808872016,     -0.2184208782,      0.1927143721
      -1.584755387,       3.803272675,     -0.2146285672,      0.1918816213
      -1.588121479,       3.798012703,     -0.2105620382,      0.1909506376
      -1.590990479,       3.793287209,     -0.2062426104,       0.189890409
      -1.594809926,       3.787363331,     -0.2016392756,      0.1885923858
      -1.597806596,       3.782623552,     -0.1967788171,       0.187193252
      -1.601303541,       3.777233146,     -0.1916590588,      0.1855515254
      -1.603995201,       3.773083427,     -0.1862945686,      0.1837027538
      -1.607477429,       3.768242339,     -0.1806801954,      0.1816923276
      -1.610518169,       3.763954369,     -0.1748331881,      0.1795766583
      -1.614031682,       3.759218874,     -0.1687443944,      0.1771207678
      -1.617363023,       3.754523822,      -0.162433842,      0.1744471634
      -1.621322292,       3.749253507,     -0.1558976242,      0.1715923906
      -1.624874459,       3.744406312,     -0.1491402548,       0.168576131
      -1.628832466,       3.739078362,     -0.1421811579,      0.1654303883
      -1.632619989,       3.733553952,     -0.1350328169,      0.1622560507
      -1.636613339,       3.728154692,     -0.1276992089,      0.1589464369
      -1.640420448,       3.722471802,      -0.120186287,       0.155353515
      -1.644062176,       3.717389485,     -0.1124872082,      0.1518766895
      -1.647688856,       3.711949397,      -0.104610694,      0.1482534519
      -1.651553418,       3.706702774,    -0.09656412261,      0.1448120851
      -1.655511722,        3.70041618,    -0.08835097338,      0.1414398541
      -1.658986784,       3.695279687,    -0.07997628681,      0.1380490057
      -1.662343198,       3.689915027,    -0.07145244609,      0.1345578752
      -1.665724491,       3.685097485,    -0.06281102464,      0.1310612825
      -1.668963421,       3.679757135,    -0.05403261989,      0.1273572207
      -1.672172698,       3.674938358,    -0.04516878554,       0.123784638
      -1.674769627,       3.670927531,     -0.0361881087,       0.119821808
      -1.678625592,       3.664979247,    -0.02710639328,      0.1159162825
      -1.681753997,       3.659629324,    -0.01791559827,      0.1121438082
      -1.682210913,       3.659499201,   -0.008650901382,      0.1085065006
      -1.687608878,       3.650393449,   0.0007089661209,      0.1051094672
      -1.690400028,       3.645853739,     0.01015179163,      0.1016647656
      -1.686702005,       3.654536322,      0.0196659935,     0.09813192108
      -1.687053302,       3.658937784,     0.02922308057,     0.09463026462
      -1.680210625,       3.675986277,     0.03880416762,     0.09108430632
      -1.668744967,       3.704625433,     0.04842634108,     0.08750853337
      -1.669208267,       3.704402603,     0.05804342183,     0.08417033684
      -1.658183567,       3.729756535,     0.06764974046,     0.08077581668
      -1.667495935,       3.711428001,     0.07723590276,     0.07779200794
       -1.67368557,        3.70106144,     0.08678489571,     0.07422412516
      -1.673277757,       3.703301242,     0.09630967982,      0.0713911195
      -1.682910621,       3.684624018,      0.1058197356,     0.06875947265
      -1.673722164,       3.693761954,      0.1153246088,     0.06628453356
       -1.68519311,       3.681925633,      0.1247875754,     0.06420898665
      -1.671188138,       3.703021495,      0.1341829284,     0.06220637559
      -1.702069346,        3.65123236,      0.1435403722,     0.06039217006
      -1.690615687,       3.671013735,       0.152820358,     0.05885317477
       -1.69086043,       3.678049988,      0.1620310761,     0.05750878306
      -1.706768901,       3.647587477,       0.171102939,     0.05665802676
      -1.712652769,        3.63708149,      0.1800808356,     0.05614741777
      -1.699487748,       3.665685405,      0.1889390918,     0.05580074593
      -1.685660594,       3.688462404,      0.1976517566,      0.0558669367
      -1.717305026,        3.63051936,      0.2062190287,      0.0559737088
      -1.715859071,       3.632282358,       0.214628014,     0.05617849383
      -1.705760209,       3.657265606,      0.2228898839,     0.05661484652
      -1.715901247,        3.64171515,      0.2309976751,     0.05708787857
      -1.709149582,       3.653607141,      0.2389576995,     0.05727385103
       -1.70387192,       3.661108262,       0.246722448,     0.05766065926
      -1.712318404,       3.653160827,      0.2542610195,     0.05849403279
      -1.696756348,       3.677997202,      0.2615791638,     0.05969960447
       -1.72083296,       3.636925792,      0.2687517647,     0.06125399604
      -1.695833548,       3.672063895,      0.2757204449,     0.06289079934
      -1.715899829,       3.646290261,      0.2824310458,     0.06471669763
      -1.712704031,       3.654267474,      0.2889333166,     0.06661141636
      -1.694475469,       3.691521996,      0.2952098622,     0.06872005247
      -1.716853526,       3.654559128,      0.3012822986,     0.07122398649
      -1.726544005,       3.635581982,      0.3071132316,     0.07366349745
      -1.706362967,       3.669944689,       0.312713564,     0.07656899207
       -1.71308787,       3.664880026,       0.318090283,     0.07967239095
      -1.731969936,       3.626906135,      0.3231971484,     0.08278965498
      -1.709947065,       3.661178107,      0.3280731221,     0.08589519546
      -1.720839819,       3.650043784,      0.3327048134,      0.0892019463
      -1.723557913,       3.643199979,      0.3371272142,     0.09275054648
      -1.708074234,          3.671059,      0.3412386142,     0.09652028047
      -1.705911647,       3.680261738,      0.3451180712,      0.1007529992
      -1.720805536,       3.656619951,      0.3487681792,      0.1050690322
      -1.723798458,       3.638604215,      0.3522036199,      0.1094991905
      -1.741280387,       3.608115793,      0.3553963889,      0.1144526986
      -1.700954972,       3.693429886,      0.3583858583,      0.1197894415
      -1.720816288,       3.657319274,      0.3610556724,      0.1249496702
      -1.725151384,       3.648684011,      0.3634663439,      0.1303971911
      -1.718013948,        3.66381149,      0.3655754229,       0.135745859
       -1.69748051,       3.706459087,      0.3673859137,      0.1409343718
      -1.719254337,       3.662020006,      0.3688878806,      0.1460687983
      -1.705351655,       3.689273197,      0.3700570872,      0.1511694713
      -1.723909796,       3.648702476,      0.3708424445,      0.1560688661
      -1.715258308,       3.668070577,      0.3712421385,      0.1604269744
      -1.722311922,        3.65319111,      0.3712378617,      0.1639402782
      -1.707589162,       3.684114285,      0.3707964805,      0.1664964632
      -1.711066984,       3.676045183,      0.3699273511,      0.1684472463
      -1.705268848,       3.687189086,      0.3685555052,      0.1693049561
       -1.71754255,        3.66276851,      0.3667294659,      0.1690120736
      -1.716163007,       3.664369302,      0.3643956747,      0.1678001778
      -1.737274624,       3.615897584,      0.3615244147,      0.1654160389
      -1.715326494,       3.664937199,      0.3579625529,      0.1615179564
      -1.726949835,       3.639160478,      0.3535801048,       0.155781028
      -1.726540673,       3.638792324,      0.3484143247,      0.1489987578
      -1.725794356,       3.639958875,      0.3422226447,      0.1402106206
      -1.719510845,       3.652293021,      0.3350943443,      0.1296581799
      -1.717533488,       3.658284133,      0.3268190515,      0.1177853523
      -1.709553365,       3.673585015,      0.3171973292,      0.1045388151
        -1.7177379,        3.65564099,        0.30626316,     0.08888036067
      -1.718362808,       3.654428405,      0.2938750514,     0.07126685101
      -1.727297194,       3.633624729,       0.280082186,     0.05232310593
      -1.717051123,       3.656052573,      0.2647365745,     0.03177400623
      -1.706106839,       3.671668562,      0.2480840226,    0.008545917851
      -1.712553623,       3.665313869,      0.2302127652,    -0.01468770042
      -1.692897764,         3.6976977,      0.2111875696,    -0.03895444851
      -1.692765163,       3.704545097,      0.1911139573,    -0.06254382824
      -1.706626827,       3.676684014,      0.1701591074,    -0.08583783837
      -1.716021954,       3.656321087,      0.1484754304,     -0.1088328614
      -1.726524505,       3.632975964,      0.1263244028,     -0.1309937999
       -1.72189558,       3.643426347,      0.1040129716,     -0.1511618969
      -1.694887083,       3.700386585,      0.0813829618,      -0.170155308
      -1.696115766,       3.699821558,     0.05886467253,     -0.1870221586
      -1.697674902,       3.697703972,     0.03664080058,      -0.202461233
      -1.721298366,       3.644101378,     0.01433691873,     -0.2162138594
      -1.723321792,       3.638988939,   -0.007442422948,     -0.2254973528
      -1.714651499,       3.659049294,    -0.02891952017,     -0.2311740024
      -1.699713629,       3.690017191,    -0.04981088028,     -0.2350200373
      -1.712333245,         3.6645396,    -0.06972500427,     -0.2353278177
      -1.722078159,       3.643727163,     -0.0885384416,     -0.2318415239
      -1.717969214,       3.652404397,     -0.1062926985,     -0.2238530176
      -1.697000917,       3.698322757,      -0.122825961,     -0.2155323394
      -1.718173081,       3.651715118,     -0.1383457663,     -0.2053418272
       -1.71956128,       3.648257569,     -0.1527223445,     -0.1947668306
      -1.707191015,       3.675696168,     -0.1660758762,     -0.1805847976
      -1.720330627,       3.647438286,     -0.1784705715,     -0.1661931211
      -1.728610809,       3.627521415,     -0.1898570799,     -0.1516647138
      -1.706542817,       3.676967132,     -0.2002597174,     -0.1362080418
      -1.708699006,       3.674041519,     -0.2095881536,     -0.1199279161
      -1.698362657,        3.69668266,      -0.217988178,     -0.1016986611
      -1.710062331,       3.670184055,      -0.225362782,    -0.08275799821
      -1.715403839,       3.658719959,     -0.2319082114,     -0.0648270532
      -1.710983502,       3.668818939,     -0.2374894452,    -0.04503420212
      -1.714781697,        3.66105555,     -0.2424076694,    -0.02708239694
      -1.712222915,       3.666345231,     -0.2466770323,   -0.007508279396
      -1.714971447,        3.66138978,     -0.2503723848,     0.01163096565
      -1.705579458,       3.681791172,     -0.2534279356,     0.03108671165
      -1.698888548,       3.695641784,     -0.2558392806,     0.05105781016
      -1.700833544,       3.691163407,     -0.2577333762,     0.06968707288
      -1.723806151,       3.641264509,     -0.2594373534,     0.08862166124
      -1.718358342,       3.653731625,     -0.2606528247,      0.1066746596
      -1.708676382,       3.675154254,     -0.2616883773,      0.1241894723
      -1.705983519,       3.681312116,      -0.262237387,      0.1396554817
      -1.714890028,       3.663236077,     -0.2626341829,      0.1541321525
      -1.721509534,       3.648297783,      -0.262785622,      0.1678609244
      -1.717918369,       3.657534622,     -0.2628378615,      0.1810847204
      -1.689114355,       3.717212194,     -0.2627832631,        0.19374332
      -1.705716264,       3.684889695,      -0.262612104,      0.2060336575
      -1.709222698,       3.677219114,     -0.2624640459,      0.2172531331
       -1.71751718,       3.660643304,     -0.2621128659,      0.2270512105
      -1.696786938,       3.704957363,     -0.2616637736,      0.2354963218
       -1.71059358,       3.676918282,     -0.2612520472,      0.2432048362
      -1.722136831,       3.652112386,     -0.2609254567,      0.2511161433
      -1.719146433,       3.658124714,     -0.2606080946,      0.2586755886
        -1.7119693,       3.676185101,     -0.2603622866,      0.2662831889
      -1.706894719,       3.686340561,     -0.2600958631,      0.2719294669
      -1.718912805,       3.663409375,     -0.2599673284,       0.276742724
      -1.725706919,         3.6493482,     -0.2598991244,      0.2811778981
       -1.73012654,       3.641479243,     -0.2598550833,       0.285052116
      -1.731296286,       3.640187401,     -0.2599345972,      0.2883179674
      -1.708061796,       3.691509571,      -0.260141696,      0.2916708652
      -1.695660549,       3.715945441,     -0.2603908605,      0.2947988608
      -1.708294166,       3.694895982,     -0.2607118633,      0.2969869731
      -1.717113707,       3.678335031,     -0.2611614779,      0.2987213992
      -1.707927926,       3.697553584,     -0.2616917062,      0.2997980692
      -1.725050927,       3.664514187,     -0.2623178404,      0.3005459573
      -1.741263167,       3.631127843,     -0.2630319325,      0.3006415389
      -1.719154971,       3.679392211,     -0.2638165625,      0.3004880462
      -1.700292108,       3.717187163,     -0.2646649893,      0.2999050377
      -1.715813592,       3.690540117,     -0.2655591965,      0.2989181476
       -1.72854812,       3.666605435,     -0.2665340552,      0.2974644914
       -1.71972145,       3.684569286,     -0.2676271533,      0.2955086458
      -1.717595731,       3.690364001,     -0.2687826602,      0.2932743478
      -1.733672016,       3.659979832,     -0.2700716788,      0.2904093206
      -1.737979048,       3.652402976,     -0.2714707615,      0.2873287692
      -1.733148164,       3.664043597,     -0.2729746748,        0.28404789
      -1.733866116,       3.664607785,     -0.2745496963,      0.2803229015
      -1.730745753,       3.672199748,     -0.2762780371,      0.2763227181
      -1.715425404,       3.700045006,     -0.2781419529,       0.272146807
      -1.721030978,       3.691144767,     -0.2800640663,      0.2677528759
      -1.717680436,       3.698506495,     -0.2820469629,      0.2631147627
      -1.718409017,       3.698326919,     -0.2840601379,      0.2583825856
      -1.723083091,       3.691346324,     -0.2861715076,      0.2533740464
      -1.732024906,       3.676244652,     -0.2883586422,      0.2480998935
      -1.733817148,       3.673299565,     -0.2906183083,      0.2426520704
      -1.717854402,       3.703623251,     -0.2928986473,      0.2372838109
      -1.743626619,       3.655964671,     -0.2952733721,      0.2314159862
      -1.745827393,       3.652588569,     -0.2977634938,      0.2253859585
      -1.745144044,       3.655479423,     -0.3003175507,      0.2190755312
      -1.728726165,       3.687498389,     -0.3029203002,      0.2128593734
       -1.74263157,         3.6632845,     -0.3055824333,      0.2068700738
      -1.750802754,       3.648211625,     -0.3082985853,      0.2009382556
      -1.752110774,       3.646155414,     -0.3110207283,      0.1951878452
      -1.733605075,       3.682602106,     -0.3137854645,      0.1897371685
      -1.740944631,       3.670652028,     -0.3166110998,      0.1843182222
      -1.725618355,       3.699797508,     -0.3194613441,      0.1789547511
      -1.750405976,       3.655960047,      -0.322303635,      0.1735814844
      -1.743724137,       3.669660176,     -0.3252040817,      0.1683202872
      -1.733103628,       3.690916004,     -0.3281085377,      0.1632585549
      -1.745809778,       3.667475552,     -0.3310177722,      0.1584751734
      -1.763156457,       3.634956517,     -0.3339467452,       0.153587453
      -1.754525243,       3.652586181,     -0.3368765897,      0.1490851655
      -1.742364104,       3.677449583,     -0.3397964906,      0.1449353857
      -1.733820976,       3.694044504,     -0.3427100887,      0.1409174142
      -1.759252007,       3.649367787,     -0.3455690102,       0.136754858
      -1.757217647,        3.65350619,     -0.3484008511,      0.1325241688
      -1.746274002,       3.674990403,     -0.3511973898,      0.1284060492
      -1.750083697,       3.668612163,     -0.3539407706,      0.1247592807
      -1.772913969,       3.626499037,     -0.3567518089,      0.1210885942
      -1.763990866,       3.644513659,     -0.3594781627,      0.1176896081
      -1.756050659,       3.660712938,     -0.3621314199,      0.1142036806
      -1.758477475,       3.656936475,     -0.3646869058,        0.11080746
      -1.780081926,        3.61507661,     -0.3672252763,      0.1073847774
      -1.772855274,       3.630068111,     -0.3697211478,      0.1041002627
      -1.760187458,       3.655547273,     -0.3721531152,      0.1010084934
      -1.752176366,       3.659317542,      -0.374552822,     0.09829237821
      -1.762348442,       3.651846386,       -0.37687438,     0.09573096287
      -1.726629983,       3.697491008,     -0.3791053891,       0.093724011
      -1.746724824,       3.676211587,     -0.3811988958,     0.09167485772
      -1.733074856,       3.689341513,     -0.3832226714,     0.09003531344
      -1.736916166,       3.691469669,     -0.3851304277,     0.08833844412
      -1.731509469,       3.700172453,     -0.3869381252,     0.08691549081
      -1.736782808,       3.685920841,     -0.3886385396,     0.08568675974
      -1.737254031,       3.688150838,     -0.3902322569,     0.08472406478
      -1.725865369,       3.711043779,       -0.39166453,     0.08366163983
       -1.75139182,       3.668037687,     -0.3929646694,      0.0826108566
      -1.762215506,       3.648793121,     -0.3942296267,      0.0811228048
      -1.770088767,        3.63369923,     -0.3953074226,     0.08034046569
      -1.744981059,        3.67986249,     -0.3962913691,     0.07948964956
      -1.734628773,       3.698416804,     -0.3971148318,     0.07864510958
      -1.710753435,       3.738278958,     -0.3978346734,     0.07803426995
      -1.709639119,       3.739701666,      -0.398401914,     0.07739245506
      -1.733534736,       3.701586552,     -0.3988254208,     0.07669559141
      -1.711776484,       3.737314507,     -0.3991135165,     0.07571793276
       -1.71853649,       3.728402881,     -0.3992178139,     0.07481082652
      -1.741547152,       3.689073901,     -0.3991147509,     0.07413106354
      -1.757574756,       3.660738244,     -0.3988225402,     0.07323315787
      -1.772377953,       3.633447495,     -0.3983703975,     0.07205932896
      -1.733511537,       3.702305189,     -0.3977052863,     0.07081169562
      -1.714582532,       3.733000008,     -0.3968191546,     0.06968693089
      -1.714541734,        3.73320297,     -0.3957923591,     0.06816369675
      -1.709388169,       3.740354197,     -0.3945231947,     0.06660178556
       -1.71330065,       3.732814111,     -0.3930848782,     0.06449700077
      -1.705356822,       3.745200382,     -0.3913950745,      0.0622835551
      -1.735972079,       3.694308564,     -0.3894629354,     0.06025027002
      -1.744121576,       3.680642806,     -0.3873628018,     0.05807949382
      -1.726662087,       3.710416583,     -0.3850723238,     0.05574984062
      -1.696263225,       3.758674742,      -0.382592786,      0.0532251809
      -1.695760776,       3.759226063,     -0.3799610239,     0.04989498061
      -1.706036286,       3.742825659,     -0.3772114504,     0.04650549511
      -1.706984615,        3.74133138,     -0.3742833296,     0.04271954328
      -1.705250667,       3.743357538,     -0.3712452581,     0.03878500149
      -1.716067722,       3.725480563,     -0.3680920007,     0.03486786425
      -1.708207337,       3.738164586,     -0.3648475949,     0.03052511624
      -1.720351319,       3.717465252,      -0.361462828,     0.02596886608
      -1.725832425,       3.708606977,     -0.3578947942,      0.0211966073
      -1.691599387,       3.763047585,     -0.3542073087,     0.01660963378
      -1.693215985,       3.761110582,      -0.350415238,     0.01215690661
      -1.717829846,       3.720580333,     -0.3465724943,    0.007545035338
      -1.736921082,       3.688447323,     -0.3426307994,    0.002951819285
      -1.739443909,       3.684477746,     -0.3384719689,   -0.001372933631
      -1.744731066,       3.674938884,     -0.3342428396,   -0.005900469417
      -1.733874524,       3.693794554,     -0.3299426735,    -0.01060827039
      -1.701970909,       3.746580204,     -0.3254692435,     -0.0147849354
      -1.689043955,       3.766402058,     -0.3209662489,    -0.01945162641
       -1.68715713,       3.769077784,     -0.3163722159,    -0.02433912384
      -1.690229207,       3.763864458,     -0.3117684945,    -0.02950317665
      -1.698218862,       3.751993804,      -0.307042012,    -0.03429195263
      -1.704238474,       3.742509276,     -0.3022591254,    -0.03902411164
       -1.70169247,       3.747536748,     -0.2973645868,    -0.04364781364
      -1.688719584,        3.76789495,     -0.2923320482,    -0.04805998214
      -1.703851185,       3.744634842,     -0.2871701403,    -0.05190724037
      -1.691243771,       3.763293251,     -0.2820417628,    -0.05552818545
      -1.694848722,       3.758655002,     -0.2768774857,    -0.05905722436
      -1.692531872,       3.761309404,     -0.2717180693,    -0.06219811421
       -1.70810999,       3.736422571,     -0.2664318677,    -0.06481429564
      -1.701019067,       3.746693277,     -0.2610209202,    -0.06658042745
      -1.699501812,       3.750901431,     -0.2555983147,    -0.06851073848
      -1.654635039,       3.805274001,     -0.2501088056,    -0.07041710094
      -1.693840929,       3.758043504,     -0.2445950711,    -0.07269028556
      -1.716061551,       3.724336157,     -0.2390840943,    -0.07525264196
      -1.731983042,         3.6998027,      -0.233542996,    -0.07731611284
      -1.700359268,       3.747079429,     -0.2279782371,    -0.07924608902
      -1.708690007,       3.737765639,     -0.2223840286,    -0.08103790364
      -1.707651085,       3.740631338,     -0.2167360222,    -0.08265803376
      -1.712196377,       3.730263873,     -0.2110802404,    -0.08405314281
       -1.70716707,       3.743068203,     -0.2054010489,    -0.08524335279
      -1.697520346,       3.761529509,     -0.1996290932,    -0.08614003495
      -1.675583591,       3.793237299,     -0.1938470901,    -0.08681310258
      -1.699343291,       3.759530879,      -0.188100281,    -0.08746617746
      -1.697578543,       3.762838974,     -0.1824024915,    -0.08798030035
      -1.726296552,       3.719567746,     -0.1766712614,    -0.08828324361
      -1.726811563,       3.720904803,     -0.1709897265,    -0.08863509989
      -1.717538728,        3.73701344,       -0.16527275,    -0.08900500728
      -1.703591239,       3.758922972,     -0.1595294918,    -0.08929193788
       -1.71366188,       3.745227114,     -0.1537633464,    -0.08961580269
      -1.719809656,       3.738323496,      -0.148018413,    -0.08977747252
      -1.728976508,       3.726829301,     -0.1423348222,     -0.0902770787
      -1.729790796,       3.727466492,     -0.1366472196,    -0.09079736493
      -1.721962025,       3.739423832,     -0.1309708933,    -0.09093374764
      -1.710746465,       3.757356423,     -0.1252903545,    -0.09097764463
      -1.690285949,       3.787342678,     -0.1197201015,    -0.09117653483
      -1.705672369,       3.767888147,     -0.1141903416,    -0.09132707166
       -1.75004715,        3.70339597,     -0.1086718811,    -0.09114415857
      -1.750539122,       3.704183242,     -0.1031969376,    -0.09127891465
      -1.727821416,       3.739216392,     -0.0977883458,    -0.09164691908
       -1.71637908,       3.757069324,    -0.09244150191,    -0.09186796348
      -1.701996984,       3.778296614,    -0.08717530947,    -0.09178339172
      -1.696628753,       3.786882883,    -0.08198339277,    -0.09166618233
      -1.713142682,       3.765158811,    -0.07680883704,    -0.09104072718
      -1.718604009,       3.756760637,    -0.07170003983,    -0.09027357007
      -1.715233405,       3.762617489,    -0.06669017627,    -0.08968321465
      -1.696575724,       3.789104546,    -0.06170305706,     -0.0888019901
      -1.732168668,       3.740316799,    -0.05677959545,    -0.08801810137
      -1.744816921,       3.723204151,     -0.0519372928,    -0.08723625524
      -1.760354133,       3.701591799,    -0.04713670101,    -0.08607892923
      -1.762113162,       3.699752359,    -0.04233740752,    -0.08440454888
      -1.737753324,       3.735348036,    -0.03758227965,    -0.08252991254
      -1.726111831,       3.752369943,    -0.03289482769,    -0.08055010502
      -1.726494979,       3.752438973,    -0.02831852708,    -0.07865191552
      -1.722246746,       3.758764734,    -0.02379400487,    -0.07640812608
      -1.716362789,       3.767296814,    -0.01931878954,    -0.07406245697
      -1.724853867,       3.756357205,    -0.01484869271,    -0.07133948353
      -1.724282256,        3.75824074,    -0.01048731177,     -0.0687291914
      -1.748144026,        3.72471906,   -0.006190247742,    -0.06591456575
      -1.760400001,       3.707020966,   -0.001941843578,    -0.06350642254
      -1.763765377,       3.702835191,    0.002253213528,     -0.0608169992
      -1.727852783,       3.753687636,    0.006441629423,    -0.05813932765
      -1.716172638,       3.769431988,     0.01056750088,    -0.05578248177
      -1.709610022,       3.778565533,     0.01464205677,     -0.0532344173
      -1.752710197,       3.720131435,     0.01867790249,     -0.0507291405
      -1.752194946,       3.720978169,     0.02260811094,    -0.04831896678
      -1.722543011,       3.762439551,      0.0265125785,    -0.04559311033
       -1.72537091,       3.759684595,     0.03031969311,    -0.04284464601
      -1.734393871,        3.74797848,     0.03406786696,    -0.04020201686
      -1.758441346,       3.715185058,     0.03777114585,    -0.03743220031
       -1.76667254,       3.703878423,     0.04139771902,    -0.03446899002
      -1.734919877,        3.74859501,      0.0449793143,    -0.03108039344
      -1.712529972,       3.779133747,     0.04853539988,    -0.02779375207
      -1.722837785,       3.765920819,     0.05204194761,     -0.0245251182
      -1.762098228,       3.713457888,     0.05543942678,    -0.02149324484
      -1.742372767,       3.741491185,     0.05880230941,    -0.01844289968
      -1.735620597,       3.752180881,     0.06213771828,    -0.01560964333
      -1.747499675,       3.737270075,     0.06545320327,     -0.0123630416
      -1.755026861,       3.726548271,     0.06871649138,   -0.008950010606
      -1.735676849,         3.7579169,      0.0719523005,    -0.00533562032
      -1.725282551,       3.768934682,     0.07508990592,   -0.002090781459
      -1.695477647,       3.807833168,      0.0781976258,    0.001459896302
      -1.720308955,       3.779606266,     0.08121887103,    0.005041876609
      -1.704557173,       3.792377448,     0.08423298238,    0.008759325027
      -1.729140829,       3.769267398,     0.08721417009,     0.01226633771
       -1.71762828,       3.786162282,     0.09010815466,     0.01582611139
      -1.726246825,        3.77113672,      0.0930000251,     0.01959665258
       -1.74175541,       3.755493181,     0.09584087472,     0.02332282524
      -1.738226495,       3.758810659,     0.09867061321,      0.0274183582
      -1.730537281,       3.770602726,      0.1014601307,     0.03153979999
      -1.752455575,       3.737631304,      0.1042192441,     0.03540817964
      -1.752542243,       3.739375874,      0.1069702662,      0.0396585462
      -1.747787863,       3.744034882,      0.1096739725,     0.04388873439
      -1.740500853,       3.755121649,       0.112358247,     0.04812955515
      -1.752665628,       3.740203046,      0.1150133469,     0.05217593068
      -1.748375733,       3.747427819,      0.1176290993,     0.05621907232
      -1.730352739,        3.76999682,      0.1202873237,     0.06048602254
       -1.72021331,       3.782269901,      0.1229070031,      0.0647876259
      -1.723412725,       3.777356529,       0.125544576,     0.06891126848
      -1.751169737,       3.741802491,      0.1281679426,     0.07278264781
      -1.762098246,       3.727665389,      0.1308123145,     0.07662282362
      -1.765659331,       3.724297539,       0.133460668,      0.0807409418
      -1.746731349,        3.74918497,      0.1361612318,     0.08506699492
      -1.729946228,         3.7709596,      0.1388943918,     0.08929401224
      -1.723554531,       3.777642698,      0.1416711495,     0.09336131051
      -1.732958183,       3.763896585,      0.1444674227,     0.09736778672
      -1.746993513,       3.745744577,      0.1473125012,       0.101470475
      -1.745324149,       3.748846176,      0.1502064122,       0.105723011
      -1.758864448,        3.73130521,      0.1531288752,      0.1096907903
      -1.777410143,       3.706644453,      0.1561149403,      0.1135899585
      -1.805321356,       3.667816227,      0.1591760043,      0.1173182876
      -1.788592616,       3.690778879,      0.1623203267,      0.1211338983
      -1.744889397,       3.748024906,       0.165530421,      0.1245905085
      -1.715411131,       3.784664149,       0.168823786,      0.1280617865
      -1.720378974,       3.777935958,      0.1721653956,      0.1312252105
      -1.716018603,       3.782721662,      0.1755962282,      0.1343605137
      -1.713150261,       3.787507334,      0.1791165998,      0.1372639491
      -1.670802183,       3.841240886,      0.1827133547,      0.1401439583
      -1.658084119,       3.859936392,      0.1864023375,      0.1430429371
      -1.657410194,       3.859758018,      0.1901919147,      0.1457691586
      -1.663802134,       3.849732756,      0.1940654255,      0.1482657514
      -1.659802116,       3.853384388,      0.1980319747,      0.1506982339
      -1.671976283,       3.838443924,      0.2021144556,      0.1529689475
      -1.664292179,       3.848749639,      0.2063028321,      0.1550891997
      -1.665766513,       3.846993888,      0.2105782081,      0.1571658258
       -1.65797225,       3.854646824,      0.2149417733,      0.1591086575
      -1.683808331,       3.823797397,      0.2194041307,      0.1610556962
      -1.681480432,       3.826272274,      0.2239897847,      0.1629450358
      -1.682418826,        3.82400652,      0.2286928741,       0.164668044
      -1.662754064,       3.847905822,      0.2335167922,      0.1664190537
      -1.664518669,       3.846737293,      0.2384770631,      0.1681880424
      -1.645122793,       3.870162708,      0.2435482873,      0.1696715487
      -1.649311401,       3.864596996,      0.2487483566,      0.1709712683
      -1.667316017,       3.841768775,       0.254082242,      0.1722611445
      -1.675952375,       3.831337864,      0.2595634388,      0.1734433608
      -1.642871809,       3.871251781,        0.26518965,      0.1744289739
      -1.662410576,       3.847282255,      0.2709586915,      0.1752211882
      -1.659816837,       3.849059246,      0.2768868368,      0.1759558366
      -1.657961983,       3.852433547,      0.2829611223,      0.1765967291
      -1.650741075,       3.863448892,      0.2891953745,      0.1770595769
      -1.644490727,       3.869789651,      0.2955405967,      0.1772724009
       -1.64945903,       3.861866217,      0.3019879801,      0.1771307228
      -1.667934001,        3.84175042,      0.3085226479,      0.1768435823
      -1.631244728,       3.896572338,      0.3151573903,      0.1762413087
      -1.616490198,       3.910183798,      0.3219668372,      0.1753622235
      -1.612296458,       3.909844909,      0.3289530112,      0.1742130351
      -1.666373891,       3.847853742,      0.3360931786,      0.1729265653
      -1.664132635,       3.855125719,      0.3433177441,      0.1714818332
      -1.661699969,       3.853922422,      0.3506258575,      0.1694995347
      -1.624195093,         3.8990614,      0.3580198301,      0.1672080447
      -1.643913666,        3.87880507,      0.3654807957,      0.1646456101
       -1.66021787,       3.861529083,      0.3729699848,      0.1614901366
      -1.675025366,        3.83679039,      0.3804278857,      0.1579539208
       -1.67262411,       3.840697681,      0.3879148316,      0.1542489986
      -1.625583682,       3.897634829,      0.3953897564,      0.1501784573
      -1.638526294,       3.878960924,       0.402812635,      0.1456701472
      -1.648614637,       3.869282662,      0.4102720741,      0.1406043146
      -1.661089716,       3.858062677,      0.4177314147,      0.1352677184
      -1.661655285,       3.856668836,      0.4251641444,      0.1295965222
      -1.651054905,       3.862725025,      0.4325688012,      0.1237746011
      -1.637759916,       3.879369385,      0.4399115916,      0.1173529364
      -1.656890319,       3.861940481,      0.4471482813,      0.1105446349
      -1.680202464,       3.834315262,      0.4543780214,      0.1036543053
      -1.676837691,       3.833804117,      0.4615445668,     0.09646172556
      -1.645184705,        3.87142455,      0.4685455175,     0.08877156111
      -1.652945541,       3.863035184,      0.4753570614,     0.08067162232
       -1.67205195,       3.839467587,      0.4819307132,     0.07259112424
      -1.676284813,       3.832846019,      0.4882459441,     0.06411220349
      -1.668882652,       3.843274792,      0.4942098608,     0.05531299991
      -1.659811942,       3.854004871,      0.4997775111,     0.04635917799
      -1.687257843,       3.817161302,      0.5050125762,      0.0375816196
      -1.689224418,       3.814896679,      0.5098467349,     0.02868411188
       -1.65776585,       3.857010428,      0.5143191952,      0.0198680278
      -1.633847396,       3.882862055,       0.518346199,      0.0111695373
      -1.643912924,       3.872004805,       0.522041741,    0.002803053383
      -1.661619623,       3.850030493,      0.5252146477,   -0.005441585547
      -1.637104304,       3.875178138,      0.5279388155,    -0.01351165475
      -1.632063012,       3.879601352,      0.5301846685,    -0.02157560482
      -1.648859909,       3.865252445,      0.5320454719,    -0.02942230324
      -1.659226774,       3.850407768,      0.5334241041,    -0.03706424802
      -1.629146511,       3.885845902,      0.5343379051,    -0.04422401843
      -1.647020164,       3.864203806,      0.5348162548,     -0.0509079101
      -1.696493276,       3.799905583,       0.534901137,     -0.0569038243
      -1.654011584,       3.855323071,      0.5345960611,    -0.06256263751
      -1.641058085,       3.870887943,      0.5338428874,    -0.06770992538
      -1.666618372,       3.833831267,      0.5326441737,    -0.07264080203
      -1.647190518,       3.866384018,      0.5310833941,    -0.07681711238
      -1.638847743,       3.871460379,      0.5291777482,    -0.08049490948
      -1.616663388,       3.898880653,      0.5269508079,    -0.08362342166
      -1.642888453,       3.866143592,      0.5243236833,        -0.0861218
      -1.669948738,       3.832181469,       0.521320628,    -0.08830281081
      -1.645512843,       3.861599553,      0.5179908872,    -0.09020667736
      -1.622501843,       3.889244329,      0.5143626581,     -0.0919142593
      -1.638907868,       3.869391047,      0.5104192356,    -0.09333819646
      -1.646590105,       3.860870878,      0.5061773405,    -0.09441460423
      -1.653471106,       3.852496752,      0.5016540857,    -0.09516102602
      -1.647697642,        3.85750812,      0.4968749107,    -0.09575318974
      -1.634455681,       3.876129026,      0.4918471936,    -0.09615123079
      -1.641811861,       3.867450252,      0.4865606466,    -0.09641677301
      -1.692481031,        3.79904936,      0.4810696655,    -0.09655216716
      -1.653797478,        3.85503324,       0.475387495,    -0.09653799828
      -1.642947527,       3.862758109,      0.4695519263,    -0.09620182538
      -1.633438513,       3.875751983,      0.4635657899,    -0.09600455822
      -1.649990488,       3.854994462,      0.4574198534,    -0.09573106197
      -1.662149383,       3.842405016,       0.451132428,    -0.09557655908
      -1.668142058,       3.832881625,      0.4447514045,    -0.09557603493
      -1.678416221,       3.814973744,      0.4382308551,    -0.09576883271
      -1.641107023,       3.866913237,      0.4316194688,    -0.09566689127
       -1.63886777,       3.868903703,       0.424917687,    -0.09546668875
      -1.636065027,       3.872201416,      0.4181487886,    -0.09502272438
      -1.625865303,       3.884923906,       0.411345008,    -0.09501884836
      -1.641932029,        3.86641049,      0.4044450692,    -0.09522693012
      -1.663016491,        3.84035686,      0.3974773915,    -0.09565199552
      -1.689507532,       3.801451721,      0.3904792395,    -0.09614747154
      -1.656512577,       3.849847837,      0.3834512118,    -0.09665495218
      -1.657118043,       3.848031405,       0.376414215,    -0.09754816991
      -1.645159696,       3.862768634,      0.3693857606,    -0.09830971095
      -1.656114924,       3.848282205,      0.3623592751,    -0.09939871855
      -1.655610331,       3.850734066,      0.3553418124,      -0.100272904
      -1.660913055,       3.842862066,      0.3483600796,     -0.1012898297
      -1.669385973,       3.831392659,      0.3414191488,     -0.1020687444
      -1.700162596,       3.791998839,      0.3345324612,     -0.1030858442
      -1.671796206,       3.832706511,      0.3277153443,     -0.1043191534
      -1.673761164,       3.829049054,       0.320962063,     -0.1053731012
      -1.660568236,       3.846399989,      0.3142303047,      -0.106316904
      -1.672396365,       3.831499672,      0.3075470562,     -0.1071611044
      -1.686469918,       3.813454677,      0.3009447167,     -0.1073252151
       -1.69980634,         3.7964756,      0.2944080714,     -0.1074978829
       -1.66299288,       3.844946741,      0.2879636836,       -0.10739238
      -1.663681123,       3.844215571,      0.2816406049,     -0.1074181256
      -1.674945087,       3.828855676,      0.2753948965,      -0.107286446
      -1.707702138,       3.787904288,      0.2692155021,     -0.1065621874
      -1.684231025,        3.82029393,      0.2631341382,     -0.1059884449
      -1.698940669,       3.800340549,      0.2571491606,      -0.105303664
      -1.685531447,       3.817558926,      0.2512011181,     -0.1040875767
      -1.679191797,       3.826116851,      0.2453423155,     -0.1025561843
      -1.673527234,       3.834367363,      0.2395666099,     -0.1010080919
      -1.697152714,       3.804620163,      0.2338160775,    -0.09905895256
      -1.701161191,       3.797506705,      0.2281641133,    -0.09691285259
      -1.696773293,       3.804175909,      0.2225827723,    -0.09465823219
      -1.679018398,       3.830216941,      0.2170380619,    -0.09219848146
      -1.698949143,       3.803389649,       0.211612671,    -0.08983381124
      -1.687105423,         3.8188751,      0.2063049592,    -0.08730997928
      -1.694527464,       3.809004321,      0.2010753991,    -0.08457147644
      -1.709651493,       3.791736465,      0.1959271978,    -0.08150682628
      -1.685900067,       3.821051517,      0.1908456238,    -0.07833977507
      -1.694660419,       3.813651409,      0.1858230917,    -0.07494031547
      -1.699966097,       3.805747297,      0.1808330469,     -0.0713958933
      -1.708563778,       3.796121524,      0.1758221559,    -0.06792086041
      -1.701884187,       3.802844788,      0.1708652239,    -0.06440622926
      -1.702624758,       3.805463481,      0.1659551862,    -0.06062893524
      -1.708990674,       3.794716769,      0.1610816037,    -0.05676402036
      -1.714721509,       3.788557316,      0.1563029249,    -0.05253921754
      -1.695944857,       3.810712125,      0.1515467649,    -0.04785696925
      -1.696040171,       3.814147612,      0.1468802583,    -0.04325176706
      -1.694681957,       3.813956765,      0.1422546516,    -0.03855570412
      -1.707032318,       3.800798278,       0.137672922,    -0.03375712722
      -1.707815158,       3.799046522,       0.133045926,     -0.0292708748
      -1.702802791,       3.807838554,      0.1284768491,    -0.02447658742
      -1.703541333,       3.805848955,      0.1239237709,    -0.01985092722
      -1.716589528,       3.790625168,      0.1194436993,     -0.0150611372
      -1.716298322,       3.790403673,      0.1149957943,    -0.01036236723
      -1.712114765,       3.797897197,      0.1105729225,   -0.005747621385
      -1.728429489,       3.776508188,      0.1061412089,  -0.0009501267197
      -1.747122186,       3.755599741,      0.1017170767,    0.003399322396
       -1.72077426,       3.787428771,     0.09729171642,    0.007873372141
      -1.711541539,       3.801590613,     0.09291265408,     0.01241303149
      -1.742038705,       3.762598738,      0.0885711001,     0.01667037276
      -1.760387128,       3.742068619,     0.08423732722,     0.02062742632
      -1.742615081,       3.763003341,     0.07994944457,     0.02474415666
      -1.740650546,       3.766186772,     0.07564962664,     0.02890695194
      -1.728321788,       3.781619146,     0.07139336185,     0.03289406305
      -1.729175873,       3.782249774,     0.06713866136,     0.03684183752
      -1.737958097,       3.772215716,     0.06288513359,     0.04067927336
      -1.750801216,       3.756322677,     0.05869128015,     0.04472046603
      -1.737654977,       3.772948145,     0.05450437147,     0.04868505328
      -1.783780607,       3.718532728,     0.05032743186,     0.05249899382
       -1.77526458,       3.727910856,      0.0461628582,     0.05604696268
      -1.788770318,       3.712352008,       0.042022645,     0.05983629597
      -1.767820623,       3.739748292,      0.0378738345,     0.06352591873
      -1.759477138,       3.752060274,      0.0337310794,     0.06716292021
      -1.753494547,       3.759324462,     0.02963545076,     0.07091207364
      -1.762335807,       3.748683914,     0.02558346009,     0.07444704192
      -1.771648647,       3.737855888,     0.02156399392,     0.07805659902
      -1.766528291,       3.746587278,     0.01760579686,     0.08186869793
      -1.781763657,       3.727547798,     0.01368998946,     0.08576277617
      -1.778621804,       3.731070484,    0.009817366553,     0.08953481396
      -1.794839789,        3.71112539,    0.005979061493,      0.0932936113
      -1.774062387,       3.740407589,    0.002175070908,       0.096828047
      -1.784870602,       3.728027701,   -0.001602277075,      0.1000802596
      -1.786521116,       3.726407637,    -0.00535750634,      0.1032130728
      -1.800799199,       3.708107911,   -0.009077749441,      0.1064610323
      -1.762051565,        3.75687422,    -0.01276910628,      0.1096513335
       -1.77189915,        3.74462666,    -0.01640827968,      0.1126744809
      -1.834443212,       3.670316745,    -0.02002398348,      0.1154217839
      -1.817633902,        3.68863018,    -0.02360589387,      0.1180196645
      -1.797784523,       3.715638479,    -0.02712439076,      0.1205560682
      -1.786714263,       3.726753489,    -0.03058867727,      0.1229606662
      -1.794162331,       3.718887423,    -0.03400754273,      0.1252898927
      -1.776941387,       3.736969507,    -0.03739112385,      0.1277286814
        -1.7648455,       3.755863824,    -0.04074085684,      0.1301107394
      -1.796778029,       3.715706383,    -0.04406156325,      0.1324904653
      -1.831628381,       3.673662781,    -0.04734386084,      0.1347974188
      -1.799724854,       3.710128403,    -0.05056762943,       0.137037772
      -1.810046261,       3.701424678,    -0.05372415615,      0.1392254558
      -1.804062632,       3.707694741,    -0.05682101472,      0.1413291551
      -1.809300073,       3.700427891,    -0.05987297223,      0.1434330005
      -1.825906039,       3.678872276,    -0.06284137221,      0.1452761689
      -1.801333853,       3.712174517,    -0.06575633029,      0.1472043267
      -1.789979935,       3.726114095,    -0.06862155999,      0.1491689037
      -1.830525323,       3.676879364,    -0.07145368931,      0.1511556702
      -1.854180432,       3.645214628,    -0.07423131032,      0.1530180787
      -1.870170701,       3.629363649,    -0.07694505258,      0.1546104484
      -1.837557031,       3.669640829,    -0.07955251531,      0.1562467838
       -1.86640855,       3.635060208,    -0.08211501022,      0.1579298404
       -1.86623567,       3.633185787,    -0.08462141885,      0.1595694177
      -1.853481171,       3.651132201,    -0.08703778675,      0.1611810911
      -1.791255979,       3.726170163,    -0.08938500877,      0.1628478613
      -1.769163329,       3.749429055,    -0.09163654128,      0.1644628939
      -1.787852833,       3.731036288,    -0.09382090222,      0.1660862757
      -1.790512067,       3.713462203,    -0.09594997783,      0.1676102052
      -1.804638602,       3.709516263,    -0.09802437335,      0.1690740087
      -1.768017447,       3.740220264,     -0.1000646467,       0.170319506
      -1.825648096,       3.685624631,     -0.1020321283,      0.1716148825
      -1.809043798,       3.698891353,     -0.1039433576,      0.1729219567
      -1.836116341,       3.673967481,     -0.1057993946,      0.1742190785
      -1.824896146,       3.685591557,     -0.1075850579,      0.1756020916
      -1.819275463,       3.700981293,     -0.1093067525,      0.1768612316
      -1.786640515,       3.734872481,     -0.1109751417,      0.1779755609
       -1.76906343,       3.756599781,     -0.1125872698,      0.1790465061
      -1.768136278,       3.760805645,     -0.1141679362,      0.1799489548
      -1.807411956,       3.711051969,     -0.1157035061,       0.180800609
      -1.790792127,       3.729623585,     -0.1172004011,      0.1815428192
       -1.78450002,       3.745451345,     -0.1186701942,      0.1821026827
      -1.812098514,       3.706631338,     -0.1200745979,      0.1826518048
      -1.811826552,       3.704262699,     -0.1214548979,      0.1830020471
      -1.819902169,       3.703170232,     -0.1227863491,      0.1832979148
      -1.810625006,       3.713821597,      -0.124114167,      0.1833788524
      -1.791246667,        3.72986557,     -0.1254215153,      0.1832850491
      -1.774312609,       3.749267965,     -0.1267256039,      0.1829509356
        -1.7865604,       3.732939983,     -0.1280079195,      0.1824630653
      -1.794039594,       3.725995132,     -0.1292957568,      0.1816161795
      -1.770582946,       3.749361873,     -0.1305694225,      0.1806627875
      -1.785001843,       3.732995893,     -0.1318594607,      0.1795061109
      -1.817473529,       3.694733004,     -0.1331415811,      0.1781442286
      -1.808607574,        3.70760375,     -0.1344225163,      0.1765858736
      -1.805887751,       3.709231642,     -0.1357180954,      0.1747067711
      -1.813765373,       3.697436407,     -0.1370210419,      0.1724853717
      -1.800202784,       3.715062882,     -0.1383357111,      0.1701267953
      -1.808403516,       3.705239418,     -0.1396698744,      0.1673936843
      -1.795334052,       3.718624307,     -0.1410146885,      0.1645476981
      -1.781083043,       3.734063808,     -0.1423712758,      0.1615265909
      -1.819790408,       3.688271208,     -0.1437429789,      0.1582270361
      -1.802840294,       3.707646461,     -0.1451338384,      0.1549276888
      -1.817008822,       3.691181691,     -0.1465363511,      0.1514982557
      -1.793942089,       3.715521056,     -0.1479625025,      0.1478447252
      -1.797332651,       3.712416296,     -0.1494093825,      0.1440065961
      -1.802685986,       3.705485761,     -0.1508804269,      0.1399777622
      -1.800387874,       3.707379515,     -0.1523707313,      0.1356348807
      -1.787183405,       3.722750765,     -0.1538684214,      0.1313225807
      -1.793776695,       3.714464257,     -0.1553964454,      0.1268506143
        -1.7839977,       3.726582578,     -0.1569498157,      0.1219890774
      -1.761150902,       3.753493925,     -0.1585056335,      0.1169513929
      -1.780726472,       3.730458614,     -0.1600341811,      0.1118010499
      -1.832773766,       3.667919762,     -0.1615424975,      0.1065497047
      -1.804445359,       3.701833318,     -0.1630127435,      0.1014256675
       -1.76678768,       3.745394803,     -0.1644337017,     0.09627293698
      -1.781373747,       3.726261529,     -0.1658059438,     0.09112841752
      -1.814087303,       3.687009073,     -0.1671380211,     0.08601900857
      -1.797546383,       3.707494183,     -0.1684212164,     0.08107906799
      -1.798053928,       3.707404975,     -0.1696691462,     0.07627734152
      -1.805541164,       3.699118995,      -0.170886186,     0.07148466259
      -1.804365164,       3.700507381,     -0.1720085751,     0.06692781053
      -1.830594114,       3.667494913,      -0.173110987,     0.06249176154
      -1.864119087,       3.625032547,     -0.1741492973,     0.05822010713
      -1.871654097,       3.614669337,      -0.175089681,     0.05426612874
       -1.81776254,       3.682231884,     -0.1759572044,     0.05049097668
      -1.774725216,       3.731241316,     -0.1767406981,     0.04693566885
       -1.79052338,       3.713430059,     -0.1774629785,     0.04347154924
      -1.822038506,       3.676615873,     -0.1780847551,     0.04031345943
      -1.794264954,        3.71094439,     -0.1787092997,     0.03700863253
      -1.778946779,       3.728328041,     -0.1792393578,     0.03401318202
      -1.804672242,       3.694106245,     -0.1796788231,     0.03127984388
      -1.835349738,       3.654986674,     -0.1800965839,     0.02849476443
       -1.83818593,       3.650325481,     -0.1804071209,     0.02614411063
      -1.790087284,       3.710972853,     -0.1806484086,     0.02420097816
      -1.754527324,       3.753828243,     -0.1808325727,     0.02245001867
      -1.787737633,       3.712658239,     -0.1809368566,     0.02106115848
      -1.803298434,       3.691857599,     -0.1809561451,     0.02006949427
      -1.785064677,        3.71397718,     -0.1808884734,       0.019427747
      -1.751912857,       3.753954634,     -0.1807276458,     0.01913259898
      -1.798368345,       3.696849656,     -0.1804832555,     0.01889184773
      -1.836182387,       3.646701763,     -0.1801693575,     0.01921479236
      -1.822921593,       3.663920825,     -0.1797911192,     0.01981932074
      -1.760282598,       3.742952553,     -0.1793420675,     0.02074990866
      -1.773427439,       3.726301659,     -0.1788400139,       0.021998697
      -1.802132446,       3.689278831,     -0.1782884907,     0.02356336127
      -1.835623014,       3.645325209,     -0.1776903873,     0.02535754251
      -1.820219201,       3.664786724,     -0.1770538138,     0.02732333224
      -1.758618618,       3.742959212,     -0.1763802495,     0.02951648203
       -1.74514812,       3.760351666,     -0.1756858618,     0.03193040929
      -1.750395921,       3.752496173,     -0.1749732464,     0.03464366705
      -1.757864185,       3.743146356,     -0.1742372436,     0.03762241857
      -1.739922545,       3.765606008,     -0.1734611084,     0.04094406171
       -1.82532457,       3.656997068,     -0.1726491631,     0.04453017877
      -1.874310588,        3.58941395,      -0.171802579,     0.04841109413
      -1.824226127,       3.658488452,      -0.170957162,     0.05230196129
      -1.791362984,       3.701157284,     -0.1701047204,     0.05621748794
      -1.765026383,       3.733492142,     -0.1692573678,      0.0602492488
      -1.759136628,       3.741892282,     -0.1683873191,      0.0645563271
      -1.799059167,        3.69138316,     -0.1675140367,     0.06899333575
      -1.798732223,       3.691824222,      -0.166638752,       0.073521491
      -1.822070015,       3.661059015,      -0.165771116,     0.07800469142
      -1.768465939,       3.729661793,     -0.1649222769,     0.08255773866
      -1.757251468,       3.744827358,     -0.1641381441,     0.08716300765
      -1.789851165,       3.704105953,      -0.163331978,     0.09208671955
      -1.795269266,       3.699172655,     -0.1625572293,     0.09692618823
      -1.796858009,       3.695719812,     -0.1617683621,      0.1019003465
      -1.750723927,       3.751548232,     -0.1609792796,      0.1071179377
      -1.730699874,       3.777787896,     -0.1601985622,      0.1124330732
      -1.771402283,       3.727690311,     -0.1594437194,      0.1178399545
      -1.763186342,       3.738548339,     -0.1587132372,      0.1232572653
      -1.760879047,       3.742599463,     -0.1579939145,      0.1287706821
      -1.738832768,       3.769250607,      -0.157285986,      0.1345315046
      -1.760236643,       3.745203597,     -0.1566386444,      0.1401349355
       -1.78158156,       3.721175009,     -0.1560014695,      0.1456003925
      -1.782073461,       3.719328034,     -0.1553939092,       0.151352505
       -1.81284511,       3.680011297,     -0.1548312171,      0.1571825842
       -1.82513938,       3.663312313,     -0.1543484361,      0.1627700402
      -1.782813654,       3.719783198,     -0.1538987696,       0.168369793
      -1.761116409,       3.745747096,      -0.153479352,      0.1739679406
       -1.76788533,       3.736347246,     -0.1530816251,       0.179357485
      -1.764369054,       3.742002934,       -0.15270886,      0.1848747399
      -1.779820497,       3.724681963,     -0.1523992848,      0.1905101885
      -1.792242848,       3.709883859,     -0.1521785531,      0.1955870785
      -1.813211902,       3.683661132,     -0.1520340936,      0.2003879028
      -1.798093621,       3.702701145,     -0.1519656881,      0.2049846878
      -1.806782808,       3.692989377,     -0.1519853765,      0.2094951585
      -1.817379682,       3.679872386,     -0.1520661201,      0.2138768646
      -1.776527478,       3.733484017,     -0.1521979734,      0.2180935839
      -1.767196136,       3.745117032,     -0.1523999078,      0.2222211056
       -1.79121517,       3.714849012,     -0.1526873604,      0.2258548182
      -1.734168732,       3.782194414,     -0.1530297659,      0.2293144204
      -1.730240402,       3.787802335,     -0.1534140066,      0.2324416073
      -1.725828787,       3.793535561,     -0.1538747785,      0.2354973046
      -1.793959017,       3.713017517,     -0.1543854044,      0.2386028419
      -1.774349824,       3.736415991,     -0.1549663594,      0.2415625136
      -1.806765222,       3.696924721,     -0.1556146877,       0.244350992
      -1.762965666,       3.748461508,     -0.1563174345,      0.2469035156
      -1.734115869,        3.78138958,     -0.1570894953,      0.2491938218
      -1.786942011,        3.72179407,     -0.1579051967,      0.2514660541
      -1.846865066,       3.649769716,     -0.1587974678,      0.2534516312
      -1.785513077,       3.726717285,     -0.1597399616,      0.2552638364
      -1.779964684,       3.732524575,     -0.1607452397,      0.2571608291
      -1.805692674,       3.701515582,      -0.161824539,      0.2587873243
      -1.774583374,       3.737787197,     -0.1629709918,      0.2600436631
      -1.851741332,       3.645259034,     -0.1641766861,      0.2611828104
      -1.831238869,       3.670447137,     -0.1654672029,      0.2620479155
      -1.723778015,       3.798256336,       -0.16683486,      0.2626188379
      -1.729810591,       3.791916783,     -0.1682619464,      0.2634199106
      -1.782900926,        3.73028551,     -0.1696990985,       0.263991624
      -1.760930906,       3.756223409,     -0.1711809437,      0.2644812855
      -1.746594251,       3.772113099,     -0.1727081624,      0.2647821033
      -1.799402039,       3.713340462,     -0.1742425825,      0.2651585245
         -1.774805,       3.743231737,     -0.1758266734,      0.2653160639
      -1.784393991,       3.729953608,     -0.1774539949,      0.2653794206
       -1.77394491,       3.739840184,     -0.1790964396,      0.2654297459
      -1.729651668,       3.791363312,     -0.1807872333,       0.265324948
      -1.748965101,       3.771667482,     -0.1824829298,      0.2650861287
      -1.794611727,       3.721446406,     -0.1842206472,      0.2646197617
      -1.752093439,       3.768780465,     -0.1859607346,      0.2639684124
      -1.779217883,       3.737054379,     -0.1877216316,      0.2632859508
      -1.836799974,       3.670116248,      -0.189481731,       0.262365823
      -1.795510884,       3.719302207,     -0.1912709955,      0.2611694131
      -1.811942478,       3.699143912,     -0.1930731847,      0.2599578877
      -1.828845263,       3.678819352,     -0.1948976753,      0.2585560905
      -1.757286505,        3.76207453,      -0.196731648,      0.2569120334
      -1.757554159,         3.7614004,     -0.1985764903,      0.2550937552
      -1.792799553,       3.721406753,     -0.2004350175,      0.2530970203
      -1.724530973,       3.798863613,     -0.2022957549,      0.2510624781
      -1.791608502,       3.725692157,     -0.2041677472,      0.2488757546
      -1.835467609,       3.675475163,     -0.2060444339,      0.2465263151
      -1.785648749,       3.732375706,     -0.2079182882,      0.2441909288
      -1.789609156,       3.728265992,     -0.2097865434,      0.2417379548
      -1.790709031,       3.725827865,     -0.2116538143,       0.239239307
      -1.753719561,       3.768748257,     -0.2135002696,      0.2367907077
       -1.78141708,       3.735636775,     -0.2153386241,      0.2343761887
      -1.831856999,       3.678273227,     -0.2171474213,      0.2319327361
      -1.741201919,       3.781057424,     -0.2189315857,      0.2294436158
      -1.786015457,       3.732345043,     -0.2206757312,      0.2270573595
      -1.834975992,       3.676294809,     -0.2223781712,      0.2248054344
      -1.785445362,       3.734502061,     -0.2240042619,      0.2224262318
      -1.817427701,       3.698774437,     -0.2255607603,      0.2200024441
      -1.820386419,       3.694120154,     -0.2270023001,      0.2175475058
      -1.776250362,       3.746335936,     -0.2283468744,      0.2151202004
      -1.807140238,       3.711648088,      -0.229571138,      0.2126079231
      -1.840591633,        3.67672766,     -0.2306594671,      0.2099853461
      -1.751694681,       3.776106849,     -0.2316230878,       0.207576351
      -1.761766085,       3.765109347,      -0.232406057,      0.2048132526
       -1.76538624,       3.761869551,     -0.2330274541,      0.2021441119
      -1.757073749,       3.771747643,     -0.2334505454,       0.199468056
       -1.82775542,       3.694437011,     -0.2336911316,      0.1968474653
      -1.837833658,       3.680967485,     -0.2337024525,      0.1942334741
       -1.77987076,       3.745288865,     -0.2334562939,      0.1913504391
      -1.795045201,       3.728072429,     -0.2329127234,      0.1885251278
      -1.813928765,         3.7067502,      -0.232069827,      0.1855714221
      -1.741247937,       3.787359505,      -0.230931607,      0.1828722292
       -1.74791903,       3.777927351,     -0.2295036134,      0.1801354847
      -1.795756917,       3.724144808,     -0.2277389564,      0.1774855654
      -1.756893033,       3.768644029,     -0.2256916406,      0.1750123503
      -1.788521398,       3.731911522,     -0.2233345615,      0.1726266628
      -1.841757127,       3.671146424,     -0.2206638488,      0.1701429488
      -1.802152509,        3.71729516,     -0.2176505879,       0.167659414
       -1.85817522,       3.652008452,     -0.2143168999,      0.1649998112
      -1.893309214,       3.608709296,     -0.2106959213,      0.1623970122
      -1.766522733,       3.756288922,     -0.2067681086,      0.1599121133
       -1.78228502,       3.738112424,     -0.2025296447,      0.1574650389
      -1.811935379,       3.704611082,     -0.1980426921,      0.1546994233
      -1.754580244,       3.771442418,      -0.193301162,      0.1515736022
       -1.78460981,       3.736424031,     -0.1883362364,      0.1484601499
      -1.814108591,       3.703165963,     -0.1831204776,      0.1452192673
      -1.770918325,       3.752813349,     -0.1776753736,      0.1419587111
      -1.817104177,        3.70124905,      -0.172001409,       0.138465456
      -1.844387787,       3.672449762,     -0.1661027214,      0.1347833571
      -1.748096063,       3.779748116,      -0.159966276,      0.1309860081
      -1.784552386,        3.74041307,     -0.1535925515,      0.1270831401
      -1.820998086,       3.700536897,     -0.1470229649,      0.1230759187
       -1.77456502,       3.754619577,     -0.1402615372,      0.1187831467
      -1.778288287,        3.74979021,     -0.1332982755,      0.1144678282
      -1.776929332,       3.750486573,     -0.1261341538,       0.110037219
      -1.758383172,       3.770210751,     -0.1187587731,      0.1056123379
      -1.767835368,       3.761064829,     -0.1111848687,      0.1009959074
      -1.827815527,       3.696716518,     -0.1034043217,     0.09628520851
      -1.766486045,       3.768659098,     -0.0954400404,     0.09143840389
      -1.805250598,        3.72797801,    -0.08732155888,     0.08645623328
      -1.812824133,       3.726005446,    -0.07903257775,     0.08117920598
      -1.757037272,        3.78261318,    -0.07055334736,     0.07569843099
      -1.740407686,        3.79900827,    -0.06189850728,     0.07004315148
      -1.776318115,       3.761266511,    -0.05307264317,     0.06403774588
      -1.724467132,       3.816179121,    -0.04407419429,     0.05771667571
       -1.79878681,       3.738429929,    -0.03493184454,     0.05122439992
      -1.798773197,       3.738667161,    -0.02564804415,     0.04448963561
      -1.737758791,       3.801416083,    -0.01621380929,     0.03752435545
      -1.727060473,        3.81289151,   -0.006619310048,     0.03052480791
      -1.755456868,       3.783720335,    0.003079355846,     0.02338541673
      -1.724433601,       3.817188946,     0.01289691027,     0.01609234859
      -1.778431723,       3.762055083,     0.02279958155,    0.008709874661
      -1.805696265,       3.733569262,     0.03276080679,    0.001602004014
      -1.755151117,       3.785141984,     0.04273214321,   -0.005751766089
       -1.77799477,       3.760307346,     0.05267004496,    -0.01335107818
      -1.808945926,       3.729680673,     0.06261039774,     -0.0212307942
      -1.725883699,       3.814505425,     0.07257006201,    -0.02936270254
      -1.736334527,       3.803523305,     0.08251207338,    -0.03752220376
      -1.785563036,       3.751312108,     0.09242701687,    -0.04563181052
      -1.759188236,       3.780599318,      0.1023046088,    -0.05381283076
      -1.792653123,       3.744470168,      0.1121097058,    -0.06203061828
      -1.813817219,       3.721871626,      0.1217885839,    -0.07007406166
      -1.758898667,        3.77922232,      0.1313257878,    -0.07801624872
      -1.763349414,       3.774294812,      0.1406793912,      -0.085641414
      -1.789920057,       3.746383829,      0.1498491725,    -0.09319065878
       -1.72697406,       3.811856114,      0.1587802841,     -0.1005517702
      -1.770069286,       3.768970645,      0.1674385136,     -0.1075130591
      -1.830652315,       3.705094183,      0.1757781798,     -0.1138573875
      -1.783151058,       3.754884208,      0.1838750634,     -0.1197886733
      -1.815787964,       3.717579779,       0.191700105,     -0.1252425952
      -1.819454936,       3.714720392,      0.1992186642,     -0.1302726188
      -1.747311488,       3.791583622,      0.2064236101,     -0.1350473246
      -1.787429114,       3.748383605,      0.2132900001,     -0.1394535242
      -1.801067926,       3.731412089,      0.2197517007,     -0.1435917071
      -1.747756499,       3.798889505,      0.2259881436,     -0.1473364334
      -1.790046151,       3.749422356,      0.2318607075,     -0.1506754899
      -1.829759256,       3.700958165,      0.2371640835,     -0.1538569961
       -1.78021875,        3.75335987,      0.2419950632,     -0.1567396036
      -1.805703403,       3.724844838,      0.2464102509,     -0.1593296614
       -1.86073741,       3.666823194,      0.2504218672,      -0.161618252
      -1.803375261,       3.729610849,      0.2540273665,     -0.1635696441
      -1.849207592,       3.680216976,      0.2572543039,     -0.1651350573
      -1.829671632,       3.701779767,      0.2601153971,     -0.1662883274
      -1.753687586,       3.782579243,      0.2626490914,     -0.1671461404
      -1.776955523,       3.757850837,      0.2648665977,     -0.1677359277
      -1.844853898,       3.684524444,      0.2667726219,     -0.1679374615
      -1.776447854,       3.758522827,      0.2684023557,     -0.1678730648
      -1.803939753,       3.728828026,      0.2697638904,     -0.1675770384
      -1.811541233,       3.721285698,      0.2708726084,     -0.1669512395
      -1.753480843,       3.784307104,      0.2717574497,     -0.1660447823
      -1.775983126,       3.760789843,      0.2724365889,     -0.1648424003
      -1.824139726,       3.706695144,      0.2729450377,     -0.1633907151
      -1.792293439,       3.741431755,      0.2732724446,     -0.1617641271
      -1.837960222,       3.693008509,      0.2734344295,     -0.1599935005
      -1.884935711,       3.643836251,      0.2734300984,     -0.1580823453
      -1.794344572,       3.740908864,      0.2732790211,      -0.156047179
      -1.812230071,       3.721785047,      0.2730108176,     -0.1539768268
      -1.847092529,       3.686927349,       0.272625797,     -0.1517753336
      -1.764735307,       3.773626508,       0.272148454,     -0.1494405366
       -1.79305306,       3.741894223,      0.2715990036,     -0.1469872919
      -1.812085702,       3.721519727,       0.270994838,     -0.1444374804
      -1.761186618,       3.776077556,      0.2703416908,     -0.1418376823
      -1.836324322,       3.696227946,       0.269653003,     -0.1392315077
      -1.851240353,       3.680882894,       0.268944907,     -0.1366076195
      -1.783825514,       3.752800975,      0.2682261844,     -0.1339703548
      -1.824570493,       3.710003853,      0.2674934871,     -0.1312930295
      -1.863976477,       3.668021425,      0.2667511677,     -0.1286537898
      -1.795516421,       3.741425313,      0.2660059877,     -0.1260309141
      -1.800226202,       3.734065235,       0.265270566,     -0.1234682472
      -1.825469514,       3.707251745,      0.2645598713,     -0.1209827344
      -1.803874729,        3.73246726,      0.2638782326,     -0.1186067261
      -1.835531105,       3.698645049,      0.2632158902,     -0.1163630031
      -1.840549823,       3.691876344,      0.2625762348,      -0.114207822
      -1.784200032,       3.753047646,      0.2619673729,     -0.1121359804
      -1.815849242,       3.719672263,      0.2613933743,     -0.1101690478
      -1.811784242,       3.724872328,      0.2608579339,     -0.1082948115
      -1.788951715,       3.747356444,      0.2603359666,     -0.1064479007
      -1.795947772,        3.73952431,      0.2598295318,     -0.1046579243
      -1.884291891,        3.64678716,      0.2593443434,     -0.1028823994
       -1.82011779,       3.716786837,       0.258894841,      -0.101149566
      -1.875615689,       3.656889345,      0.2584698346,    -0.09943118324
      -1.896415697,       3.635135359,       0.258073215,     -0.0977236909
      -1.809001176,       3.723700303,      0.2576915701,    -0.09609441542
      -1.808113675,       3.728484293,      0.2573241933,    -0.09443559637
      -1.829129824,       3.706853128,      0.2569954698,     -0.0927773254
      -1.751553581,       3.787677455,      0.2566854102,    -0.09105249409
      -1.786953056,       3.750411742,      0.2563956783,    -0.08925874952
      -1.824324218,       3.711537691,      0.2561102994,    -0.08757811485
       -1.79328901,        3.74452489,      0.2558302189,    -0.08603749765
      -1.855283026,       3.680189735,      0.2555751584,    -0.08464128489
      -1.826029186,       3.710558222,      0.2553332656,    -0.08342602313
      -1.787453411,       3.753431795,      0.2550882589,    -0.08219971653
      -1.780998758,       3.768206476,      0.2548472211,    -0.08108640246
      -1.848017031,       3.694758063,      0.2546121975,    -0.07999449982
      -1.734701992,       3.806249534,      0.2544004918,     -0.0788431402
      -1.707451067,       3.841197538,      0.2541754458,    -0.07763341999
      -1.783862204,       3.757768389,      0.2539604441,    -0.07641432673
      -1.776594843,       3.766254589,      0.2537402511,    -0.07504857386
      -1.773190475,       3.772943195,      0.2535209463,    -0.07361316546
      -1.858568847,       3.688085496,      0.2533071129,    -0.07208855768
      -1.766989975,       3.777294817,      0.2530919392,    -0.07055423067
      -1.761729488,       3.788121847,      0.2528652021,    -0.06909939643
      -1.805907688,        3.73767628,      0.2526162398,    -0.06764690907
      -1.789760969,       3.756844959,       0.252354551,    -0.06613403094
      -1.803213214,       3.746638694,      0.2520686498,    -0.06453800384
      -1.848124768,       3.700064006,      0.2517593061,    -0.06300228474
      -1.770536889,       3.773777569,      0.2514224128,    -0.06158413563
      -1.736095398,       3.812711248,      0.2510540595,    -0.06030402345
      -1.791495909,       3.752490911,      0.2506431783,    -0.05914934101
      -1.774771113,       3.770273568,      0.2502021055,    -0.05800427628
      -1.780571127,       3.767470538,      0.2497224056,    -0.05682815555
      -1.802776522,       3.742318832,       0.249190098,    -0.05556463144
      -1.785750948,       3.757062606,      0.2485959777,    -0.05418926941
      -1.803177813,        3.74283873,      0.2479363033,    -0.05270328092
      -1.783167153,       3.762328359,      0.2472261637,    -0.05120400566
      -1.816904622,       3.729038553,      0.2464595074,    -0.04960197047
      -1.789243911,       3.756095709,      0.2456165467,    -0.04792862019
       -1.79476247,       3.752234044,      0.2447164133,    -0.04633121209
      -1.746856942,       3.803198942,       0.243751231,      -0.044768109
      -1.729316149,       3.818710546,       0.242707184,    -0.04334425511
      -1.727353209,        3.81893409,      0.2415676079,    -0.04198521718
      -1.815544251,       3.731712662,      0.2403078849,    -0.04072666052
      -1.813503635,        3.73271223,      0.2389313732,    -0.03945444753
      -1.785450264,       3.765224583,      0.2374307734,    -0.03808279229
      -1.779366574,       3.766216334,      0.2358237765,    -0.03660157497
      -1.785867532,       3.764562777,      0.2341034105,    -0.03506769621
      -1.837183324,       3.710234181,      0.2322623623,    -0.03345690366
      -1.786871748,       3.760462738,      0.2302911777,    -0.03160812381
      -1.780724868,       3.765227947,      0.2282010703,    -0.02964891122
      -1.826485894,       3.719047265,      0.2259966691,    -0.02754023449
      -1.787754441,       3.763629767,      0.2236623213,     -0.0253662275
        -1.8710077,       3.677887107,      0.2212414513,     -0.0231355359
      -1.832813025,       3.708354212,      0.2187202306,    -0.02084710336
      -1.818874495,       3.723425143,       0.216120066,    -0.01858006129
      -1.773540502,        3.76985448,      0.2134308988,    -0.01628243703
      -1.753653544,       3.790642408,      0.2106882542,    -0.01409242399
      -1.775167165,       3.764883968,      0.2078663672,     -0.0118494792
      -1.847718745,       3.689940883,      0.2049583949,   -0.009586518391
      -1.797010931,       3.744352367,      0.2020183907,   -0.007399904749
      -1.837487684,       3.702638342,      0.1990248519,   -0.005113530601
      -1.846423744,       3.691499719,      0.1959526403,   -0.002656979858
      -1.858692947,       3.679210329,      0.1928587841,  -0.0003713862314
      -1.861566743,       3.679353586,       0.189706044,    0.002107205747
      -1.783449038,        3.75907215,      0.1865189205,    0.004608725096
      -1.794694635,       3.744494339,      0.1832675614,    0.007254939704
      -1.799647272,       3.739689228,      0.1799958047,    0.009587538566
      -1.712321724,       3.830774216,      0.1766475432,      0.0119302788
      -1.787184835,         3.7536407,      0.1732731095,     0.01399891548
      -1.808399676,       3.728938017,      0.1698043722,     0.01619513449
      -1.787907283,       3.750950376,      0.1663264605,      0.0182035613
      -1.790638904,       3.749521017,      0.1627877207,     0.02025845301
      -1.863205374,       3.674021667,      0.1592349284,      0.0221514795
      -1.848125019,       3.691111371,      0.1556279936,      0.0241797914
      -1.880805858,       3.656566132,      0.1520219193,      0.0259806583
      -1.834665702,       3.702793202,      0.1483692882,     0.02780980321
      -1.762067149,       3.778635022,      0.1447002673,     0.02958166592
       -1.79414179,       3.746066982,      0.1410354253,     0.03121363977
      -1.823695967,       3.715788243,      0.1373371218,      0.0328917772
       -1.77638358,       3.766994487,      0.1336474516,     0.03440596833
      -1.794434404,       3.747363744,      0.1299701982,      0.0357630327
      -1.842847608,       3.697007256,      0.1262577663,      0.0370883255
      -1.763085108,       3.778789587,      0.1225651201,      0.0381878878
      -1.794397791,       3.747307149,      0.1189004255,     0.03907967319
      -1.864677745,       3.675854869,        0.11523575,     0.03995281344
      -1.830376979,       3.710406498,      0.1115846197,     0.04093502247
      -1.842459222,       3.697698094,      0.1079535666,     0.04176731378
      -1.795355287,       3.744232656,      0.1042996358,     0.04271857703
      -1.791352031,       3.749910262,      0.1006443733,     0.04366203907
      -1.826108307,       3.715315137,     0.09699761419,     0.04449154776
      -1.770722603,       3.772780753,     0.09333614579,      0.0453709468
      -1.780324884,       3.762539611,     0.08966930044,     0.04611571927
      -1.774231538,        3.76870503,     0.08599904415,     0.04675096059
      -1.772594564,       3.770219675,     0.08232619802,     0.04727090059
      -1.771328755,       3.771574578,     0.07864674425,      0.0477851087
      -1.847724755,       3.693708839,     0.07497014579,     0.04822220338
      -1.794860708,       3.748239079,     0.07129325639,     0.04856560471
      -1.819029327,       3.722700076,     0.06762914309,     0.04870566488
       -1.82462554,       3.717028697,      0.0639570385,     0.04887748742
      -1.793481634,       3.749801695,     0.06030977842,     0.04888325114
      -1.784696769,       3.758417278,     0.05664898904,     0.04890598059
      -1.759704574,       3.784545477,      0.0529887271,     0.04882026773
      -1.783285224,       3.760632484,     0.04930941245,     0.04872863645
      -1.796551052,       3.748172501,     0.04564434034,     0.04865104674
      -1.773951165,       3.768338479,     0.04195297042,     0.04874486041
      -1.793862447,       3.749285867,     0.03828813376,     0.04865448253
      -1.833614204,       3.708589571,     0.03461964097,     0.04855181356
      -1.811253475,       3.733029565,      0.0309470491,     0.04840507539
      -1.849374026,       3.694553411,     0.02726356604,     0.04818290462
      -1.860282824,       3.683569726,     0.02359575721,     0.04782279275
      -1.768446043,       3.776841825,     0.01992764942,      0.0474593747
       -1.75297497,       3.791632324,     0.01627905135,     0.04692707493
      -1.773447579,       3.771819477,     0.01261828894,     0.04645951687
      -1.773177478,        3.77251451,    0.008975179774,     0.04595163786
      -1.799866317,       3.744522995,    0.005317820175,     0.04550463642
       -1.84755478,       3.696549166,    0.001693660976,     0.04479805603
      -1.806510855,       3.739203468,   -0.001941944379,     0.04405826151
      -1.831003836,       3.715074068,   -0.005564863355,     0.04314278672
      -1.836623675,       3.708243758,   -0.009197544767,     0.04219778309
      -1.780292348,       3.766182784,    -0.01281126152,     0.04108880176
       -1.81534051,       3.731914858,    -0.01643270598,     0.03998515855
      -1.858194842,       3.689584306,    -0.02003107073,     0.03877398343
        -1.7799146,       3.767498205,     -0.0236225368,     0.03773247817
       -1.80909953,       3.737058492,    -0.02716624988,     0.03638071992
      -1.836709478,       3.710227623,    -0.03071062224,     0.03499564609
      -1.780878752,       3.765829862,    -0.03423766986,     0.03357204753
       -1.75725859,       3.786340959,     -0.0377538334,     0.03210554412
      -1.771326227,       3.771398209,     -0.0412401692,     0.03051107372
      -1.751968776,       3.793238637,    -0.04469768644,     0.02908135746
      -1.803309539,       3.743348957,    -0.04812321737,     0.02762652996
      -1.831278831,       3.716482983,    -0.05152352345,     0.02631464726
      -1.818183158,       3.726851192,    -0.05486591014,     0.02503804692
       -1.81293508,       3.733898452,    -0.05818255453,     0.02367136438
      -1.767453243,       3.780257924,    -0.06145224571,     0.02223652324
      -1.774272003,       3.774054333,    -0.06467585029,     0.02096561854
      -1.851708061,       3.693688411,    -0.06786012138,     0.01969592933
      -1.762845545,       3.784792512,    -0.07099247305,       0.018482918
      -1.762043573,       3.785561405,    -0.07407124631,     0.01750445846
      -1.788397475,       3.758973339,    -0.07712103761,     0.01644438098
       -1.75209517,        3.79259624,    -0.08011651787,     0.01516081161
      -1.793605502,       3.750564794,    -0.08306017542,      0.0140044156
      -1.801737768,       3.743846351,    -0.08594084639,     0.01300874634
      -1.767544022,       3.780176686,    -0.08875824409,     0.01237795137
      -1.805383518,       3.739462501,    -0.09147753557,     0.01190319689
      -1.788299144,       3.757341496,    -0.09411066985,     0.01130961924
      -1.801588188,       3.746134639,    -0.09665755913,     0.01091017239
      -1.801485631,       3.746784404,    -0.09913648791,     0.01059889701
      -1.777597714,       3.767023948,      -0.101532782,     0.01025995454
      -1.780821823,        3.76170603,     -0.1038330106,     0.01006357644
      -1.814186769,       3.732405535,     -0.1060511181,    0.009977467727
      -1.763689362,       3.784464346,     -0.1081786384,     0.01011474144
        -1.7943775,       3.749772536,     -0.1102198911,      0.0100751187
      -1.819661682,        3.72286988,     -0.1121753721,     0.01008331704
      -1.793539485,       3.749597956,      -0.114009187,     0.01037464595
      -1.807707747,       3.736261607,     -0.1157632292,     0.01077280556
      -1.753893895,        3.79352656,     -0.1174115766,     0.01117751679
      -1.778712823,       3.769640035,     -0.1189579299,     0.01151635824
      -1.785396345,       3.756699977,     -0.1203944529,     0.01186261869
      -1.760966312,       3.781631208,     -0.1217227306,     0.01224362935
      -1.759075922,       3.781951379,     -0.1229446317,     0.01272519483
      -1.822752627,         3.7199021,      -0.124049992,     0.01339157315
      -1.801547756,       3.745000014,     -0.1250428945,     0.01405625396
      -1.819734714,       3.727878096,      -0.125920344,     0.01472768609
      -1.783517975,       3.760086337,     -0.1266740862,     0.01554621653
      -1.810606198,       3.730648298,     -0.1273193396,     0.01654169455
      -1.800864341,       3.739716429,      -0.127846259,     0.01763036029
      -1.828053769,        3.71134295,     -0.1282702705,     0.01881447559
      -1.798606891,       3.742760466,     -0.1285712556,     0.02013457684
      -1.853051535,       3.687076909,      -0.128732369,     0.02137895392
      -1.762703051,       3.777334862,     -0.1288014812,     0.02249031114
      -1.810642261,       3.728959292,     -0.1287494069,     0.02349417549
       -1.83165952,       3.706598074,     -0.1285714672,     0.02452705864
      -1.794524209,       3.745341921,     -0.1282719432,     0.02551083205
      -1.796924276,       3.743015215,     -0.1278577553,     0.02665064636
       -1.75807667,       3.783852506,     -0.1273187756,     0.02787857318
      -1.787813473,       3.751001593,     -0.1266504716,     0.02912999381
      -1.784243865,       3.754925987,     -0.1258635441,     0.03033267585
      -1.790521503,       3.746408026,     -0.1249662944,     0.03154808939
      -1.836288952,       3.699768714,     -0.1239447582,     0.03274668033
       -1.79309586,       3.745611873,     -0.1228310596,     0.03395249754
      -1.807235795,       3.730467175,     -0.1216098124,     0.03513833561
      -1.788792651,       3.748257646,     -0.1202885243,      0.0362330233
       -1.78694845,       3.750914422,     -0.1188703247,      0.0373196923
        -1.7875815,       3.749474729,     -0.1173738111,     0.03838095837
      -1.797974184,       3.739219708,     -0.1157793019,     0.03958142344
      -1.807767776,       3.726977134,     -0.1141255816,     0.04072475721
      -1.829485391,       3.703692339,     -0.1123816972,     0.04195913188
      -1.773499972,       3.764047667,     -0.1105498423,       0.043060589
      -1.799744369,       3.736593613,     -0.1086228242,     0.04415380406
       -1.81658843,       3.718112102,     -0.1066125182,     0.04512750813
      -1.792719697,       3.744147621,     -0.1045598258,     0.04619569133
      -1.833871421,       3.698478212,     -0.1024443329,      0.0474307366
      -1.785241119,       3.750288473,     -0.1002639349,     0.04874112451
      -1.815641176,       3.718508424,    -0.09801774888,     0.05007984351
      -1.854264775,       3.678842234,    -0.09572888128,     0.05141736677
      -1.818103204,       3.717529108,    -0.09341475919,      0.0526815815
      -1.837399328,       3.697204959,    -0.09103707724,     0.05404055983
      -1.832329699,       3.703333185,    -0.08860712107,     0.05555163305
      -1.789680861,       3.747562749,     -0.0861558379,     0.05712139379
      -1.816208157,       3.716485029,    -0.08370611381,     0.05842250317
      -1.758793413,       3.778528683,    -0.08124742965,     0.05947408706
      -1.787308578,       3.747532453,    -0.07874813599,     0.06049121051
      -1.837834233,       3.694373218,    -0.07621610397,     0.06149299286
      -1.815338469,       3.718565738,    -0.07367019926,     0.06267586754
      -1.830164721,       3.702489559,    -0.07111019219,     0.06399240163
      -1.762968115,       3.771783888,    -0.06854117246,     0.06534111735
      -1.773672472,       3.761087206,     -0.0659747582,     0.06665798104
       -1.80693591,       3.726210286,    -0.06342061764,     0.06792400422
      -1.782127899,       3.753932218,    -0.06090343462,     0.06898047496
      -1.824642452,       3.710377261,    -0.05838378428,      0.0702314292
      -1.874402656,       3.656896919,    -0.05589583837,     0.07142487969
      -1.796646627,       3.738349831,    -0.05340186395,     0.07280050704
      -1.808804046,       3.725110051,    -0.05095183006,     0.07394498725
      -1.796358916,       3.738303903,    -0.04854645189,     0.07520084176
      -1.796094915,       3.738770894,    -0.04618677022,     0.07632611369
      -1.811870492,       3.722863213,    -0.04386161415,     0.07745092433
      -1.768352411,       3.765390654,    -0.04155449031,     0.07868478284
      -1.753982531,       3.782927221,    -0.03926301967,     0.07987057435
      -1.781999764,       3.753637485,      -0.037035353,     0.08099007081
      -1.867984112,       3.664362827,    -0.03485390011,     0.08214088658
      -1.813147841,       3.723187389,    -0.03269988823,     0.08334521553
      -1.807175624,       3.728691335,    -0.03055745458,     0.08467388714
      -1.836562005,       3.697704724,     -0.0284293188,     0.08599975658
      -1.773465977,       3.765656517,    -0.02639485603,     0.08739836505
      -1.814929774,       3.724154083,    -0.02439077089,     0.08883711947
      -1.805308028,       3.733893516,    -0.02246028301,     0.09028680085
      -1.729707764,        3.81217202,     -0.0205682298,     0.09158328516
      -1.769645928,       3.772803192,    -0.01873798687,     0.09286586155
      -1.793239808,       3.751209848,    -0.01701403724,     0.09427467329
      -1.772482541,       3.773404262,    -0.01534048604,     0.09574301136
      -1.801293239,        3.74702416,    -0.01371677435,     0.09726136255
       -1.80727724,       3.737797801,    -0.01216964817,     0.09854867864
      -1.749986236,       3.797733676,    -0.01069816369,     0.09993579945
      -1.779895409,       3.768510374,   -0.009301998091,      0.1012170042
      -1.747695467,       3.803920242,   -0.007959462439,      0.1023952208
      -1.758108073,       3.794507841,   -0.006665477062,      0.1035355939
       -1.81140889,       3.742597159,   -0.005419711899,      0.1046993285
      -1.716757593,       3.835910062,   -0.004243441234,      0.1056783789
       -1.73642695,        3.81714398,   -0.003106426413,      0.1068214197
       -1.77339277,       3.782577257,   -0.002051267764,      0.1080177276
        -1.7637718,        3.79306875,   -0.001058781625,      0.1094682632
      -1.771639181,       3.783599427,  -0.0001462653361,      0.1108732112
      -1.786577779,       3.769666946,   0.0007137127449,      0.1123512573
      -1.736639631,       3.817672837,    0.001515929089,       0.114021054
      -1.760964021,       3.794702408,    0.002268298912,      0.1158011108
      -1.747894312,       3.806267238,    0.002950711232,      0.1174921723
      -1.733111689,       3.821625001,    0.003573269803,      0.1190929237
      -1.767483914,       3.788582279,    0.004131219314,      0.1205760141
      -1.755869555,       3.799425029,    0.004631944972,      0.1220553535
      -1.745163495,       3.808114647,    0.005071784836,      0.1235602905
      -1.739513685,       3.813555424,    0.005455970556,      0.1249844451
      -1.718865692,       3.833607004,    0.005774143079,      0.1265620562
      -1.743180437,        3.81083914,    0.005999183771,      0.1280359315
      -1.814856265,       3.741702282,    0.006157262154,      0.1294129486
      -1.759943431,       3.795381168,      0.0062697282,      0.1306581501
      -1.753305689,       3.799941497,     0.00632835086,      0.1318830719
      -1.763097479,       3.792562945,    0.006328798725,      0.1331369539
      -1.729067671,       3.824407272,    0.006285845818,      0.1341830716
      -1.761051905,        3.79310649,    0.006214952254,      0.1351360355
      -1.770341255,       3.783421223,    0.006101373293,       0.136264429
      -1.704774863,       3.848998554,    0.005975977324,      0.1376013803
      -1.752786329,       3.801679926,    0.005796189399,      0.1387524773
        -1.7743947,       3.776535288,    0.005563621559,      0.1398395221
      -1.752472655,       3.798161232,    0.005301758959,      0.1410302264
      -1.739646931,       3.817637811,    0.004982465359,      0.1421836472
      -1.748170162,        3.80788985,    0.004621601246,      0.1432891026
      -1.714887253,       3.833672853,    0.004234267276,       0.144318234
      -1.722334426,        3.82969681,    0.003839245417,      0.1453486978
      -1.750836217,       3.802881301,    0.003431046394,      0.1463766214
      -1.740693351,       3.812068717,     0.00301048629,      0.1474260671
      -1.756797007,       3.797215518,    0.002549518189,      0.1482652531
      -1.779404016,       3.780671078,    0.002062247434,      0.1490812277
      -1.731993092,       3.824519468,    0.001552089677,      0.1498939919
      -1.793378847,       3.756797498,    0.001010368657,      0.1505575973
      -1.747126889,       3.810341647,   0.0004686689852,      0.1512682019
      -1.729721412,       3.823602861,  -5.116891371e-05,      0.1521989254
      -1.763527984,        3.78453164,  -0.0006034415049,      0.1530857098
      -1.760428495,       3.799238814,   -0.001161271944,       0.153952643
      -1.706189421,       3.845914222,   -0.001736646696,      0.1547752445
      -1.757021626,       3.791038292,   -0.002313939135,      0.1555852412
      -1.757250492,       3.803442294,   -0.002911071074,      0.1562278886
      -1.728250573,       3.827338877,   -0.003503249766,      0.1568649545
       -1.73679015,       3.813570566,   -0.004081344413,      0.1575339889
      -1.766446734,       3.793662708,   -0.004654362087,      0.1581894897
      -1.762615204,       3.790412811,    -0.00523577502,      0.1587925582
      -1.791092861,       3.763622385,   -0.005799672119,      0.1593240093
      -1.748053209,       3.811071631,   -0.006351501436,       0.159852409
      -1.712010654,       3.834565833,   -0.006903322404,      0.1602816017
       -1.75827081,       3.788403324,   -0.007440611232,      0.1605742466
      -1.727546684,       3.830394894,   -0.007975839333,      0.1608339548
      -1.707734279,       3.849465987,   -0.008502104549,      0.1610330625
      -1.765373929,       3.786087045,   -0.009017880066,      0.1611243403
      -1.755642547,       3.799408833,   -0.009520284988,      0.1611502533
       -1.74787186,       3.798932106,    -0.01000869806,      0.1612566595
      -1.774010249,        3.77526812,    -0.01048213399,      0.1613952609
      -1.754603963,       3.796944752,    -0.01094354046,      0.1615877624
      -1.729976341,       3.818939341,    -0.01139564311,      0.1616471554
       -1.75319807,       3.791455741,    -0.01184222753,      0.1615973705
      -1.752493859,        3.79585427,    -0.01228012023,      0.1614965254
      -1.718990949,       3.832826656,    -0.01268181152,      0.1614339723
      -1.755932243,       3.798833855,    -0.01309573552,      0.1611405765
      -1.744569064,       3.808721284,    -0.01349512912,      0.1608996575
      -1.751792774,       3.792593777,     -0.0138856753,      0.1604934864
      -1.783510081,       3.760113819,     -0.0142579741,       0.159777315
      -1.774263039,        3.77324121,    -0.01459463994,      0.1591723621
      -1.704935669,       3.850138605,    -0.01492834936,      0.1584423032
      -1.770744543,       3.782282068,    -0.01524527194,       0.157639307
        -1.8369075,       3.713147516,    -0.01555521267,      0.1567640689
      -1.755966016,       3.792094904,    -0.01583723885,      0.1559193456
      -1.770643051,       3.780685945,    -0.01610106189,      0.1551557625
      -1.804973371,       3.744836017,    -0.01635064175,      0.1543818751
      -1.749949448,       3.801363253,    -0.01657573007,      0.1536310547
      -1.749978199,       3.800955938,    -0.01678156319,      0.1528095492
      -1.800709024,       3.748168847,    -0.01697108296,      0.1518753908
      -1.724282414,       3.834353786,    -0.01715289612,      0.1508507754
      -1.717612733,       3.834016064,    -0.01731639637,      0.1497055222
      -1.778362248,       3.762586962,    -0.01746549073,       0.148495425
      -1.725884781,       3.826239548,    -0.01760468725,      0.1471404963
      -1.781812058,       3.764992906,    -0.01772494247,      0.1457529767
       -1.77390405,       3.774621045,     -0.0178204701,      0.1443810261
      -1.743731455,       3.802978698,    -0.01789168706,      0.1429168936
      -1.738658984,       3.812059433,    -0.01794287916,      0.1414008395
      -1.758140594,       3.792105061,    -0.01797601914,      0.1399186157
      -1.760064872,       3.783955058,    -0.01800182192,      0.1384025432
      -1.806953175,       3.735324752,    -0.01802143992,      0.1368436605
      -1.786248734,       3.776477817,    -0.01801256724,      0.1353627004
       -1.73291552,       3.819283558,    -0.01799500194,      0.1337958522
      -1.763506488,       3.779897062,    -0.01795671521,      0.1321973772
      -1.774778476,        3.76822866,    -0.01790766269,      0.1305257355
      -1.721154515,       3.838864324,    -0.01784508864,      0.1287681852
      -1.751144049,       3.801136111,    -0.01776660036,      0.1270010811
      -1.802643194,       3.744116137,    -0.01766427364,      0.1251685652
      -1.791727082,       3.755973867,    -0.01753706814,      0.1233830235
      -1.779556947,       3.780594834,    -0.01739206972,      0.1215935282
      -1.799820295,       3.755228164,    -0.01721221299,      0.1197254368
      -1.763248486,       3.786614274,    -0.01701093962,      0.1178059507
      -1.788568856,       3.762673121,    -0.01678665024,      0.1157958365
       -1.82048191,       3.738400038,     -0.0165418114,      0.1137706936
      -1.758103335,       3.797533663,    -0.01627714007,      0.1116893113
      -1.827650192,       3.725052926,    -0.01599067411,      0.1095995137
      -1.874448575,       3.682481167,    -0.01567677451,      0.1074602093
      -1.811204167,       3.747962273,    -0.01533368543,      0.1052063192
      -1.809201778,       3.749621078,    -0.01495468431,      0.1029781149
      -1.879056582,       3.678882981,    -0.01454797921,      0.1007834507
      -1.777579017,       3.777423448,    -0.01410914899,     0.09858413145
      -1.781698835,       3.775638015,    -0.01364607387,     0.09640270155
      -1.788693573,       3.772311774,    -0.01316183502,     0.09429972842
      -1.788388512,       3.768380255,    -0.01265480398,     0.09224984681
      -1.776077095,       3.779633996,    -0.01211973648,      0.0901493075
       -1.81550375,         3.7438687,    -0.01155841939,     0.08806291152
      -1.770850697,       3.789774706,    -0.01096526973,     0.08586092103
      -1.792999063,       3.763620185,    -0.01034330113,     0.08373662814
      -1.825074465,       3.732273672,   -0.009694580354,     0.08171837812
      -1.765228976,       3.793206024,   -0.009002958883,     0.07969860772
        -1.7905948,       3.771847737,   -0.008266042891,     0.07760202737
      -1.839841007,       3.721760066,   -0.007490933109,     0.07543673214
      -1.787637896,       3.769993797,   -0.006677393259,     0.07333000435
      -1.814192487,       3.746942062,   -0.005827275071,      0.0712743856
      -1.833640242,       3.733051421,    -0.00494377194,     0.06927251494
      -1.782757084,       3.775536911,   -0.004022192753,     0.06725911106
      -1.804268081,        3.75362668,   -0.003076261046,      0.0654698434
      -1.839669965,       3.723765595,   -0.002093779171,     0.06366509667
      -1.782522922,       3.778629524,   -0.001080261282,     0.06188131531
      -1.798871949,       3.758672872,  -3.341828133e-05,     0.06019697068
      -1.878536242,       3.682676405,    0.001062918502,     0.05857361228
      -1.800223318,       3.760143589,    0.002193311544,     0.05709276773
      -1.786640552,       3.774176864,    0.003360502959,     0.05568080475
      -1.810917138,       3.747451672,    0.004567707933,      0.0542992034
      -1.734237398,       3.826983878,    0.005811011209,     0.05305324923
      -1.784452625,       3.777620105,    0.007090388511,     0.05196529839
      -1.776480258,        3.79139652,    0.008405175193,     0.05077846329
       -1.77948344,       3.780437306,    0.009747462944,     0.04955556893
      -1.800897247,       3.752620961,     0.01112688289,     0.04840392294
        -1.8006735,       3.764674627,     0.01253902187,     0.04728617631
      -1.792263062,       3.771836491,     0.01399505582,     0.04610959436
      -1.829300558,       3.731075589,     0.01548014787,     0.04499658787
      -1.816209987,       3.742254821,     0.01699013009,     0.04409138663
      -1.760228004,       3.799786069,     0.01853831639,     0.04321748565
      -1.784591338,       3.781250329,     0.02011562822,      0.0424322642
      -1.887558839,       3.679247771,     0.02172209446,     0.04162033656
      -1.810280891,       3.746404349,      0.0233483782,     0.04082727084
      -1.802143123,       3.758343965,     0.02499578392,      0.0400234189
       -1.82516795,        3.73377759,     0.02666907435,     0.03919280229
      -1.757184965,       3.802188001,     0.02835157746,     0.03844951187
      -1.801388473,       3.749954131,     0.03006332855,     0.03768182113
      -1.783333882,       3.772645645,     0.03178895129,     0.03689131032
      -1.747617747,       3.807569937,     0.03353266738,     0.03617057388
      -1.793090201,       3.757701101,     0.03529326799,     0.03555988081
      -1.906338354,       3.653402102,     0.03708550248,     0.03482784234
      -1.822612678,       3.727543202,     0.03889976973,     0.03418306883
      -1.799846541,       3.754432691,     0.04071858912,     0.03365159951
      -1.804164925,       3.746523166,     0.04257389633,      0.0330436987
       -1.74140486,       3.807300951,     0.04443462695,     0.03233067121
       -1.77646139,       3.771046773,      0.0462967471,     0.03166995249
      -1.799747727,       3.752270035,     0.04815882025,      0.0310153294
      -1.806260994,       3.745146929,     0.05004458482,     0.03033460647
      -1.853573679,       3.697136044,     0.05193701689,      0.0296124202
      -1.885811413,        3.65910608,     0.05383918982,     0.02896359565
      -1.823550018,       3.724224911,     0.05573569011,     0.02832749196
      -1.837233462,       3.711065367,     0.05763721662,     0.02747113677
      -1.868914448,        3.68460307,     0.05952142093,     0.02669823423
      -1.834211322,       3.715739127,     0.06141264699,     0.02584041581
      -1.819826163,       3.727724749,     0.06329565484,     0.02504515893
      -1.805667799,       3.739321266,     0.06518259975,     0.02416124718
      -1.751991067,       3.796272199,        0.06708087,       0.023338869
      -1.825758657,       3.720775238,     0.06897616712,     0.02258850147
      -1.805548399,       3.740809152,     0.07087092009,     0.02195647383
      -1.822874355,       3.719536764,     0.07275633819,     0.02131472914
      -1.876556674,       3.671571635,     0.07463171148,     0.02072460294
      -1.863280213,       3.680252246,     0.07649678969,     0.02015656732
       -1.91422161,       3.628152738,     0.07834979523,     0.01955847896
      -1.829325531,       3.713014968,     0.08018695596,     0.01901341706
      -1.785301856,       3.759575643,      0.0820090978,     0.01848788149
      -1.821201256,       3.723773174,     0.08382598772,     0.01789769618
       -1.82702963,        3.71388613,     0.08562180478,     0.01725548822
      -1.889062341,        3.65064099,     0.08741222702,     0.01665731361
       -1.77047345,       3.770337026,     0.08919812303,     0.01611274673
      -1.752179876,       3.790529495,     0.09096648433,     0.01553886257
      -1.823741427,       3.719579244,     0.09271297029,     0.01498818448
      -1.807759202,       3.735540206,     0.09444358984,     0.01443187123
      -1.864803664,       3.674301496,     0.09614059233,     0.01393898748
      -1.796079147,       3.745850308,     0.09781176086,     0.01350164964
      -1.828737617,       3.716342112,     0.09946593637,     0.01316127669
      -1.838333869,       3.706659953,         0.1010973,     0.01294845544
      -1.816540484,       3.727047505,      0.1027018492,     0.01281000492
       -1.83171513,       3.712527988,      0.1042688312,     0.01274349667
      -1.759573724,       3.785757982,      0.1058060143,     0.01271866466
      -1.792141384,       3.752900861,      0.1073122288,     0.01274266457
      -1.840027032,       3.701457013,      0.1087953683,     0.01276545131
      -1.832773438,       3.712229374,      0.1102709134,     0.01280425089
      -1.861689745,       3.684502634,      0.1117433114,     0.01275757418
      -1.857752616,       3.690432709,      0.1132122846,     0.01262725067
      -1.875150498,       3.669178355,      0.1146782406,     0.01249121695
      -1.843566111,       3.698682728,      0.1161234864,      0.0123575267
      -1.813114935,       3.731855868,      0.1175489628,     0.01220884399
      -1.843135136,       3.704052437,      0.1189490687,      0.0119783234
      -1.845577837,       3.698458561,      0.1203218896,     0.01169531372
      -1.838608148,         3.7031578,      0.1216599259,      0.0114416575
      -1.859719003,       3.683263003,      0.1229710511,     0.01117700206
      -1.825328005,       3.721382273,      0.1242517502,     0.01087896096
      -1.863375431,        3.67895841,       0.125501805,     0.01056652827
      -1.839603038,       3.705040489,      0.1267236692,     0.01023774188
      -1.872421976,       3.672415441,      0.1279133967,    0.009857177392
      -1.832085894,       3.712660005,      0.1290770787,    0.009449571544
      -1.817963141,        3.72431173,      0.1302103583,    0.009051417751
       -1.83687213,       3.705795748,      0.1313138205,    0.008658869369
       -1.76025925,       3.783699747,      0.1323897542,    0.008227470147
      -1.782647789,       3.763206785,      0.1334295747,    0.007759659005
      -1.777799043,       3.762480472,      0.1344319884,    0.007302847592
      -1.795828301,       3.747149242,      0.1353971464,    0.006811982903
      -1.849407174,        3.69494554,      0.1363158748,    0.006339676366
      -1.817319796,       3.729073735,      0.1371691606,    0.005837755218
      -1.824036523,       3.717202447,      0.1379758394,    0.005312135704
      -1.855437526,       3.684715783,      0.1387367274,    0.004762497295
      -1.834233041,       3.709279803,      0.1394560141,    0.004216673783
      -1.840457549,       3.704445919,      0.1401240407,    0.003720992114
      -1.754743021,       3.787640396,      0.1407475282,    0.003216893754
      -1.788162777,       3.753403012,      0.1413195822,    0.002740167833
      -1.794474482,       3.748641326,      0.1418355333,    0.002304327125
      -1.768095088,       3.777641118,      0.1423052104,    0.001778265713
      -1.843379698,        3.69823829,      0.1427207541,    0.001228771441
       -1.79494334,       3.746856985,      0.1430892984,    0.000676054048
      -1.786024285,         3.7548248,      0.1434100128,   0.0001542604502
      -1.817053771,       3.723730403,      0.1436902007,   -0.000352386998
      -1.798215189,       3.744983273,      0.1439269325,  -0.0008421455439
      -1.832619747,       3.712148994,      0.1441091621,   -0.001383464431
      -1.775231876,       3.767795081,      0.1442482461,   -0.001935994124
      -1.811810035,       3.731446649,      0.1443438097,   -0.002475235201
       -1.79173315,       3.754719846,      0.1443880411,   -0.003010951957
       -1.75241114,       3.792175181,      0.1443764024,   -0.003542610766
      -1.778095396,       3.765100526,      0.1443119398,    -0.00406288395
      -1.804314898,       3.738878028,      0.1441957129,   -0.004551642776
      -1.794537881,       3.751826189,      0.1440305881,   -0.005066782365
      -1.867102607,       3.678618483,       0.143810106,   -0.005607056239
      -1.793982634,       3.748600964,      0.1435264953,   -0.006161665973
      -1.850143358,       3.689617681,      0.1431823313,   -0.006719389553
      -1.805523007,       3.733515463,      0.1427782299,   -0.007277490904
      -1.761605736,       3.781397726,      0.1423083684,   -0.007840697924
      -1.756109108,       3.789098628,      0.1417761915,   -0.008385344972
      -1.795860768,       3.748535866,      0.1411776206,   -0.008968291684
      -1.821172301,        3.72068084,      0.1405207229,   -0.009575160644
      -1.833393299,       3.706230506,      0.1398008343,    -0.01021711135
      -1.792575906,       3.749195207,      0.1390169696,    -0.01081632642
      -1.822463748,        3.71838703,      0.1381705698,    -0.01142298607
      -1.797187636,       3.743592709,      0.1372671532,    -0.01210634261
      -1.804049211,       3.737931319,      0.1362939205,    -0.01278006503
      -1.817845524,       3.721392102,       0.135250708,     -0.0134976114
      -1.817032081,        3.72338054,      0.1341457716,    -0.01421853899
      -1.828845453,       3.711962517,      0.1329770058,    -0.01495660213
       -1.82220861,       3.718142585,      0.1317410996,    -0.01569333972
      -1.803342231,       3.738505092,      0.1304344869,    -0.01642230858
      -1.771291516,       3.771365074,      0.1290578956,    -0.01716584192
      -1.786569474,       3.754327835,      0.1276124202,     -0.0179496606
      -1.833034133,       3.707026014,      0.1260975149,    -0.01875736754
      -1.762092511,       3.779408552,      0.1245167736,    -0.01953022532
      -1.816715732,       3.724672108,       0.122872203,    -0.02029159491
      -1.857657858,       3.682098632,      0.1211626428,    -0.02101468582
      -1.824203181,       3.718187327,      0.1193867616,    -0.02170517038
      -1.845858078,        3.69678503,      0.1175421626,    -0.02239958218
      -1.769989368,       3.772898269,      0.1156278871,    -0.02306267424
      -1.810348479,       3.730621458,       0.113639312,    -0.02369820577
      -1.848423646,       3.689165884,      0.1115792762,    -0.02431471517
      -1.877475059,       3.661587724,      0.1094498014,    -0.02491194804
      -1.821810508,       3.718838336,      0.1072527508,    -0.02548602077
      -1.856516642,       3.681969619,      0.1049914935,    -0.02606818784
      -1.787357041,       3.753422466,      0.1026667071,    -0.02668466558
       -1.79819286,       3.741454299,      0.1002791704,    -0.02732653761
      -1.810198045,       3.729596341,     0.09783026976,    -0.02796378863
      -1.832845743,       3.708278186,     0.09531609615,    -0.02860217418
      -1.810258429,       3.732547905,     0.09273696576,    -0.02925200215
       -1.86075595,       3.679658961,      0.0900999029,    -0.02988769554
      -1.849006298,       3.691230315,     0.08740331498,    -0.03050740164
      -1.863826553,       3.674976584,     0.08464964054,    -0.03112441455
      -1.836648353,       3.701711461,     0.08184738071,    -0.03169271788
      -1.811356858,       3.728996162,     0.07898677518,    -0.03224990329
      -1.785731937,         3.7546214,     0.07607307126,    -0.03283351409
      -1.825746546,        3.71355986,     0.07311145756,    -0.03339233899
      -1.870623975,       3.670429228,     0.07010333954,     -0.0339628928
      -1.827098317,        3.71442725,     0.06703905246,    -0.03451775223
      -1.822404947,       3.717540978,     0.06393065942,    -0.03511877167
       -1.81724373,       3.722875564,     0.06077829036,    -0.03569922918
      -1.840617938,       3.698563474,     0.05758087418,     -0.0362333113
       -1.90727034,       3.632949247,     0.05434419679,    -0.03671407214
      -1.940172431,       3.597121964,     0.05107359756,    -0.03713503538
      -1.903469193,       3.634773392,     0.04777656649,    -0.03755996158
      -1.815859004,         3.7376525,     0.04444544503,    -0.03799124357
      -1.839642435,       3.705617098,     0.04108965166,    -0.03835746483
      -1.837961597,       3.708699295,     0.03770436283,     -0.0386565552
      -1.838233697,        3.70272478,     0.03429612686,    -0.03884658906
       -1.88091357,       3.658052684,     0.03087327772,    -0.03898658314
      -1.938128333,       3.599068276,     0.02743720329,    -0.03913097522
       -1.93752584,       3.597256374,     0.02399619494,    -0.03926652529
      -2.075836731,        3.45862984,     0.02054711324,    -0.03940435901
      -2.074812142,       3.457701747,     0.01709346946,    -0.03952309816
      -2.160280942,       3.370017426,     0.01363292215,    -0.03962731742
      -2.140838169,       3.390192864,      0.0101691803,    -0.03969712951
      -2.044339168,       3.490077956,    0.006699720211,     -0.0396929155
      -2.070645046,        3.46233949,    0.003229088827,     -0.0396772074
      -2.008132686,       3.525852926,  -0.0002279191991,    -0.03967439128
       -1.98144485,        3.55562722,   -0.003681069696,    -0.03971332694
       -1.87083616,       3.666145675,   -0.007129243095,    -0.03974049709
      -1.850795314,       3.686959885,     -0.0105560245,    -0.03984977163
      -1.915204185,       3.625373571,    -0.01396530517,    -0.04002210488
       -1.86885407,       3.668853929,     -0.0173556818,    -0.04015157065
      -1.931680944,       3.607336155,    -0.02071765342,    -0.04032820435
      -1.956399407,       3.583559065,    -0.02405770988,    -0.04045818585
      -1.919955428,       3.617778412,    -0.02737585789,    -0.04052583073
       -1.96271411,       3.576980306,    -0.03066768071,    -0.04055022144
      -1.836317881,       3.718313459,    -0.03392686888,    -0.04052387267
      -1.879639349,       3.667632752,    -0.03714615884,    -0.04043749197
      -1.794219136,       3.751275657,    -0.04032459711,    -0.04028868641
      -1.840979499,       3.700157246,    -0.04345941704,    -0.04017243013
      -1.875454186,       3.663788235,    -0.04654677348,    -0.04003845562
      -1.989887392,       3.547706833,    -0.04958286814,    -0.03991402111
      -1.950264351,       3.586304817,    -0.05257310477,    -0.03975105581
      -1.899103383,       3.640240594,    -0.05552377343,    -0.03964506798
      -1.933983823,       3.599389528,    -0.05842653241,    -0.03953692693
      -2.050173362,        3.48308979,    -0.06128196143,    -0.03931875319
      -2.018379317,       3.517944998,    -0.06408841337,    -0.03917238618
      -2.027084521,       3.508879571,    -0.06683690805,     -0.0390906513
      -1.954870356,       3.582563733,    -0.06952736403,    -0.03906989842
      -1.977492016,       3.557837994,    -0.07216508462,    -0.03901543295
      -1.903177449,       3.636974866,    -0.07474328809,    -0.03891174142
      -1.895952311,       3.640878614,    -0.07727287761,    -0.03901894135
      -2.039254756,        3.49777007,     -0.0797444815,     -0.0390603427
      -1.976488469,       3.560078807,    -0.08215570573,    -0.03898978371
      -1.881336779,       3.658381397,    -0.08450885496,    -0.03905530877
      -1.900428209,       3.639159233,    -0.08679488253,    -0.03898211349
      -1.870976163,       3.667305641,    -0.08902263451,     -0.0390268295
      -1.904934066,       3.633274328,    -0.09118451374,    -0.03900062191
      -1.876315325,        3.66357505,    -0.09328084983,    -0.03909677037
      -1.807109501,       3.730491824,     -0.0953117195,    -0.03922751209
       -1.91935834,       3.618784925,    -0.09727539573,    -0.03929751893
      -1.905417822,       3.631143973,    -0.09917876653,    -0.03945926687
      -1.896988363,       3.641963423,     -0.1010159395,    -0.03962505653
      -1.876431854,       3.662657345,     -0.1027833572,    -0.03980040905
      -1.898022748,       3.638962862,     -0.1044882535,    -0.04003996172
      -1.929750694,       3.607148282,     -0.1061318875,    -0.04040616996
      -1.959552398,       3.578046482,     -0.1077146754,    -0.04074879291
      -1.983846509,       3.551629148,     -0.1092414577,    -0.04109914135
      -2.009326653,       3.528974049,     -0.1107009234,    -0.04146523799
      -1.924408597,         3.6138759,     -0.1120987512,    -0.04187240756
      -1.917034987,       3.621323567,     -0.1134419301,    -0.04227710434
      -1.926122771,       3.613225585,     -0.1147133771,     -0.0427395004
      -1.912601312,       3.625212671,     -0.1159262642,     -0.0432364428
      -1.915030902,       3.621951856,     -0.1170828405,    -0.04379303224
      -1.840370995,       3.697937981,     -0.1181725696,    -0.04425906984
      -1.924678553,       3.612543353,     -0.1192011575,    -0.04487916074
      -1.981389588,       3.553513448,     -0.1201796483,    -0.04555093556
      -1.903411423,       3.634370527,     -0.1211018323,    -0.04643855342
      -1.922363705,       3.613951426,     -0.1219684919,    -0.04723957344
      -1.961639247,       3.574998401,     -0.1227735781,    -0.04792627795
      -1.996696313,       3.539531106,      -0.123527415,    -0.04868151312
      -1.918921297,       3.618309119,     -0.1242280719,    -0.04941930328
      -1.904179548,       3.635014857,     -0.1248734982,     -0.0501963987
      -1.960068389,       3.577378868,     -0.1254622543,    -0.05097128058
      -1.974449147,       3.561901381,     -0.1260122147,    -0.05174223702
      -1.898690297,       3.639850547,      -0.126511128,    -0.05241199694
      -1.820375082,       3.717039063,     -0.1269691791,    -0.05309700797
      -1.893693983,       3.643035605,     -0.1273811505,    -0.05378858696
      -1.951242205,       3.585413353,     -0.1277512428,    -0.05440737613
        -1.8868473,       3.649370842,     -0.1280726934,    -0.05500852192
      -1.929160538,       3.607552919,     -0.1283794618,    -0.05562391842
      -1.985017015,       3.550899201,     -0.1286345287,    -0.05608611388
       -2.04685281,       3.487860541,     -0.1288771901,    -0.05646486249
      -1.933128572,        3.60525623,     -0.1290849237,    -0.05681565145
      -1.905779926,       3.632913599,     -0.1292594585,    -0.05712540741
      -1.950247641,       3.586594143,     -0.1294143118,    -0.05742490732
      -1.915921132,       3.622218703,     -0.1295419867,    -0.05766559263
      -1.878194258,       3.659521808,     -0.1296403203,    -0.05784043893
      -1.812045982,       3.725167892,     -0.1297049707,    -0.05791328338
      -1.916741057,       3.620123994,     -0.1297451376,    -0.05788950855
       -1.94944259,        3.58714515,      -0.129759969,    -0.05778092244
      -1.884717437,       3.652509331,     -0.1297564896,    -0.05759627881
      -1.966069225,        3.56988173,     -0.1297397245,    -0.05737155532
      -2.062666597,       3.472878037,     -0.1297114408,     -0.0570917799
      -2.006326206,       3.533280905,     -0.1296614406,    -0.05664658908
      -1.900514731,       3.648121658,     -0.1295960882,    -0.05611086432
      -1.863530262,        3.68459708,     -0.1295201165,    -0.05551426711
      -1.872657398,       3.681431102,     -0.1294329227,    -0.05481054816
      -1.890522203,       3.654953113,     -0.1293394687,    -0.05401887528
      -1.854463979,       3.699167698,     -0.1292586044,    -0.05321226401
      -1.815007597,        3.73194202,     -0.1291626134,    -0.05228632756
      -1.898412232,       3.658244465,     -0.1290710494,     -0.0513367355
      -1.915848782,       3.640070477,     -0.1289550847,    -0.05022468162
      -1.863680812,       3.681444442,     -0.1288401023,    -0.04907966953
      -1.867189946,       3.695218014,     -0.1287097627,    -0.04784977802
      -1.981760244,       3.579648794,     -0.1285630851,    -0.04661930606
      -1.963176196,       3.597074567,     -0.1284110604,    -0.04529903652
      -1.890365812,       3.673867962,      -0.128240232,     -0.0440048298
      -1.910296251,       3.648672951,      -0.128067202,    -0.04261258164
        -1.8920794,       3.662467789,     -0.1278802532,    -0.04123433941
      -1.834773502,       3.714276004,     -0.1276833894,    -0.03977785231
      -1.899824316,       3.651844782,     -0.1274768147,     -0.0382168845
      -1.887298598,       3.663609838,     -0.1272531917,     -0.0364973346
      -1.931291942,       3.621602544,     -0.1270199702,    -0.03473718446
      -1.826311515,        3.72054857,      -0.126780493,    -0.03296267569
      -1.897055918,       3.655349178,     -0.1265329124,    -0.03120918951
      -1.843117175,       3.703508856,     -0.1262708189,    -0.02946565764
      -1.937468739,       3.617684187,     -0.1259935362,    -0.02774678036
      -1.919359883,       3.636715024,     -0.1257109362,      -0.026076111
      -1.908140286,       3.647145096,     -0.1254140342,     -0.0244203286
      -1.882929241,       3.675229586,     -0.1251012198,    -0.02278117586
      -1.874959032,       3.678696658,     -0.1247691587,    -0.02114324183
      -1.851255025,       3.706314401,     -0.1244224876,    -0.01951691786
      -1.872376121,        3.68269158,     -0.1240575874,    -0.01785828348
      -1.890494947,        3.67151145,     -0.1236839671,    -0.01624919464
       -1.88013899,       3.676694003,     -0.1232941777,    -0.01465397682
      -1.827479338,        3.72964619,     -0.1228811592,    -0.01302227617
       -1.81665513,       3.737476396,     -0.1224258419,    -0.01129721186
      -1.851667664,       3.705192991,     -0.1219462756,   -0.009580390874
      -1.889058121,       3.669521775,     -0.1214191837,   -0.007768857579
      -1.868771167,       3.693996938,     -0.1208745409,   -0.005999100485
       -1.91656031,       3.650298383,     -0.1202924805,   -0.004215095623
      -1.919160346,       3.651162807,     -0.1196670786,    -0.00240604562
      -1.930871369,       3.638226566,     -0.1190026079,   -0.000570214176
      -1.884142253,       3.680483941,     -0.1183146584,    0.001183876987
      -1.841929042,        3.71917775,     -0.1175937248,    0.002936605193
      -1.864113112,        3.69916286,     -0.1168475809,    0.004672536041
      -1.852720697,       3.712245681,     -0.1160920876,     0.00627835833
      -1.888578355,       3.677522834,     -0.1153034606,    0.007929929861
      -1.820741869,       3.737027303,     -0.1144837457,    0.009601742826
      -1.817023899,        3.74729132,     -0.1136227645,     0.01139853193
      -1.855061476,       3.708630444,     -0.1127326042,     0.01324266675
      -1.883376558,       3.673998995,     -0.1118241694,     0.01509972498
       -1.90336661,       3.651872759,     -0.1108936555,     0.01699757384
      -1.866343064,       3.713504125,     -0.1099333285,     0.01884903401
      -1.907519476,        3.65958214,     -0.1089437344,     0.02077233347
      -1.990387569,       3.573375543,      -0.107916627,     0.02272589645
      -1.880810636,       3.682809018,     -0.1068537605,     0.02471547218
      -1.796563853,       3.773747209,     -0.1057366379,     0.02686038983
      -1.818617774,       3.747221258,     -0.1046035062,      0.0290231895
       -1.82122895,       3.731212032,     -0.1034500608,     0.03116110128
      -1.853794454,       3.700514989,     -0.1022674175,     0.03317172557
       -1.77548766,       3.789058978,     -0.1010499538,     0.03506579473
      -1.851120667,       3.716614878,    -0.09978573977,     0.03708400446
      -1.866447531,       3.694894252,     -0.0984942416,     0.03917593597
      -1.905009474,       3.658709769,    -0.09716683335,     0.04139620582
      -1.870054389,         3.6997616,    -0.09582048208,     0.04359840955
      -1.853771389,       3.715665238,    -0.09445885582,     0.04583748933
      -1.884959353,       3.682172983,    -0.09307998736,     0.04815306714
      -1.850181717,       3.713054929,    -0.09166649226,     0.05049138444
      -1.848438008,       3.714392109,    -0.09023190429,     0.05289681156
      -1.839114739,       3.725534105,     -0.0887705268,     0.05535505102
      -1.941537392,       3.633687154,    -0.08729309867,     0.05791251266
      -1.863159745,       3.699376768,    -0.08576880827,     0.06054687565
      -1.875425451,       3.688271574,    -0.08425452545,     0.06313315846
      -1.835758642,       3.724872694,    -0.08272688286,     0.06565708641
      -1.836624132,       3.726020725,    -0.08119039734,      0.0681570272
      -1.832104581,       3.733355238,    -0.07963351907,     0.07070268786
      -1.825127544,       3.738574389,    -0.07805602715,     0.07326747884
      -1.839106703,        3.72036864,    -0.07646738498,     0.07577919071
      -1.810246968,       3.747156391,    -0.07485375332,      0.0783260932
      -1.849442995,       3.717378915,    -0.07321804006,     0.08090385295
      -1.800395264,       3.768179201,    -0.07155686394,      0.0835947563
       -1.88766369,       3.676736231,    -0.06988361199,      0.0862946618
      -1.905294166,       3.660128824,    -0.06818634878,     0.08906606315
       -1.88561997,       3.684326804,    -0.06648149003,       0.091762503
      -1.836589007,        3.73505709,    -0.06477111693,     0.09435443583
       -1.85976203,       3.702517056,    -0.06305419318,     0.09688969058
      -1.857419744,       3.704370968,    -0.06132010711,      0.0994298816
      -1.815533324,       3.744791608,    -0.05956513227,      0.1020034057
      -1.840431915,       3.729722608,    -0.05781488659,       0.104499925
      -1.865663516,       3.696246187,    -0.05606066742,      0.1069782414
      -1.900508167,       3.665407199,     -0.0542954585,      0.1094635612
      -1.832188712,       3.740081073,    -0.05252011421,      0.1119622168
      -1.899643999,       3.670004872,    -0.05073296676,      0.1144375134
      -1.901126645,       3.661150718,    -0.04893747155,      0.1169242712
      -1.810360513,       3.753788366,    -0.04713749694,      0.1194089697
      -1.797052176,       3.765680587,    -0.04533052324,      0.1218790999
      -1.826794506,       3.736117342,     -0.0435219454,      0.1243005977
      -1.830220155,       3.738627174,    -0.04171541156,      0.1266518293
        -1.8405891,        3.72263515,    -0.03989939679,       0.128916724
      -1.844773218,       3.719845762,    -0.03808081722,      0.1311164321
      -1.838844681,       3.733750631,    -0.03625898494,      0.1332175419
      -1.949928708,       3.625646525,    -0.03444285092,      0.1352172847
      -1.886130311,       3.678011895,    -0.03262636235,      0.1371703131
      -1.789575521,       3.775605184,    -0.03080423514,       0.139124278
      -1.824442907,       3.739583478,    -0.02897293603,      0.1410883709
      -1.832089496,       3.732370003,    -0.02714596432,      0.1429871607
       -1.83658653,       3.730288823,    -0.02531985762,      0.1448182751
      -1.806468118,       3.755447478,    -0.02349462153,      0.1465936779
      -1.856141441,        3.71801504,    -0.02167128996,      0.1482837179
      -1.882746689,       3.684582854,    -0.01985495073,      0.1498625287
      -1.841946372,       3.724932999,    -0.01803845047,      0.1513517193
      -1.833500472,       3.733040962,     -0.0162215123,      0.1527801971
      -1.796582526,        3.76885137,     -0.0144048215,      0.1541371882
       -1.83788992,       3.726431012,    -0.01258833807,      0.1554487392
      -1.823179056,       3.742884257,    -0.01077106674,      0.1567518918
      -1.837420211,       3.730157974,   -0.008957273821,      0.1580333947
      -1.805755922,       3.761048723,   -0.007144379698,      0.1592804776
      -1.836372238,       3.726691942,   -0.005328963258,      0.1604836185
      -1.826204021,       3.737817652,   -0.003510230461,      0.1616164766
      -1.881283977,       3.689633305,   -0.001688073526,      0.1626720434
       -1.90261535,       3.678555618,   0.0001392680906,      0.1636667695
      -1.921631042,       3.656070288,    0.001966889248,       0.164616924
      -1.902538539,       3.672042242,    0.003797003793,        0.16550757
      -1.894153969,       3.675520898,    0.005625227657,      0.1663693482
      -1.873492799,       3.700892441,    0.007458810806,       0.167193123
      -1.896013976,          3.673761,    0.009294160277,      0.1679559819
      -1.825264346,       3.736885696,     0.01113475956,      0.1686330383
      -1.864580337,       3.700100675,     0.01297898616,      0.1692378079
      -1.823870798,       3.744651087,     0.01482672448,       0.169767807
      -1.827478851,       3.733846847,     0.01667397776,      0.1702420555
      -1.918307242,       3.655417843,     0.01851536281,      0.1707062915
      -1.931227546,       3.646301613,     0.02035230623,      0.1711554759
      -1.815105205,        3.75275629,     0.02219080909,      0.1715561503
      -1.831887097,       3.734336864,     0.02403485333,      0.1718629776
      -1.802046472,       3.758204143,     0.02587980315,       0.172139306
      -1.803937116,       3.757717323,     0.02773209771,      0.1723219542
      -1.809648267,        3.75288295,     0.02958302431,       0.172438466
      -1.886471705,       3.681248915,      0.0314454088,      0.1723851258
      -1.824410813,       3.734231817,     0.03332040925,      0.1721364104
      -1.836754615,       3.721121479,     0.03519696629,      0.1718100985
      -1.852675802,       3.712831744,     0.03707453664,      0.1714396588
      -1.861603764,       3.700729173,     0.03895953106,       0.171076385
      -1.864462177,       3.695986533,     0.04084447477,      0.1707208573
      -1.834019292,       3.725245864,     0.04272815664,      0.1703485768
      -1.821795267,        3.73847931,     0.04461209982,      0.1699124542
      -1.869332819,       3.690424604,     0.04649434763,      0.1694509081
      -1.919331252,          3.643162,     0.04837948884,      0.1689839002
      -1.838725727,       3.716691831,     0.05026945131,      0.1684376379
       -1.88147549,        3.68137254,      0.0521669161,      0.1678249034
      -1.919970739,       3.644196327,     0.05407319489,       0.167089264
       -1.93001441,        3.63047897,     0.05598659761,       0.166284736
      -1.949502518,        3.61425135,     0.05790459228,      0.1654150788
      -1.903403955,       3.660728391,     0.05982737919,      0.1644793316
      -1.889164687,       3.669390846,     0.06174773981,      0.1634975508
      -1.901253753,       3.654150587,     0.06366512178,      0.1624583691
      -1.987309835,       3.577520608,     0.06558907238,      0.1613270207
      -1.912346424,       3.650183949,     0.06752229716,      0.1600552002
      -1.858663376,       3.695939147,     0.06946506764,      0.1587148303
      -1.871379883,       3.680169919,     0.07140985244,      0.1573498845
       -1.87581249,       3.677099181,     0.07335360778,      0.1559341638
       -1.84678795,        3.70835442,     0.07529339705,      0.1544633854
       -1.91049328,        3.64537861,     0.07722389542,      0.1529560162
      -1.916886116,       3.636748534,     0.07916142927,      0.1513662768
      -1.929728203,       3.624625404,     0.08110226347,      0.1496374283
      -1.858714412,       3.696374243,      0.0830420757,      0.1478978034
      -1.889211126,       3.663811786,     0.08498285817,      0.1460964078
      -1.834318865,       3.715600081,      0.0869166357,      0.1442962248
      -1.849333524,        3.70162336,     0.08883850046,      0.1424796069
      -1.825854575,       3.727671719,     0.09075433478,      0.1406300034
      -1.907616948,       3.645778681,     0.09266006829,      0.1387444567
       -1.97058368,       3.581850043,     0.09455862944,      0.1368484552
      -1.893883273,       3.655446319,      0.0964475695,      0.1348988952
      -1.859969068,       3.692279797,     0.09832625003,       0.132840646
      -1.872398615,       3.676791809,        0.10018611,      0.1308461458
      -1.893936305,        3.65535079,      0.1020342815,      0.1288742127
      -1.873641929,       3.672374068,      0.1038791715,      0.1268722006
      -1.930786036,       3.625247257,      0.1057108503,      0.1248316971
      -1.968768701,       3.585370311,      0.1075099132,      0.1228190485
      -1.874140811,       3.672696951,      0.1092657097,      0.1208328632
      -1.892910297,       3.653617404,      0.1109760605,      0.1188676447
      -1.869469141,       3.682917582,      0.1126494396,      0.1168957287
      -1.907364163,       3.642771902,      0.1142970752,      0.1148943555
      -1.916826645,       3.629220362,      0.1159188289,      0.1128587181
      -1.971776842,       3.579141829,       0.117510252,      0.1107855625
      -1.921734075,       3.633667886,      0.1190689635,      0.1087576183
      -1.929999567,       3.621583384,      0.1205956263,      0.1067496061
      -1.872690504,       3.675669293,      0.1220856998,      0.1048003272
      -1.836363204,       3.710814969,      0.1235418339,      0.1028350146
      -1.887090863,       3.670359804,      0.1249638206,      0.1008234869
      -1.976226281,       3.580147415,      0.1263425938,     0.09883252994
      -1.923710433,       3.626065663,      0.1276733067,     0.09689797958
      -1.905717337,       3.641124111,      0.1289832766,     0.09489867145
       -1.87797585,       3.674474022,      0.1302171996,     0.09276050435
      -1.931325341,       3.619166916,       0.131387002,     0.09053136744
      -1.999209985,       3.552323269,      0.1325015258,     0.08833361822
      -1.935378813,       3.613633363,      0.1335701677,      0.0861321109
      -1.856985062,       3.693793508,      0.1345871513,     0.08397352546
      -1.924505117,       3.625710461,      0.1355515771,     0.08185812677
      -2.011988486,       3.540435106,      0.1364697501,     0.07971293116
      -1.975530356,       3.575553374,      0.1373365272,     0.07762490718
      -1.919809676,       3.635145703,      0.1381549538,     0.07555509843
      -1.857405195,       3.692278442,      0.1389230904,     0.07349793249
       -1.84388917,       3.704263626,      0.1396437513,     0.07147961988
      -1.912463116,       3.635511346,      0.1403150503,      0.0694533044
      -1.929625994,       3.627144004,      0.1409360981,     0.06746390629
      -1.898520283,       3.651923515,      0.1415059898,     0.06550733172
      -1.927007918,       3.622100028,      0.1420314813,     0.06353606823
      -1.970971206,       3.574838065,      0.1425125521,     0.06156140222
      -1.984071048,       3.567206016,      0.1429466743,     0.05960376705
      -1.960841072,       3.591639088,      0.1433230783,     0.05767743857
      -1.985145669,        3.56589875,      0.1436457613,     0.05578102022
      -1.898907171,       3.650275213,      0.1439254211,     0.05384812267
      -1.892108829,       3.656790698,       0.144152979,     0.05193003175
      -1.892711974,       3.654159061,      0.1443295649,     0.05006037535
      -1.862188756,       3.687143357,      0.1444585923,     0.04820923804
      -1.857383521,       3.692475483,      0.1445441565,     0.04634365406
      -1.903890449,       3.652249874,      0.1445851158,     0.04447150458
      -1.870863453,       3.678051471,      0.1445797178,     0.04261351804
      -1.879279849,       3.667328905,      0.1445363715,     0.04074095887
      -1.885967394,       3.660727743,      0.1444509713,     0.03885805587
      -1.910415891,       3.645989211,      0.1443232448,     0.03697759806
       -1.94120592,       3.608515699,      0.1441512575,     0.03508534376
      -2.023928512,       3.527096512,      0.1439403078,     0.03322586562
      -2.005275817,       3.549910763,      0.1436782931,     0.03143337688
      -1.904535117,       3.652296261,      0.1433810893,      0.0296537918
      -1.920479014,        3.63131543,      0.1430424333,     0.02796415384
      -1.914707086,       3.634393865,      0.1426710717,     0.02626755558
      -1.891125105,       3.658182377,       0.142269765,     0.02459038581
      -1.918078568,       3.633385355,      0.1418429369,     0.02300690311
      -2.048643131,       3.499320972,      0.1413827003,     0.02144385097
      -2.020251309,       3.523869453,      0.1408969617,     0.01988351434
       -2.06079781,       3.497805705,      0.1403783933,     0.01832815714
      -1.958725621,       3.596197133,       0.139837215,     0.01679437916
       -1.90227108,       3.642219158,      0.1392635923,      0.0152505695
      -1.903181664,       3.639249917,      0.1386637898,     0.01376051616
      -1.881876725,       3.664004734,      0.1380461798,     0.01227364187
      -1.915339004,       3.632234728,      0.1374074521,     0.01082588845
      -1.912522164,        3.63682758,      0.1367476367,    0.009398178748
      -2.000663628,       3.559989345,      0.1360699535,    0.007951746794
       -2.11132154,       3.441514586,      0.1353726562,    0.006499725004
      -2.039992244,       3.509325463,      0.1346524779,     0.00511802962
      -1.967592755,       3.587902597,      0.1339113394,    0.003805821342
      -1.897888674,       3.648044706,      0.1331537966,    0.002492666555
      -1.880413805,       3.666094089,      0.1323805324,    0.001162077608
      -1.887386194,       3.657457871,       0.131590335,  -0.0001511032546
      -1.889001537,       3.662229298,      0.1307838872,    -0.00142613672
      -1.870749324,       3.678138963,      0.1299663215,   -0.002692167703
      -1.952765954,       3.591654521,      0.1291355434,   -0.003919783856
      -1.949213795,       3.588914421,      0.1282919307,   -0.005125189004
       -1.91226152,       3.626753873,      0.1274368142,    -0.00632698316
      -1.912034684,       3.629731778,      0.1265685502,   -0.007504030133
      -1.912356449,       3.636497654,      0.1256894652,   -0.008667033506
      -1.941052223,        3.60608901,      0.1247972538,   -0.009780065779
      -1.967357227,       3.575458481,      0.1238921067,    -0.01085622407
      -2.050678854,       3.488047036,      0.1229730616,    -0.01190790283
      -2.053059502,       3.487772568,      0.1220432411,    -0.01293996421
      -2.016851975,        3.52532507,      0.1211037293,    -0.01398567872
      -2.028497598,       3.518798816,      0.1201567359,    -0.01504245172
      -1.914839149,       3.629764585,      0.1192007081,    -0.01609863437
      -1.899080157,       3.644127753,      0.1182301905,    -0.01710299416
      -1.908168947,       3.630399958,      0.1172431855,     -0.0180464114
      -1.948711154,       3.593495419,      0.1162413069,    -0.01893601243
       -1.88829087,       3.652187487,      0.1152292204,    -0.01981158185
       -2.02717518,       3.516740051,      0.1142086157,    -0.02069265959
      -1.961421542,       3.581080376,      0.1131736054,    -0.02154851841
      -1.916202526,       3.628029097,      0.1121204521,    -0.02238004891
      -1.852951563,       3.690776334,       0.111050637,    -0.02316686602
      -1.911534573,       3.629295631,      0.1099694137,    -0.02393921263
      -1.932162395,       3.609619136,      0.1088750776,    -0.02467869647
      -1.904142751,       3.634362566,      0.1077711852,    -0.02539813135
      -2.025344293,       3.514309179,      0.1066568179,    -0.02608217985
      -1.985117755,       3.556122985,      0.1055316648,    -0.02672107609
      -1.898472698,       3.641531693,      0.1043945994,    -0.02731589279
      -1.956510102,       3.582125541,      0.1032458431,    -0.02787027585
      -1.899970876,       3.639437464,      0.1020861109,     -0.0283985771
      -1.886942114,       3.655415104,      0.1009144888,    -0.02892078642
      -1.826561486,       3.714822555,     0.09973138712,    -0.02942655057
      -1.947769716,        3.59451616,     0.09853560809,    -0.02992408453
      -1.936119197,       3.602744317,     0.09732926795,    -0.03040277338
      -1.916630733,       3.619789985,     0.09611178628,    -0.03086699218
      -2.066247133,       3.472447251,     0.09488109352,    -0.03125262127
      -2.027857856,       3.508509889,     0.09363781994,    -0.03163559726
      -2.040856507,       3.494599316,     0.09238120052,    -0.03199399172
      -2.187041941,       3.347002726,     0.09111910536,    -0.03237363586
      -2.302118958,       3.227408576,     0.08984280161,    -0.03265891525
      -2.242834949,       3.289894913,      0.0885608792,    -0.03291505416
      -2.050225434,       3.491905684,     0.08727326928,    -0.03308641728
      -1.850738623,       3.691702888,     0.08598501359,    -0.03323140782
       -1.91865407,       3.623410978,     0.08468576092,    -0.03333880186
      -1.925313039,       3.613170964,      0.0833707044,    -0.03340875987
      -1.939162279,       3.600912607,     0.08203702486,    -0.03346171612
      -1.859025693,       3.677309788,     0.08069362591,    -0.03346056406
       -2.02832188,       3.508223906,     0.07933887247,    -0.03344718303
      -1.960897879,       3.576854361,     0.07797645895,    -0.03342809452
      -1.889978319,       3.645956682,      0.0766006765,    -0.03343382333
      -1.979559977,       3.557371824,     0.07520936497,    -0.03340754916
      -1.998304886,        3.54064482,     0.07380626433,    -0.03334631265
      -1.994865374,       3.543246236,     0.07239808617,    -0.03325512817
      -1.976981113,       3.562123184,     0.07097888449,    -0.03320482195
      -1.915116818,       3.624901834,     0.06954964716,    -0.03318217961
      -1.927904623,       3.610524124,     0.06810881614,    -0.03319046797
      -1.894927845,       3.642931738,     0.06665502324,    -0.03319448908
       -1.97135996,       3.569033304,     0.06518737019,    -0.03315747397
      -1.866214271,       3.670921982,     0.06371577384,    -0.03308970557
      -1.958991553,       3.579854015,       0.062239258,    -0.03299361627
      -1.939409821,       3.599772704,       0.060749079,     -0.0328131791
      -1.910754373,       3.625769873,     0.05924505011,     -0.0325852458
        -1.9340065,       3.607847293,      0.0577336764,    -0.03239440683
      -1.891103401,       3.653299641,     0.05621607137,    -0.03222896648
        -1.8375895,       3.706102129,     0.05469565579,    -0.03204283112
      -1.931549206,       3.607619116,     0.05317115897,    -0.03181095893
      -1.930507609,       3.607681463,      0.0516407869,    -0.03155585527
      -1.968554178,        3.57190732,     0.05010260926,    -0.03131755757
      -1.886870374,       3.651282821,     0.04855676267,    -0.03107995174
         -1.982289,       3.555611011,      0.0469994653,    -0.03083383475
       -1.99043231,       3.550670504,     0.04542569188,    -0.03058775908
      -2.001046489,       3.538499876,     0.04383655126,    -0.03031221067
      -2.021551804,       3.517194045,     0.04223495493,     -0.0299933682
      -1.887791172,       3.654867777,     0.04062797086,     -0.0296870845
      -1.897137659,       3.643895964,     0.03901363212,    -0.02933134592
      -1.912308412,       3.625632053,     0.03739297646,    -0.02890434156
      -1.950424715,         3.5898992,     0.03576866466,    -0.02842686696
      -1.858013313,       3.679947344,     0.03414434773,     -0.0279778131
      -1.941963345,       3.598980726,     0.03253525167,    -0.02762431451
      -1.946280238,        3.59533176,     0.03091849706,    -0.02719514915
      -1.866890633,       3.670839742,     0.02929204614,    -0.02668149939
        -1.9567342,       3.584903225,     0.02766232059,    -0.02615864988
       -1.97778976,       3.563960001,     0.02602992585,    -0.02561792065
      -1.953519786,       3.587433124,      0.0243948855,    -0.02506313417
      -1.889160613,       3.654064047,      0.0227579014,    -0.02450552477
      -1.863452854,       3.681622348,     0.02111876012,    -0.02395430382
      -1.830263109,       3.713805814,     0.01948191006,    -0.02341863387
      -1.946681016,       3.595549905,      0.0178445568,    -0.02286883044
      -1.895712136,       3.644299607,     0.01620671878,    -0.02229515012
      -1.935722218,       3.606193068,     0.01457195125,    -0.02172170438
      -1.911317613,       3.629379369,     0.01294070123,    -0.02115228353
      -1.920260947,       3.621116518,     0.01130872332,    -0.02058150169
        -1.9216575,       3.619323668,     0.00967851021,    -0.02002058635
      -1.937199069,       3.603514239,    0.008046847085,    -0.01943059918
      -1.933134513,       3.608551305,    0.006414444339,    -0.01883558025
      -1.870845912,       3.668658271,    0.004782372694,    -0.01824816628
      -1.938048723,       3.606250699,    0.003152731405,    -0.01763036246
      -1.948401728,       3.594805775,    0.001520902133,    -0.01700657957
      -1.913389148,       3.629925759,  -0.0001085294108,    -0.01633018712
      -1.898037624,        3.64371903,   -0.001737013066,    -0.01565447584
      -1.933139919,       3.608455105,   -0.003360053069,    -0.01496126108
      -1.874663395,       3.668191064,   -0.004976139704,    -0.01426718126
      -1.947196745,       3.596858292,   -0.006585815127,    -0.01355606681
      -2.036435605,       3.506705885,   -0.008189643348,    -0.01281600749
      -2.036222205,       3.508838767,   -0.009782513782,    -0.01208669195
      -1.939694088,       3.603002199,    -0.01136522274,    -0.01130029043
      -1.895089176,       3.647626854,    -0.01293225394,    -0.01050556483
      -1.927893662,       3.614191482,     -0.0144862001,   -0.009672604307
      -1.907104407,       3.635971409,    -0.01602411195,    -0.00884928402
      -1.877797569,       3.666090243,    -0.01754660273,   -0.008024439115
      -1.894423164,       3.651167035,    -0.01905666933,   -0.007203786873
      -1.876696537,       3.669985139,    -0.02055557566,   -0.006380228785
      -1.908926943,        3.63557235,    -0.02204567241,    -0.00553910936
      -1.846781405,       3.692970093,    -0.02352332562,   -0.004658076262
      -1.879857987,       3.663722388,    -0.02498836285,    -0.00377987274
      -1.887099182,       3.654914018,    -0.02643836335,    -0.00289302011
      -1.934660636,       3.608211937,      -0.027873782,    -0.00202911551
      -1.982296123,       3.563181596,    -0.02929175849,   -0.001209826166
      -1.967094408,       3.575872521,    -0.03069419772,  -0.0004300813283
      -1.956523992,        3.58758223,    -0.03209136498,    0.000336598119
      -1.975101945,       3.569824451,    -0.03347463839,    0.001110315017
       -2.00823131,       3.535569057,    -0.03484701732,    0.001893494715
      -1.954923136,       3.590302299,    -0.03620152563,    0.002665468053
       -1.85443767,        3.68815204,    -0.03753903596,    0.003412899704
      -1.848456342,       3.693301726,    -0.03886039804,    0.004165802464
      -1.854173279,       3.688399767,    -0.04016894876,    0.004901872313
       -1.91291577,       3.630994473,    -0.04146545424,    0.005626701031
      -1.905817337,       3.636578418,    -0.04274765809,    0.006311296195
      -2.008312779,       3.536605616,    -0.04401332235,    0.006996282074
      -2.005596047,       3.541039918,    -0.04526686794,    0.007669372816
      -1.982836432,       3.562627348,    -0.04650381001,    0.008337295836
      -1.901178664,       3.643717547,    -0.04772900463,    0.008994825438
      -1.841876953,       3.704865347,    -0.04893782249,    0.009605445646
      -1.843977016,       3.703557306,    -0.05013412851,      0.0102154461
      -1.876557687,       3.668658997,    -0.05131198494,     0.01080691494
      -1.910768316,       3.633771428,    -0.05247814135,     0.01137394035
      -1.870976549,       3.669724535,    -0.05363030022,     0.01192165528
      -1.933833609,       3.611632456,    -0.05477353109,     0.01243639925
      -1.953905239,       3.592034722,    -0.05590724314,     0.01293394734
      -1.966227664,       3.577072431,    -0.05701858839,     0.01338081042
        -1.9359441,       3.610415493,    -0.05810917472,     0.01379661589
      -1.945713902,       3.604654094,    -0.05917743152,     0.01419141375
      -1.936374949,       3.610484335,    -0.06022188007,     0.01455949505
      -1.931836242,       3.611954456,    -0.06124422962,     0.01488848194
      -1.906550539,        3.63535155,    -0.06225187649,     0.01511965994
       -1.91948293,       3.625327911,    -0.06323790596,     0.01532716828
      -1.898061184,       3.645832657,    -0.06420335118,     0.01549071435
      -1.965033766,       3.579612439,    -0.06515224673,     0.01560320178
      -1.962891707,       3.581548437,    -0.06607692717,     0.01568646753
      -1.902283514,        3.64239143,    -0.06697839712,     0.01572612889
       -1.90159998,       3.645280677,    -0.06785330783,     0.01571828489
      -1.833352106,       3.711859124,    -0.06870681932,     0.01565708367
      -1.870074967,       3.675126397,    -0.06953019588,     0.01559298886
      -1.848460192,       3.694695779,    -0.07032550409,     0.01552313066
      -1.914360139,       3.632115563,     -0.0710952916,     0.01541805965
      -1.927755208,       3.614962862,    -0.07184341192,      0.0152426184
      -1.896448423,       3.644250225,    -0.07256522257,     0.01503463662
      -1.981847252,       3.564920401,    -0.07325901156,     0.01481047127
      -1.955463558,       3.592507785,    -0.07392334808,     0.01456094421
      -1.902649676,       3.641843122,    -0.07455440855,     0.01431197991
      -1.896881502,       3.645531421,    -0.07515456018,     0.01404856097
      -1.881955525,       3.662556876,    -0.07572589085,     0.01376653198
       -1.93321171,       3.615089269,    -0.07626160917,      0.0134981431
      -1.881432422,       3.660114607,    -0.07676201069,      0.0132257383
      -1.961361116,       3.582812407,    -0.07722919041,     0.01291676373
      -1.901878617,       3.643816273,     -0.0776671764,     0.01254386683
