    "rms[Rho]"    ,    "rms[RhoE]"   ,       "CD"       ,       "CL"       
      -2.498855801,       2.983989822,     0.08700155684,     0.02029406825
     -0.4710371257,       5.032207184,      0.1304781798,     0.03744906584
     -0.5290166461,       4.959411206,      0.1658118276,     0.05079268998
     -0.5469064136,        4.92236841,      0.1931623527,     0.06044117943
     -0.5564375968,       4.899361112,      0.2131133832,     0.06850966308
     -0.5731929072,       4.873888519,      0.2271008481,     0.07366179003
     -0.6238848644,       4.816875072,      0.2360393394,     0.07657181364
     -0.6706200028,          4.765693,      0.2416413645,     0.07755695963
     -0.7089810728,       4.726311433,      0.2445069426,     0.07832282578
      -0.738760829,       4.697813384,      0.2451089169,     0.07832292482
     -0.7586183166,       4.681444827,       0.244188068,     0.07645648876
     -0.7713259708,       4.672595095,      0.2422345832,     0.07431466574
     -0.7779178446,       4.671100958,      0.2394837392,     0.07129795466
     -0.7793155573,       4.672737391,      0.2361497594,      0.0686530215
     -0.7815229481,       4.672533561,      0.2323724214,     0.06644045026
     -0.7871857643,       4.666925118,      0.2284026438,     0.06395004599
     -0.7954520884,       4.658397736,      0.2242948747,     0.06165554663
     -0.8042450872,       4.648310494,      0.2200385984,     0.06052184219
     -0.8138974062,       4.637877303,      0.2158933159,     0.05886028346
     -0.8229402687,       4.627805523,      0.2119591275,     0.05692267612
     -0.8318496225,       4.618454441,      0.2082136511,     0.05513310969
     -0.8387751711,       4.611046799,      0.2046796476,     0.05373908957
     -0.8469248826,       4.603053454,      0.2013954313,     0.05228866742
     -0.8528353415,       4.596970543,      0.1983313969,     0.05074622069
     -0.8579585468,        4.59140809,      0.1954474955,      0.0490418473
      -0.862516009,       4.586602929,      0.1926282806,     0.04797621591
     -0.8687494464,       4.580200756,      0.1899876051,     0.04672414441
     -0.8726013586,       4.575686738,       0.187461643,     0.04568625733
     -0.8791552133,       4.568387619,      0.1849954786,     0.04500431461
     -0.8851763529,       4.561664602,      0.1825525299,     0.04460699261
     -0.8901993538,       4.556168538,      0.1801967413,     0.04425159391
      -0.896492506,       4.549716087,      0.1780074089,     0.04317798422
     -0.9029942928,       4.542626027,      0.1758461808,     0.04204535463
     -0.9094877863,       4.535619942,      0.1737127457,     0.04163901991
     -0.9145661639,       4.530504518,      0.1715935292,     0.04095072941
     -0.9194266264,        4.52582956,      0.1695506597,     0.04027658637
     -0.9261848808,       4.518344653,      0.1675662348,     0.03985901915
      -0.932040611,       4.511942072,      0.1656214587,     0.03928970183
     -0.9368494053,       4.506442581,      0.1636941976,     0.03901830859
     -0.9413680823,       4.501409941,      0.1618985251,     0.03850855389
     -0.9459254057,       4.496247828,      0.1601812857,     0.03793952617
     -0.9496418757,       4.492127382,      0.1584852768,     0.03754424958
      -0.953302466,        4.48791334,      0.1567751054,     0.03736778721
     -0.9573616536,       4.483295673,      0.1551440094,     0.03717021007
     -0.9610356205,       4.479151609,      0.1535461802,      0.0371326716
     -0.9646619213,       4.475068164,      0.1520056571,     0.03706888433
     -0.9686784058,       4.470365497,      0.1504638151,     0.03709911481
     -0.9724201985,       4.466337753,      0.1489429702,     0.03686359762
       -0.97648335,        4.46172735,      0.1474503723,     0.03694854174
     -0.9803673489,       4.457805299,      0.1460267605,      0.0368405682
     -0.9835513809,       4.454407487,      0.1446204696,     0.03652192604
     -0.9881561327,       4.449064518,      0.1432922299,      0.0363144644
     -0.9928641321,       4.443415712,      0.1420089132,     0.03564365573
     -0.9962346538,       4.440050012,      0.1407409134,     0.03516461762
      -1.000256579,       4.435706923,      0.1394674843,     0.03490324427
      -1.002407374,       4.434326842,      0.1382311819,     0.03474701506
       -1.00780732,       4.427562896,      0.1370918384,      0.0345079156
      -1.011475616,       4.423627904,        0.13596998,     0.03431054368
      -1.014494025,       4.420591615,       0.134851622,     0.03377127569
      -1.017228507,       4.417997001,      0.1337709649,     0.03326455363
       -1.02212901,       4.412151498,      0.1327515826,     0.03269232968
      -1.026194921,       4.407639118,      0.1317606914,     0.03209740064
       -1.02937638,       4.404299202,      0.1307893244,     0.03117536835
      -1.032334019,       4.401594958,      0.1297941828,     0.03068740739
      -1.035086142,       4.398856666,      0.1288479282,     0.03008032172
      -1.037878343,        4.39619154,       0.127905437,     0.02941256474
      -1.042089028,       4.391214646,      0.1269967351,     0.02868725509
      -1.045862624,       4.387115701,      0.1260823325,     0.02813377779
      -1.049169631,       4.383599032,      0.1251760433,     0.02739293988
       -1.05342339,       4.378538374,      0.1242652772,     0.02702118798
      -1.056870938,       4.374947679,      0.1233747453,     0.02657647223
      -1.061755757,       4.369352315,      0.1225128925,      0.0257593387
      -1.064199516,       4.367470899,      0.1216437958,     0.02522002547
      -1.066093211,        4.36587549,      0.1207647655,     0.02494100244
      -1.071247278,       4.359441348,      0.1199185627,     0.02448029226
      -1.075046105,       4.354806103,      0.1190716505,     0.02400654905
      -1.076508612,       4.354438361,      0.1182614532,     0.02341512935
      -1.079518095,       4.351390752,      0.1174157728,     0.02292417132
      -1.080079006,       4.352269793,      0.1166011429,     0.02244464438
      -1.086198177,       4.343951377,      0.1158014451,     0.02210368225
      -1.089734826,       4.340139134,      0.1150337532,     0.02175606087
      -1.092483109,       4.337569333,      0.1142851565,     0.02134184791
       -1.09748483,       4.331338378,      0.1135187406,     0.02117946419
      -1.101447656,        4.32686451,      0.1127628261,     0.02121817371
      -1.105004252,       4.322981298,      0.1120017161,     0.02142581094
      -1.105734538,        4.32361431,      0.1112845398,     0.02110001554
      -1.108165625,       4.321302698,      0.1105832825,     0.02070952141
      -1.112367774,       4.316377786,      0.1098970898,     0.02056453481
      -1.114787031,       4.314510797,      0.1092431399,     0.01995695851
      -1.117844846,        4.31151607,      0.1086245826,     0.01940682417
      -1.120232798,       4.309524593,      0.1079124496,     0.01955841078
      -1.125953795,        4.30214267,      0.1072086219,     0.01933304238
      -1.129397557,       4.298256813,      0.1064860306,     0.01909088497
      -1.130422934,       4.298218411,      0.1057764262,     0.01870443258
      -1.132986585,       4.295501959,       0.105086395,     0.01859909979
      -1.135620361,       4.292547404,      0.1044387058,     0.01833142935
      -1.136860595,       4.292114044,      0.1038477484,     0.01796495906
      -1.138699719,       4.290395213,      0.1031952795,     0.01783915285
      -1.139305644,        4.29080803,      0.1025136934,     0.01787923589
      -1.143815329,        4.28501782,      0.1018222732,      0.0180359617
       -1.14656501,       4.282167387,      0.1011094714,     0.01838212234
       -1.14888349,       4.280101658,       0.100414365,     0.01862589703
      -1.152694858,       4.275824473,     0.09971062705,     0.01910854424
      -1.153436126,       4.276598628,     0.09901350299,     0.01959538063
      -1.153848234,       4.277503959,     0.09825650027,     0.02056431427
      -1.157748882,       4.273131675,     0.09752613209,     0.02123205179
      -1.161309401,       4.269157191,     0.09678457737,     0.02176230502
      -1.162522709,       4.268376427,     0.09603197394,     0.02214957872
      -1.165772224,       4.265042161,     0.09530448736,     0.02236102786
      -1.168601829,       4.261621471,     0.09460778819,     0.02244665899
      -1.170063275,       4.260931599,     0.09393516634,     0.02244065166
      -1.171983247,       4.259202955,     0.09324693072,      0.0226535821
      -1.174950684,       4.255494095,     0.09255981803,     0.02293847562
      -1.178239894,       4.251340635,     0.09184402046,      0.0233717032
      -1.177032858,       4.254431088,     0.09114746267,     0.02353500632
      -1.178661455,       4.253269912,     0.09045041882,      0.0236191743
      -1.179603609,       4.253004009,     0.08970781253,     0.02382634152
      -1.184061789,       4.246906803,      0.0889857857,     0.02439068991
      -1.183234414,       4.249421447,     0.08830364085,     0.02462292498
      -1.184032862,       4.249216068,     0.08760259268,     0.02484617721
       -1.18594635,       4.247255924,     0.08687026448,     0.02518049688
      -1.188256806,       4.245159456,     0.08614908107,     0.02546625841
      -1.190137511,       4.243516415,     0.08547297392,     0.02555556575
      -1.191891329,       4.242319809,     0.08479102943,     0.02583990659
      -1.195870246,       4.237400526,     0.08412040094,     0.02589777067
      -1.196920579,       4.237399406,     0.08337679958,     0.02616459593
      -1.198780078,       4.235849681,     0.08264364277,     0.02636749158
      -1.203428828,         4.2302672,     0.08190284485,     0.02661569711
      -1.208281657,       4.224457481,     0.08117618216,     0.02680124339
      -1.208073129,       4.226240877,     0.08047118487,     0.02688429427
      -1.209043529,       4.226190783,     0.07970812989,     0.02728265888
      -1.212851022,       4.221460193,     0.07893962395,     0.02771815368
      -1.217582209,       4.215234265,     0.07815126388,     0.02828016718
      -1.218111782,       4.215454846,     0.07742964438,     0.02859112176
      -1.219484376,       4.215288643,     0.07671515514,     0.02900529149
      -1.221301962,       4.214089415,     0.07601446889,      0.0294031442
      -1.222456492,       4.213350161,     0.07530778458,     0.02989761529
      -1.225407066,       4.210403413,      0.0746466812,     0.03016464519
      -1.228011015,       4.207743449,      0.0739615516,      0.0307659512
      -1.229189774,        4.20702636,     0.07326745517,     0.03149779783
      -1.231776197,       4.204123465,      0.0725539568,     0.03232920837
      -1.233013868,       4.203993173,     0.07186535772,     0.03286906716
      -1.235410363,       4.201464492,     0.07116881608,     0.03326865955
      -1.236923825,       4.200243655,     0.07049439728,     0.03355629053
      -1.242412652,       4.194030739,     0.06978815385,     0.03421343253
       -1.23798091,       4.202719875,      0.0690914317,     0.03495900749
      -1.244421087,       4.194453208,     0.06843767554,     0.03542513204
      -1.248583687,       4.188963694,     0.06780772831,     0.03571731473
      -1.253014284,        4.18436543,     0.06714817528,     0.03621524859
      -1.254521459,       4.182969419,     0.06648618116,     0.03669926376
      -1.256223182,       4.181610953,     0.06582871607,     0.03700519522
      -1.261459689,        4.17503509,     0.06520798466,      0.0373126402
      -1.260572532,       4.177708664,     0.06457005314,      0.0377237302
      -1.261738183,       4.176985453,     0.06395238433,       0.037888843
      -1.264417825,       4.174003994,     0.06335351543,     0.03823742756
      -1.266643963,       4.172016887,     0.06278474979,     0.03845655386
      -1.268272106,       4.170569579,     0.06225417339,     0.03885101216
      -1.269351419,       4.170140334,     0.06175869186,     0.03927242871
      -1.274577415,       4.163534037,     0.06128979094,     0.03965960782
      -1.274557507,       4.165154201,     0.06083977411,      0.0401039299
      -1.277475224,       4.161980814,     0.06039351535,      0.0408175223
      -1.281380619,       4.157647024,     0.05991826275,     0.04168417442
      -1.285551058,        4.15258712,     0.05946090035,     0.04230898892
      -1.284365603,       4.155956562,     0.05900403024,     0.04309479455
      -1.285797392,       4.155121257,     0.05855068756,     0.04413126299
      -1.288633206,       4.152236356,     0.05811794674,      0.0448860233
      -1.288813667,       4.153942313,     0.05768181487,     0.04549454974
      -1.292793266,       4.148860795,     0.05726790733,     0.04573767349
      -1.294393986,       4.147989166,     0.05688442575,     0.04616355309
      -1.298375985,       4.143232013,     0.05651159363,     0.04631725484
      -1.301127535,       4.139551753,     0.05613827958,     0.04629909045
      -1.302513994,       4.139380508,      0.0557930232,     0.04645411046
       -1.30308963,       4.139629577,     0.05547674284,     0.04684303099
      -1.306025597,       4.136272897,     0.05519620051,     0.04729604633
      -1.310561133,       4.130635554,     0.05492824204,     0.04758827575
      -1.313197761,       4.127737152,     0.05467699385,     0.04794892383
      -1.315519927,       4.125501301,     0.05441494518,     0.04841436297
      -1.318071409,       4.122667676,     0.05416610444,     0.04887444208
      -1.316576004,       4.126379964,     0.05392464921,     0.04932529473
      -1.317311888,       4.126559006,     0.05369339661,      0.0498674862
      -1.319934872,       4.123796649,     0.05345351905,     0.05032553472
      -1.326485379,       4.115284332,      0.0532261341,     0.05095013369
      -1.325678071,       4.118338312,      0.0529975848,     0.05118696111
      -1.327280804,       4.117235095,     0.05274560866,     0.05157261924
      -1.329144942,       4.115660412,     0.05250996088,     0.05198591874
      -1.328886215,       4.117667236,     0.05227138001,     0.05241958385
      -1.336219225,        4.10682832,     0.05204430804,     0.05279733909
      -1.338716443,        4.10427127,     0.05181020409,     0.05318912316
      -1.339872208,       4.103847827,     0.05158817094,     0.05351694945
      -1.341952462,       4.101649729,     0.05134911368,     0.05392763918
      -1.347047249,       4.095517762,     0.05111408099,     0.05416341002
      -1.348835177,       4.094127668,     0.05085550648,     0.05443575122
      -1.351258373,       4.091585957,     0.05057530851,     0.05472586244
      -1.353200924,       4.089810107,     0.05027408864,     0.05499162743
      -1.354707967,       4.088759449,      0.0499725088,     0.05505523554
      -1.357278873,       4.085939912,     0.04962861047,     0.05519696644
      -1.360314767,       4.082496717,      0.0492703431,     0.05540779988
      -1.361354684,       4.082378185,     0.04889362402,     0.05584631246
      -1.359816044,       4.086251437,      0.0484915785,     0.05604730569
      -1.360355566,       4.086654707,     0.04805394336,     0.05652270241
      -1.366341783,       4.079099146,     0.04763133742,     0.05702873495
      -1.370296784,       4.074235375,     0.04716932882,     0.05750975892
       -1.37379877,       4.070027772,     0.04666156773,     0.05796780217
      -1.374055404,       4.071014315,     0.04613756487,     0.05841316024
      -1.376732996,       4.067788992,     0.04556467124,     0.05888725477
       -1.37900986,       4.065481734,     0.04495211044,     0.05932740341
      -1.371265241,       4.078744882,     0.04429855746,     0.05972725088
      -1.377807055,       4.069471286,     0.04356251451,     0.06001611313
      -1.381004446,        4.06515624,     0.04275604395,     0.06034818537
      -1.386229276,       4.058252402,     0.04188794644,     0.06084985178
      -1.383874688,       4.062745054,     0.04092463321,     0.06126753796
      -1.386220549,       4.060051512,     0.03989376352,     0.06166826894
      -1.387741707,       4.058778884,     0.03877901876,     0.06211286341
      -1.389887141,       4.056222561,     0.03751392859,     0.06232908017
      -1.391642972,       4.054589545,     0.03616878645,     0.06250607638
      -1.395308144,       4.049796597,     0.03476106638,     0.06271376949
      -1.397443651,       4.048355536,     0.03327206902,      0.0632411135
      -1.401964498,       4.041986545,     0.03168016426,     0.06380617863
      -1.405612586,       4.036792834,      0.0299700988,     0.06443561923
      -1.411157908,       4.029669271,     0.02814722665,      0.0650037866
      -1.409057074,        4.03418269,     0.02622278561,     0.06553683993
      -1.407951162,       4.037539618,     0.02416511574,     0.06616747175
      -1.413547006,       4.029919507,     0.02194688626,     0.06649153171
      -1.418760977,       4.022956938,     0.01957293596,     0.06677301558
      -1.417185924,       4.026225661,     0.01709380186,     0.06692398026
      -1.419147207,       4.023985444,      0.0144874414,     0.06707937918
      -1.422059072,       4.020553678,      0.0117256952,     0.06724996053
      -1.426439757,       4.014675424,    0.008793668707,     0.06753943948
      -1.427004454,       4.014662636,    0.005702794983,     0.06779697655
       -1.43169698,       4.008365893,    0.002464805775,     0.06811779126
      -1.431182376,        4.00999756,  -0.0009141151416,     0.06839198913
      -1.436887037,       4.001971893,   -0.004471585284,     0.06879807215
      -1.441357947,       3.995513346,   -0.008158666665,     0.06893460387
      -1.434271483,       4.008448635,    -0.01200369311,     0.06920062204
      -1.437991036,       4.002712228,    -0.01599907378,     0.06947529829
       -1.43266202,       4.009797758,    -0.02008141269,     0.06982874881
      -1.446443707,       3.990572378,    -0.02430246052,     0.07016454377
      -1.451310253,       3.983708613,    -0.02866043795,     0.07048337114
      -1.454276674,       3.979895882,    -0.03313159872,     0.07089947569
      -1.449098166,       3.986587397,    -0.03770660361,     0.07135051364
      -1.457032143,       3.976717859,    -0.04238006739,     0.07181650581
      -1.461045035,       3.971598319,    -0.04715811219,     0.07223560724
      -1.460825573,       3.972168944,    -0.05202750557,     0.07282706385
      -1.466211042,       3.965222048,    -0.05698821608,     0.07328250957
      -1.466483589,       3.965940105,    -0.06202785432,     0.07377110921
      -1.469587358,       3.961382032,    -0.06709073541,     0.07430306824
       -1.47279703,        3.95679954,    -0.07219307061,      0.0750627147
      -1.475816492,       3.952439412,    -0.07730138774,     0.07605955373
      -1.477978496,       3.949528957,    -0.08242845719,     0.07714558199
      -1.480354149,         3.9464355,    -0.08752563474,     0.07820643778
      -1.482214475,       3.944344914,     -0.0926258489,     0.07942880778
      -1.484920535,       3.940482897,    -0.09767765973,     0.08040826085
      -1.487374475,       3.937171617,     -0.1027188845,     0.08151526957
      -1.489260335,       3.935372152,     -0.1076821585,     0.08251409521
      -1.492346807,       3.931057104,     -0.1126074559,     0.08365461899
      -1.495117728,       3.927375676,     -0.1174596804,     0.08460566227
      -1.497139705,       3.925068335,     -0.1222390963,     0.08564820265
      -1.499703005,       3.921377949,     -0.1269442961,     0.08665507401
      -1.501114913,        3.91939285,     -0.1315652535,     0.08778771579
      -1.500907668,       3.919588943,      -0.136085563,     0.08906157264
      -1.504653312,       3.914554229,     -0.1404615934,     0.09023830694
      -1.505197056,       3.913755033,      -0.144706311,       0.091364169
      -1.507960333,       3.910186099,     -0.1487840736,     0.09247106663
      -1.510635883,       3.906915199,     -0.1526975371,     0.09356763117
      -1.513667999,       3.902776739,     -0.1564273858,     0.09469445776
      -1.516398455,       3.899137297,     -0.1599595608,     0.09587588755
      -1.518574759,       3.896517108,     -0.1632781544,     0.09709347637
       -1.52063247,       3.893960992,     -0.1663987224,     0.09847783207
      -1.523133713,       3.890223035,     -0.1692962107,     0.09996649728
      -1.525322263,       3.887342037,     -0.1719679815,      0.1016337096
       -1.52748279,         3.8842932,     -0.1743954915,      0.1032959194
      -1.529685373,        3.88120333,     -0.1765832344,      0.1050993854
          -1.53064,       3.880144243,     -0.1785213892,      0.1069916357
      -1.533847967,        3.87554307,     -0.1801966811,      0.1087936079
      -1.533521665,       3.875611707,     -0.1816015725,      0.1105778103
      -1.538161529,       3.869327782,     -0.1827659477,      0.1124284054
      -1.537548922,       3.869722912,     -0.1836347779,      0.1141686873
       -1.54272048,       3.862860305,     -0.1842371018,      0.1159762111
      -1.541198273,       3.864184623,     -0.1845610761,      0.1177170789
      -1.545905343,       3.857732728,     -0.1846040118,       0.119456375
      -1.550245574,       3.851763241,     -0.1843969021,      0.1214137466
      -1.549131341,       3.855949722,     -0.1839209407,      0.1233209237
      -1.554824256,        3.84713723,     -0.1831733671,      0.1252764671
      -1.550695651,       3.856555681,      -0.182160104,      0.1271808168
      -1.545198784,       3.866866359,     -0.1808952356,      0.1291585876
      -1.543541897,       3.873001935,     -0.1793891557,         0.1311126
       -1.55475161,        3.85453777,      -0.177620744,      0.1330414674
      -1.543984728,       3.875776393,     -0.1756174018,      0.1348460296
      -1.537881079,       3.887092948,     -0.1733675503,        0.13668023
      -1.547659958,       3.872739158,     -0.1708940744,      0.1383711475
      -1.550108638,       3.863831365,     -0.1681927626,      0.1399716162
      -1.550585183,       3.867289334,     -0.1652611368,      0.1414024611
      -1.550980149,       3.863100933,     -0.1621127334,      0.1426370578
      -1.557244631,       3.852011322,     -0.1587524238,      0.1437248889
        -1.5578208,       3.855069973,     -0.1551993861,      0.1448211776
      -1.558806925,       3.856973876,     -0.1514437973,      0.1457080933
      -1.563426613,       3.850548322,     -0.1475054987,      0.1464374446
      -1.573334215,       3.834952425,     -0.1433886943,      0.1468395671
      -1.580302924,       3.823976038,     -0.1391069597,      0.1470601848
      -1.591366074,       3.804122637,     -0.1346635239,      0.1471012005
      -1.594078394,       3.801152985,     -0.1300599469,      0.1471022901
      -1.586891024,       3.818148372,     -0.1253112706,      0.1469157161
      -1.592354729,       3.809487092,     -0.1204077789,      0.1465252742
      -1.598868314,       3.797774598,     -0.1153564262,       0.145950422
      -1.601615804,       3.794400569,      -0.110164772,      0.1452696281
       -1.59208264,        3.81463703,     -0.1048349816,      0.1444860546
      -1.604841286,       3.790771651,    -0.09937588359,      0.1435151689
      -1.598016321,        3.80629469,    -0.09378634934,      0.1423957022
      -1.603488877,       3.796145043,    -0.08807912296,      0.1410130119
      -1.592983076,       3.817714293,     -0.0822406087,      0.1395307188
      -1.610897409,       3.783874514,    -0.07628848446,      0.1379166772
      -1.601100506,       3.803104065,    -0.07022700117,      0.1362713976
      -1.603356872,       3.801684807,    -0.06404659074,      0.1346402057
      -1.613897515,       3.779530303,    -0.05776331525,      0.1329410402
      -1.611931846,       3.777709057,    -0.05139210897,       0.130989945
      -1.607229834,       3.794181303,    -0.04493460802,        0.12884832
      -1.620753737,       3.775974596,    -0.03836791123,      0.1266272113
      -1.644835905,       3.730086111,    -0.03169936557,      0.1241265947
      -1.634914297,       3.755430614,    -0.02498994683,      0.1216830437
      -1.622572484,       3.780762177,     -0.0181947139,      0.1189283373
      -1.634774211,       3.758011522,    -0.01136758058,      0.1161683762
      -1.621582073,       3.786631884,   -0.004485192536,      0.1132811881
      -1.639235029,       3.755027534,    0.002460358483,      0.1104203577
      -1.655408274,       3.720664568,    0.009463326552,       0.107582779
      -1.660221229,       3.713003658,     0.01651747919,      0.1045492742
      -1.641825573,       3.756483503,     0.02359654392,      0.1012484643
      -1.610511355,       3.816676059,     0.03070901133,     0.09779267866
      -1.614670571,       3.806335576,     0.03781236319,     0.09451416258
      -1.625515249,       3.790406089,     0.04497561931,      0.0910333228
      -1.638319728,       3.769827611,     0.05211471087,     0.08757829335
      -1.641661215,       3.762238001,     0.05928679439,     0.08394850503
      -1.642760471,       3.761449527,     0.06642917422,     0.08040133289
      -1.647896732,       3.755814391,     0.07358754107,     0.07667940241
      -1.653927076,       3.740824991,     0.08075995303,     0.07295489512
      -1.642012554,       3.766473588,     0.08793842815,     0.06920697017
      -1.646558591,       3.758610933,     0.09512431283,     0.06533042808
      -1.659841965,       3.734765487,      0.1023353914,     0.06157459518
      -1.647532338,       3.751000766,      0.1095918396,     0.05778621676
      -1.656699434,       3.741899614,      0.1167908376,     0.05440315018
      -1.652388834,       3.743965608,      0.1239947458,     0.05081459939
      -1.659695451,       3.734810312,      0.1312034318,     0.04739386814
      -1.653089028,       3.748932442,      0.1383808307,     0.04416011022
      -1.663021377,       3.729562166,      0.1455561579,     0.04074993462
      -1.668113875,         3.7200946,      0.1527125857,     0.03743985209
      -1.665791932,       3.724043994,      0.1598263023,     0.03395496014
       -1.66898799,       3.715732468,      0.1669553095,     0.03057338859
       -1.65994169,       3.733503955,      0.1740686312,     0.02763275122
      -1.665764721,       3.726890879,      0.1811460215,     0.02501537757
      -1.677061592,       3.706168952,      0.1881940779,     0.02273465198
      -1.668765557,       3.725849942,      0.1952042404,     0.02120652597
      -1.668280096,       3.728106453,      0.2022219187,     0.01945193636
      -1.678032339,       3.710407718,      0.2092017211,     0.01771953833
      -1.685711464,        3.69696823,      0.2161266993,     0.01651230267
      -1.674754046,       3.720426989,      0.2229519994,     0.01586907967
      -1.693517343,       3.683712502,      0.2297399374,     0.01519374637
       -1.69498728,       3.678096173,      0.2364668704,     0.01470342747
      -1.689029812,       3.692074125,      0.2431187174,      0.0142892212
      -1.656066754,          3.750484,      0.2496832814,     0.01381522594
      -1.681040712,       3.716784023,      0.2561808716,     0.01357812579
      -1.679099212,       3.719099484,      0.2625161242,     0.01319075985
      -1.683464825,       3.716778697,      0.2687146255,     0.01291113519
      -1.697109522,       3.695212967,      0.2747775856,     0.01282388743
      -1.700756697,       3.689289054,      0.2806879251,     0.01275513532
      -1.686946825,       3.718479199,      0.2864259204,      0.0123429567
      -1.700957421,       3.692092369,      0.2919334986,     0.01204882092
      -1.708705657,       3.677811084,      0.2972345972,     0.01178139107
      -1.700118081,       3.692212112,       0.302329046,     0.01188847574
      -1.698106456,       3.700176877,       0.307207699,       0.012221778
      -1.705648819,       3.684081504,      0.3118304999,     0.01247778357
      -1.711231149,       3.673415725,       0.316182213,      0.0128471443
      -1.709316847,       3.673131816,      0.3202355498,     0.01329541618
      -1.714558217,       3.669599387,      0.3240087892,      0.0139621185
      -1.702253662,       3.693037762,      0.3274579433,     0.01491830834
      -1.682955152,       3.730894449,      0.3305900067,     0.01609412891
      -1.699166757,       3.701107609,       0.333377938,     0.01731414099
       -1.68251314,       3.732714949,        0.33578367,     0.01860057221
      -1.702000858,       3.696614822,      0.3378527991,     0.02027298985
      -1.689354903,        3.72166546,      0.3395360832,     0.02180701236
      -1.703853248,       3.694273882,      0.3408410585,     0.02353466227
      -1.713554798,         3.6752783,      0.3417364048,     0.02544010684
      -1.722575357,       3.656663953,      0.3422435882,     0.02733210922
      -1.698548142,       3.706244697,      0.3423055884,     0.02900783575
      -1.715813563,       3.671204215,      0.3419376043,     0.03067279257
      -1.715637108,       3.673031106,      0.3410544458,     0.03196941771
      -1.705247261,       3.693878305,       0.339632371,     0.03259437856
      -1.699620014,        3.70577329,      0.3377640973,     0.03417676985
      -1.699282127,       3.705838757,      0.3353339149,     0.03609459064
      -1.694031288,       3.715504796,      0.3322917838,     0.03885590211
      -1.715972035,       3.670759854,      0.3285010165,     0.04256158787
       -1.71703466,       3.667783309,      0.3238281323,     0.04654105723
      -1.721694205,       3.656641626,      0.3181927774,     0.05022123452
      -1.720579174,       3.659222669,      0.3113161425,     0.05397959384
      -1.720231713,       3.659361511,      0.3029728692,     0.05814692428
      -1.707450893,       3.686016005,      0.2931953607,     0.06158050219
      -1.694912793,       3.710687811,      0.2819486733,     0.06478062283
       -1.69619062,       3.708067299,      0.2692071208,     0.06747496189
      -1.689376846,       3.719333468,      0.2549393876,      0.0689404433
      -1.695676469,       3.706018537,      0.2391219317,     0.06990200513
      -1.690224064,       3.715755488,      0.2220590239,     0.07126815156
      -1.683843634,       3.727495726,      0.2037495576,     0.07346479251
      -1.691552765,       3.711932113,      0.1841654725,     0.07556335408
      -1.692973798,       3.708626241,      0.1635346579,     0.07866857308
      -1.720218828,       3.650420206,      0.1418239573,     0.08223077168
      -1.712620008,       3.666296699,      0.1193887662,     0.08555152991
      -1.708913719,       3.674284564,     0.09642183154,     0.08939514777
      -1.690542618,       3.711562321,     0.07310266857,     0.09395375591
      -1.697971705,       3.697259334,     0.04943028735,     0.09816279387
      -1.686721026,       3.715270547,     0.02563302939,      0.1044145444
      -1.694906018,        3.70031986,    0.001786260732,      0.1112447524
      -1.700907037,        3.68527549,      -0.021734076,      0.1170707248
      -1.690376983,       3.707882553,    -0.04485780384,      0.1232213335
      -1.691652927,       3.705546722,    -0.06762258117,      0.1295281402
      -1.682903039,       3.723986837,     -0.0894357759,       0.134686371
      -1.708522813,       3.672334986,     -0.1104624678,      0.1385013136
      -1.728153479,       3.627663709,     -0.1308015445,      0.1429690959
      -1.699870463,       3.691347161,     -0.1502368495,      0.1489698069
      -1.681348538,        3.72805142,     -0.1686228262,      0.1537219169
      -1.697779299,       3.697772044,     -0.1854673494,      0.1569413602
      -1.699839493,       3.693272878,     -0.2011930624,      0.1591642836
      -1.696808338,       3.699950046,     -0.2158103153,       0.163152989
      -1.710970258,        3.67104055,     -0.2293093817,      0.1680869627
      -1.725978508,       3.638548548,     -0.2413483698,      0.1711177603
      -1.720903819,        3.65066766,     -0.2522066603,      0.1738034028
      -1.719440524,        3.65350567,     -0.2618047685,      0.1746349761
      -1.708864408,       3.676524295,     -0.2702200022,      0.1752741067
      -1.728041077,       3.636225027,     -0.2776464493,      0.1739944799
      -1.742268193,       3.602794911,     -0.2839521857,      0.1715167792
      -1.721272814,       3.653903666,     -0.2896263937,       0.171051393
       -1.68364482,       3.730709228,     -0.2940297324,      0.1691387282
      -1.679407802,       3.738790239,     -0.2977772774,      0.1662423613
      -1.700059474,       3.700595442,     -0.3006097518,      0.1636142406
      -1.692640758,       3.714588983,     -0.3027553118,      0.1617746048
      -1.686891099,       3.725514003,     -0.3042818837,         0.1592647
       -1.69194828,       3.713674418,      -0.305292506,      0.1563536515
      -1.701064356,       3.700800229,     -0.3057249259,      0.1543372267
       -1.68807345,       3.721450802,     -0.3057558931,       0.152593659
      -1.693157858,        3.71601981,     -0.3053824826,      0.1506725628
      -1.704798124,       3.694145938,     -0.3046072388,      0.1490920039
      -1.712910442,        3.67735389,     -0.3035423455,      0.1474198697
      -1.715100464,       3.673771048,     -0.3022867571,      0.1463312572
      -1.708678689,       3.687504501,     -0.3008602773,      0.1449310353
      -1.682356791,       3.737795484,     -0.2993565149,       0.143341807
      -1.693086265,        3.71865589,     -0.2977628464,      0.1422936572
      -1.702039473,       3.702499063,     -0.2960757829,      0.1412957582
      -1.674240122,       3.753001938,     -0.2944059801,      0.1402388791
      -1.690629409,       3.724475529,     -0.2926485681,      0.1387388502
      -1.704770282,       3.700039025,     -0.2907876907,      0.1374904521
       -1.71129676,        3.68752637,     -0.2889665612,      0.1364273561
      -1.694975626,       3.717256493,     -0.2871902469,      0.1351802941
      -1.709246034,       3.692067941,     -0.2854779794,      0.1339035899
      -1.725773468,       3.659505993,     -0.2837275956,      0.1323357647
      -1.742813836,        3.62336718,     -0.2820395282,      0.1307641205
      -1.735970345,       3.640266115,     -0.2804748252,      0.1292215245
      -1.688957987,       3.734223144,     -0.2789908975,      0.1276523309
       -1.69805771,       3.718634605,     -0.2775934648,      0.1263367286
      -1.727674302,       3.662210603,     -0.2762505917,      0.1246729097
      -1.715913908,       3.685520514,     -0.2749986321,      0.1232443621
      -1.706347332,        3.70522494,     -0.2738084914,        0.12199955
       -1.72320387,       3.674284073,     -0.2727169328,      0.1208182618
      -1.718823251,        3.68394629,     -0.2717505074,      0.1195361262
      -1.730411882,       3.662575205,      -0.270890643,      0.1180975104
      -1.724113251,       3.676129171,     -0.2701221448,      0.1165140067
      -1.680524211,       3.753019029,     -0.2694758586,      0.1151173109
      -1.671300106,       3.770934863,      -0.268894142,      0.1137622267
      -1.701374323,        3.72012901,     -0.2684307054,      0.1124358967
      -1.693022464,       3.741848442,     -0.2680551683,      0.1113371691
      -1.682742899,       3.753598839,      -0.267774806,      0.1102222308
      -1.710489971,       3.704741426,     -0.2676128457,      0.1088148972
      -1.712262879,        3.70289532,     -0.2675645195,      0.1073986736
      -1.724225742,       3.680096164,     -0.2676322046,      0.1059522804
      -1.732605824,       3.664228704,     -0.2677939249,      0.1046803288
      -1.713661156,       3.699204532,     -0.2680677445,      0.1032104268
      -1.726532175,       3.676928662,     -0.2684225372,      0.1017121673
      -1.706528591,       3.715056839,     -0.2688844735,      0.1003087182
      -1.679238108,       3.762325241,     -0.2694376928,     0.09946263523
       -1.69206678,       3.740361928,     -0.2701060937,     0.09883117783
      -1.703201805,       3.722266972,     -0.2708735367,     0.09814610722
      -1.706250347,       3.718310285,      -0.271729051,     0.09754322842
       -1.72461283,       3.686810813,     -0.2726535889,      0.0972926548
      -1.712384234,       3.710857515,     -0.2736390153,     0.09741765599
      -1.697214821,       3.736414893,     -0.2746809771,     0.09789776219
      -1.689878815,       3.749466107,     -0.2758118186,     0.09834480496
      -1.706664562,       3.719249161,     -0.2770352869,     0.09890569128
      -1.712890183,       3.712539484,     -0.2782965768,     0.09959736832
        -1.7256999,       3.690478807,     -0.2796312726,      0.1004864986
      -1.738542329,       3.667450326,     -0.2810220042,      0.1009262979
      -1.706164348,       3.718482211,     -0.2824276548,      0.1016788308
      -1.706689128,        3.72724019,      -0.283874137,      0.1024841707
      -1.712945241,       3.714595757,     -0.2853603873,      0.1031560198
      -1.749017091,       3.654589371,     -0.2868918698,      0.1042709918
      -1.719557435,       3.706635839,     -0.2884837339,      0.1051082988
      -1.733730349,       3.686697968,     -0.2901397374,      0.1060072361
      -1.758198887,       3.643536579,     -0.2918258406,      0.1070670809
      -1.731903008,       3.684843324,     -0.2935589615,      0.1081070866
      -1.740202272,       3.680654165,      -0.295320597,      0.1093333288
      -1.752455456,       3.662102926,     -0.2971013274,       0.110614889
      -1.734546806,       3.694961645,     -0.2989054699,      0.1117546266
      -1.721660894,       3.719473058,     -0.3007326764,       0.112460198
      -1.714980983,       3.726098407,     -0.3025415844,      0.1131840709
      -1.696563882,       3.759559784,     -0.3043610038,      0.1137659244
      -1.719632577,       3.724894504,     -0.3062132052,      0.1145265514
      -1.736840553,       3.691838119,     -0.3080863444,      0.1153193721
      -1.751562072,       3.671797055,     -0.3099535175,      0.1164906885
      -1.746033509,       3.684435251,     -0.3118006144,      0.1177162506
      -1.755369713,       3.667509666,     -0.3136375449,      0.1189495255
      -1.758560298,       3.663972595,     -0.3154450627,      0.1203094438
      -1.750325497,       3.677167257,     -0.3172183638,      0.1218371241
      -1.779805165,       3.626738368,     -0.3189417941,      0.1233581778
      -1.733852818,       3.708234005,     -0.3206318982,      0.1250751318
      -1.707203551,       3.750625711,     -0.3222956427,      0.1266289832
      -1.713819974,       3.739041772,     -0.3238918809,      0.1282018368
      -1.710276211,       3.746805987,     -0.3254680579,      0.1301124713
      -1.688135701,        3.76989552,     -0.3270132549,      0.1321038083
       -1.72150817,       3.728240952,     -0.3285293539,      0.1340871778
      -1.737371787,       3.702978185,     -0.3299897042,      0.1359111085
      -1.747893466,       3.687759777,     -0.3313711135,      0.1375753989
       -1.74823592,       3.686409324,     -0.3327092337,      0.1391281823
      -1.738091087,       3.703801877,     -0.3339960531,      0.1405997045
       -1.72150405,       3.728857611,     -0.3352357244,      0.1417867829
       -1.77605573,       3.639283892,     -0.3364041251,      0.1427487878
      -1.757991726,       3.670368905,     -0.3374951695,      0.1437696199
      -1.732848128,       3.713198358,     -0.3385187253,      0.1447366881
      -1.715829876,       3.739693709,     -0.3394499562,      0.1455550475
      -1.692410357,       3.774232005,     -0.3402899776,      0.1461927651
      -1.711618871,       3.745805033,     -0.3410434542,      0.1466007529
      -1.721207197,       3.731020885,     -0.3417089751,      0.1467550262
      -1.700190677,       3.761800744,     -0.3422693332,       0.146786756
       -1.70939673,       3.748184362,     -0.3427473009,      0.1467617478
      -1.734657972,       3.709707756,     -0.3431341501,      0.1467327799
      -1.722052595,       3.727642221,     -0.3434399912,      0.1466115352
      -1.734607091,       3.707704524,     -0.3436626669,      0.1464222266
      -1.723629461,       3.723264402,      -0.343797915,      0.1460030245
      -1.734428814,       3.706429616,     -0.3438242268,      0.1452773655
      -1.756823756,       3.669006017,     -0.3436985533,      0.1445207993
      -1.748604877,       3.683835745,     -0.3435516399,      0.1440815619
      -1.726142489,        3.72121685,     -0.3432867645,      0.1436316506
      -1.688873227,        3.77640513,     -0.3429275053,      0.1431072175
      -1.686667386,       3.780355334,     -0.3424505422,      0.1427473852
      -1.700607355,       3.758976264,     -0.3418509156,      0.1421506146
      -1.696115822,        3.76503789,     -0.3411749007,      0.1416156132
      -1.678204831,        3.78911074,     -0.3403611418,      0.1408859178
      -1.714639945,       3.735433794,     -0.3394473409,      0.1404895061
      -1.724702626,       3.718824191,      -0.338401767,      0.1399621542
       -1.72576888,       3.716018128,     -0.3372132481,      0.1396246633
      -1.721759069,       3.720877842,     -0.3359046638,      0.1393540593
      -1.682166065,       3.780097636,      -0.334472657,      0.1390341426
      -1.693539938,       3.763264414,     -0.3329019441,      0.1383564749
      -1.708858267,       3.741350904,     -0.3312472335,      0.1381911753
      -1.672916895,       3.793034954,     -0.3294393449,      0.1384861061
      -1.679216538,       3.784870386,     -0.3274757331,      0.1385892561
      -1.672558594,       3.793383814,     -0.3254427979,      0.1387625291
      -1.654470805,       3.818678792,     -0.3232883303,      0.1387207633
      -1.665275688,       3.802196949,     -0.3210279486,      0.1388287791
      -1.661198445,       3.808071891,     -0.3186605538,      0.1395933022
      -1.679184074,       3.781878303,     -0.3161141702,      0.1403031182
      -1.685620334,       3.771578851,     -0.3134218903,      0.1406231717
      -1.693149867,        3.75873079,     -0.3106442706,      0.1410597313
      -1.719649537,       3.716780799,     -0.3077347454,      0.1414985855
      -1.687664023,       3.766643515,     -0.3046770949,      0.1416261678
      -1.696235031,       3.753427942,     -0.3015134832,      0.1415720521
      -1.706411694,       3.735128482,     -0.2982272853,      0.1413962192
      -1.696334849,       3.752997073,     -0.2948429819,      0.1412019529
      -1.700839582,       3.747588136,     -0.2913325025,      0.1406633748
      -1.672928297,       3.788941332,     -0.2877399414,      0.1398176102
      -1.656513105,       3.811259982,     -0.2840158251,      0.1387192411
      -1.661057573,       3.804642984,     -0.2802053043,      0.1373772777
      -1.668947194,       3.793764892,     -0.2762399192,      0.1350746477
      -1.682726728,        3.77633476,     -0.2721956256,       0.133131504
      -1.684325892,       3.772601711,     -0.2680700313,      0.1308611891
      -1.661979645,       3.804404142,     -0.2638435675,       0.128484207
      -1.670221392,       3.790209297,     -0.2595308421,      0.1255107681
      -1.677445814,       3.779933328,      -0.255078948,      0.1224362259
      -1.684749237,       3.767861051,     -0.2505112277,      0.1193342297
      -1.703756599,       3.738011487,     -0.2458570995,      0.1158265496
       -1.70570974,        3.73622538,      -0.241182194,      0.1127811715
       -1.71190939,       3.728191631,     -0.2364005515,      0.1091117415
      -1.702902462,       3.741977893,     -0.2315800891,      0.1058233335
      -1.704370064,       3.741362704,     -0.2266816008,      0.1023415256
      -1.719337509,       3.718498211,     -0.2216710838,     0.09930426019
      -1.714640307,       3.730811171,     -0.2166244629,     0.09612420364
       -1.72473985,       3.710932896,     -0.2115155481,     0.09296287402
      -1.701575525,       3.752570664,      -0.206271133,     0.09001958893
      -1.700653232,       3.753775504,     -0.2010804238,     0.08755742157
      -1.671389221,       3.804450911,     -0.1957538041,      0.0850048687
      -1.673300365,       3.797658429,     -0.1904554219,     0.08239212656
      -1.678673408,       3.788417058,      -0.185104559,      0.0798717036
      -1.670857882,       3.801414657,     -0.1796581506,     0.07743241957
       -1.68981796,       3.776995906,     -0.1742177696,     0.07484574322
      -1.698050392,        3.76278743,     -0.1687856934,      0.0720069872
      -1.727267317,       3.722102996,     -0.1633085592,      0.0692472087
      -1.737303551,       3.707287036,     -0.1578264346,     0.06645697675
      -1.700950337,       3.766150748,     -0.1523241753,     0.06403735933
      -1.658010116,       3.823931804,     -0.1467686204,     0.06146459137
       -1.67285901,       3.806084436,     -0.1412413462,     0.05902108822
      -1.710997919,       3.754907582,     -0.1356098006,     0.05696584965
      -1.720940089,       3.744237255,     -0.1299775715,     0.05483698727
      -1.677303747,       3.804961788,     -0.1243026964,     0.05233008387
      -1.686528627,       3.796343687,      -0.118621974,     0.04992485462
      -1.717345306,       3.753186547,     -0.1129107663,     0.04754621097
      -1.670189826,       3.818456582,     -0.1071781784,     0.04537401237
      -1.686329425,       3.797768731,     -0.1013790849,     0.04294595962
      -1.658912592,       3.829705264,    -0.09556278191,     0.04032900671
      -1.703046092,       3.776359456,    -0.08974315313,      0.0378605459
      -1.678621657,       3.805231982,    -0.08396035698,      0.0352946092
      -1.719585659,       3.756963067,    -0.07810885489,     0.03271057771
      -1.686964969,       3.803033008,    -0.07226967813,     0.03011997202
      -1.691207174,       3.793759702,    -0.06642930653,     0.02736987172
      -1.672874296,       3.825445922,    -0.06055315725,     0.02470684507
      -1.724781044,       3.754168086,    -0.05470254698,     0.02178573755
       -1.69241335,       3.801833903,    -0.04884778445,     0.01891895981
       -1.70761295,       3.782622929,    -0.04300933467,     0.01579397014
      -1.713049987,       3.779179838,    -0.03719031755,     0.01253494071
      -1.687413458,        3.81124177,    -0.03137357172,    0.009153852917
      -1.682307663,       3.818894953,     -0.0255757054,     0.00588090126
      -1.693627877,       3.805495788,    -0.01978742352,    0.002889299398
       -1.68563236,       3.816245224,    -0.01401237396,   0.0003946338168
      -1.652176698,       3.858543946,   -0.008223480593,   -0.002198993665
      -1.694615886,         3.8066215,   -0.002475295642,   -0.004325387716
      -1.716481247,        3.77403331,    0.003247717741,   -0.006642369421
      -1.724475605,       3.766898064,    0.008892493374,   -0.008686141388
      -1.708700585,       3.790034423,     0.01450209964,    -0.01074533548
      -1.699538038,        3.79841457,     0.02015991757,    -0.01230828837
      -1.723497527,       3.761338312,     0.02576463196,    -0.01425846719
      -1.756366662,       3.723265224,     0.03134429649,     -0.0161267102
      -1.701041129,       3.800192322,     0.03684272222,    -0.01726535203
      -1.722702912,       3.769442773,     0.04228491158,    -0.01842990617
      -1.745663901,       3.735275496,     0.04764870507,    -0.01893288213
      -1.714353347,       3.779378995,     0.05293768516,    -0.01955831256
      -1.662984915,        3.84750453,     0.05816797046,    -0.02020397566
      -1.701539741,       3.798000606,     0.06332255676,    -0.02003264984
      -1.664609165,       3.845803676,     0.06841866529,    -0.01951876308
      -1.722772969,       3.773716265,     0.07348361675,    -0.01911317945
      -1.712553293,        3.78483993,     0.07846913874,     -0.0184530357
      -1.716328292,       3.782916831,     0.08344059722,     -0.0175828877
      -1.684111229,       3.826079234,     0.08831261171,    -0.01677677528
      -1.683948527,       3.824575817,     0.09312560946,    -0.01581796371
      -1.687112484,        3.82099887,     0.09789262642,    -0.01463960958
      -1.755451123,       3.738077283,      0.1025999072,    -0.01339432839
      -1.727881408,       3.769360163,      0.1072275859,     -0.0119482268
      -1.751012888,       3.743514862,      0.1118207483,     -0.0104415993
      -1.773672049,         3.7122008,      0.1163730635,   -0.008958803786
      -1.783345276,       3.703655253,      0.1208904222,   -0.007407445021
      -1.767639386,        3.72297108,      0.1253550843,   -0.005579127641
      -1.734053258,          3.767148,      0.1297392138,    -0.00398242877
      -1.767499085,       3.726218594,      0.1340882535,    -0.00224911871
      -1.769779573,       3.716593762,      0.1383875892,  -0.0005620181557
      -1.749719915,       3.746081086,      0.1426154555,   0.0009399062897
      -1.753050603,        3.75080751,      0.1467755745,    0.002273359991
      -1.775673055,       3.717915006,      0.1508929297,    0.003707602255
      -1.777464283,       3.711993912,      0.1549602506,    0.004855009852
      -1.789811673,       3.710033691,      0.1589631645,    0.005772842303
      -1.818842569,       3.663443965,      0.1629107323,    0.006435012643
      -1.789072048,       3.700071614,       0.166803417,     0.00707013633
      -1.749961388,        3.74646239,      0.1706472915,    0.007450562717
      -1.769752798,       3.722117065,       0.174413666,    0.007681447105
      -1.806795609,        3.67950867,      0.1781298421,    0.007818820693
      -1.814032059,       3.668480305,      0.1817746664,    0.007868712301
       -1.83493005,       3.637906351,      0.1853686379,    0.007711184265
      -1.796842362,        3.69050262,       0.188914971,    0.007651310928
      -1.773781452,       3.721195785,      0.1923847308,    0.007519125366
      -1.762947482,       3.733026801,       0.195794217,    0.007347680095
       -1.75261231,       3.745563219,      0.1991465816,    0.007335706813
      -1.787726186,       3.701022744,      0.2024402607,    0.007240845219
      -1.799003011,        3.68624835,      0.2056886697,    0.007393307603
      -1.798636619,       3.684865314,      0.2088827552,    0.007340224091
      -1.807427878,        3.67434816,      0.2119950562,    0.007049618188
      -1.761725534,       3.731189056,      0.2150389954,    0.006617105239
      -1.767446646,       3.722621982,      0.2180443537,    0.005925086729
      -1.804445154,       3.674687925,      0.2209860855,     0.00541268647
      -1.802300832,       3.676549133,      0.2238344055,    0.004398155262
      -1.813341898,       3.660802864,      0.2266350788,    0.003143501737
      -1.805519134,       3.670973133,      0.2293628609,    0.002074865783
      -1.752114603,       3.741022798,      0.2320349323,   0.0009172782895
       -1.75479096,       3.736370822,      0.2346434037,  -0.0002053134263
      -1.735642391,        3.75923471,      0.2371963162,  -0.0007723340526
      -1.726804478,       3.769091093,      0.2396579414,   -0.001022333024
      -1.751639313,       3.737534446,      0.2420926808,   -0.001623277026
      -1.750968668,       3.736942018,      0.2444495802,   -0.001833960205
      -1.770948957,       3.709833726,      0.2467575308,   -0.001805193938
      -1.751833506,       3.734761752,      0.2490146941,   -0.001754164917
      -1.692564457,       3.807648494,      0.2512306318,   -0.001503640431
       -1.70746676,       3.788123027,      0.2534124922,   -0.001228507035
      -1.747124923,       3.738572587,      0.2555599369,  -0.0009218781802
      -1.767277652,       3.710924146,      0.2576859591,  -0.0005433658486
       -1.72615377,       3.763677954,      0.2597837609,   6.754540774e-05
      -1.708952153,       3.786685615,      0.2618573514,    0.000406960822
      -1.697284446,       3.801510237,      0.2639039498,    0.001123324396
      -1.718064007,       3.775208131,      0.2659675576,    0.001937786564
      -1.733296345,       3.755140991,      0.2680240683,    0.002638591359
      -1.711845774,       3.781944835,      0.2700990481,    0.003251030053
      -1.713781868,        3.77891446,      0.2721683126,    0.004065318557
      -1.699197977,       3.796288164,      0.2742658698,    0.004951768813
      -1.722890906,        3.76680615,      0.2763576629,    0.006105006124
      -1.718839205,       3.771521675,      0.2784918762,    0.007311523056
      -1.740798525,       3.743009323,      0.2806637067,    0.008475692831
      -1.719967988,       3.769859638,      0.2828524993,    0.009769103782
      -1.719571634,       3.770609241,      0.2851116067,     0.01105259249
      -1.711706058,        3.78170917,      0.2874202806,     0.01246142271
      -1.705641729,       3.789320701,      0.2897944068,     0.01401239903
      -1.707749321,       3.789331335,      0.2922283795,     0.01564493371
      -1.713453633,       3.780623261,      0.2947491303,     0.01715801729
      -1.739505904,       3.746134048,      0.2973535932,     0.01843383918
      -1.744887327,        3.73988208,      0.3000711971,      0.0197353472
      -1.712670026,       3.786483111,      0.3028783618,     0.02107712648
      -1.699686724,       3.805858547,      0.3058298795,      0.0222374049
      -1.712305281,       3.785251304,      0.3089339599,      0.0231533838
       -1.68808893,       3.821360183,      0.3121577876,     0.02418374389
       -1.68670949,       3.819393747,      0.3155347679,     0.02492164534
      -1.682357778,       3.824126459,      0.3190187602,     0.02574873237
      -1.707758682,        3.79254453,      0.3226609523,     0.02636205633
      -1.698388109,       3.807390566,      0.3264133187,     0.02695774514
      -1.720158444,        3.77847675,      0.3303678436,     0.02695990079
      -1.706856507,       3.795334002,      0.3344529279,     0.02685286077
      -1.697207403,       3.805797559,      0.3386916792,     0.02662574915
      -1.674486017,       3.832540563,      0.3431030377,     0.02608330909
      -1.699099518,       3.801891375,       0.347605591,     0.02594357543
      -1.734609702,       3.755839572,      0.3522643116,     0.02529994863
      -1.693960487,       3.808478886,      0.3570354294,     0.02436832395
      -1.704261798,       3.801400255,      0.3618934994,     0.02328746158
      -1.709807847,       3.792832666,      0.3668304343,     0.02177391702
      -1.719676746,       3.782748554,      0.3717568049,     0.02007733035
      -1.719007505,        3.78052575,      0.3766782864,     0.01831797864
      -1.701514736,       3.804571102,      0.3815972198,     0.01641383741
      -1.691018728,       3.816484586,      0.3864663542,     0.01462660035
      -1.701580828,       3.805797883,      0.3912767977,     0.01246746914
      -1.677816194,       3.832524559,      0.3959697414,     0.01018367285
      -1.688507012,       3.820163716,      0.4004708275,    0.008083458746
      -1.709252464,        3.79450645,      0.4048752219,    0.005654134889
      -1.718538493,       3.782960201,      0.4091247549,    0.002547351021
      -1.720860859,       3.779184379,      0.4131498993,  -0.0003338031264
      -1.723843834,       3.776374667,      0.4169350322,   -0.003545112927
      -1.721953011,       3.777488459,      0.4204104452,   -0.006469776757
      -1.723735884,       3.775759881,      0.4236043714,     -0.0093768498
      -1.725401755,        3.77202625,      0.4264888492,    -0.01230243806
      -1.725075816,        3.77278195,      0.4290786908,    -0.01507896247
      -1.725620276,       3.770965398,      0.4313499572,    -0.01790469908
      -1.723951666,       3.773257066,      0.4332519041,    -0.02062473134
      -1.725213781,         3.7703998,      0.4347897063,    -0.02327284577
      -1.735865331,       3.754071584,      0.4359626215,    -0.02580895287
      -1.732535796,       3.758724829,      0.4367466574,    -0.02797101664
      -1.693115207,        3.81668886,      0.4371805648,    -0.03004295256
      -1.715733736,       3.783216631,      0.4372470409,    -0.03194233337
      -1.746608724,       3.736561585,      0.4369659041,    -0.03398452285
       -1.74166292,       3.743399946,      0.4362997772,     -0.0358379867
      -1.708857963,       3.794408545,       0.435291555,    -0.03796953566
      -1.735984312,       3.751124714,      0.4339134776,     -0.0397929888
      -1.747176147,       3.732516026,      0.4321595928,     -0.0413171954
       -1.75082753,       3.724488392,      0.4300975397,    -0.04285128177
      -1.750649158,       3.723930395,       0.427715926,     -0.0442832355
      -1.749254569,       3.725026948,      0.4250172837,    -0.04575661126
      -1.741359466,       3.736678326,      0.4219986052,    -0.04662713559
      -1.748558169,       3.726452062,      0.4186662465,    -0.04724585493
      -1.740985864,       3.733368466,      0.4150690743,    -0.04802924327
      -1.757710832,       3.703548351,       0.411182194,    -0.04846466027
      -1.750213953,       3.720159223,      0.4070635659,    -0.04882145705
      -1.716733329,        3.77759812,      0.4026945167,    -0.04884576024
      -1.748753361,       3.721534968,      0.3980651878,    -0.04854210058
      -1.755717981,       3.708080325,      0.3932200968,    -0.04831581506
      -1.737559354,       3.742070705,      0.3881980318,     -0.0480137695
      -1.750088223,       3.720598024,      0.3829845186,    -0.04761596383
      -1.743045146,       3.730661051,      0.3776188157,    -0.04710009631
       -1.74838324,       3.719186187,      0.3720955229,    -0.04649919357
      -1.741378296,       3.733544516,      0.3664395916,    -0.04596940096
      -1.750676869,       3.716003058,      0.3606158034,    -0.04502344844
      -1.765527069,       3.688681133,      0.3547192696,    -0.04442966528
      -1.763933745,       3.689747162,      0.3486621306,    -0.04345979423
      -1.766914319,       3.686217345,       0.342515759,    -0.04249813256
      -1.766796083,       3.684580906,      0.3362592835,     -0.0415532641
      -1.768696126,        3.68318724,      0.3299026118,    -0.04026302215
      -1.768146528,       3.682658653,      0.3235138945,    -0.03911808245
      -1.769905146,       3.681624068,      0.3170373887,    -0.03785472714
      -1.768794418,        3.68216982,      0.3105459572,    -0.03647354311
      -1.770864541,       3.680821792,      0.3039779425,    -0.03516273463
      -1.770221776,       3.680769938,      0.2973590786,    -0.03391859916
      -1.772311633,       3.679242483,      0.2907419933,    -0.03275934458
      -1.766046173,       3.687861626,      0.2841415075,    -0.03159025243
      -1.760788292,       3.697568127,      0.2775177819,    -0.03014605675
      -1.740294119,       3.726201429,       0.270946502,    -0.02883630483
      -1.708768483,       3.771686004,      0.2644323443,    -0.02774354574
      -1.732126183,       3.740460953,      0.2579311873,    -0.02641415512
      -1.749644362,        3.71774755,      0.2514806996,    -0.02484685012
      -1.697019273,       3.787427064,      0.2450647884,    -0.02357491304
      -1.721690422,        3.75580005,      0.2387073543,    -0.02240200788
       -1.73175158,       3.742001453,      0.2324599045,    -0.02125535304
      -1.749643401,       3.719024581,      0.2262721097,    -0.01995434795
       -1.75691788,       3.707082853,       0.220156405,    -0.01865756805
      -1.743630925,        3.72865624,      0.2141576328,     -0.0176355255
      -1.706219814,       3.780443792,      0.2082144167,    -0.01626269438
      -1.689886452,       3.803749995,      0.2023480888,     -0.0148597499
       -1.72951116,       3.749733445,      0.1965952062,    -0.01345843483
       -1.70329096,       3.787931818,      0.1909558803,    -0.01204818179
      -1.724734818,       3.757668623,        0.18541113,    -0.01045506399
      -1.704898056,       3.784991556,      0.1799437134,   -0.008595642977
      -1.717516633,       3.766804068,      0.1746311873,   -0.007122091075
      -1.739354689,       3.739983278,      0.1694318262,    -0.00554643021
      -1.691164556,       3.801936564,      0.1643704126,   -0.003984238609
      -1.676198144,       3.823109234,      0.1594184304,   -0.002322300282
      -1.690543741,       3.803613989,      0.1545920959,  -0.0005985711662
      -1.692803152,       3.802394832,      0.1498661255,    0.001279223729
      -1.687163101,       3.808617391,      0.1452507507,    0.003131072444
      -1.714769472,       3.775105063,      0.1407268385,    0.004825234471
      -1.735202428,       3.747299702,      0.1362668864,     0.00675224232
      -1.754434901,       3.723774469,      0.1319432645,    0.008658812988
      -1.739758233,       3.742322247,      0.1276652179,     0.01052133769
      -1.736491163,       3.749709574,      0.1234790051,     0.01217211523
      -1.715343021,       3.775370465,      0.1193877328,     0.01381752071
      -1.692918097,        3.80679467,      0.1153697891,     0.01544061451
      -1.709837271,       3.783588815,      0.1114137354,     0.01699994181
      -1.727719528,       3.762479588,        0.10753562,     0.01849042881
       -1.74551201,        3.73663553,      0.1037503203,     0.02002922756
      -1.742405966,       3.743705648,      0.1000223662,     0.02150044983
      -1.749926243,       3.731726792,      0.0964013441,     0.02294944765
      -1.751839855,       3.729504484,     0.09284087974,     0.02448798066
      -1.770428699,       3.704580656,     0.08933210292,     0.02585173617
      -1.746025662,        3.74019689,     0.08584222513,     0.02739651135
      -1.680942024,       3.820778477,     0.08238516529,     0.02863837681
         -1.738611,       3.750446207,      0.0789675202,     0.02992141301
      -1.703690046,       3.795810133,     0.07555282577,     0.03130208249
      -1.719912459,       3.775009412,      0.0721487153,     0.03267230588
      -1.716739686,       3.779747592,     0.06877508032,     0.03396558382
      -1.731084667,       3.761193785,     0.06542912754,     0.03494613201
      -1.762017957,       3.720562389,     0.06210015632,     0.03583830746
      -1.765020159,       3.716743953,     0.05874333457,     0.03701182418
      -1.727528103,       3.762304625,     0.05542843571,     0.03806800708
      -1.749941339,       3.737480559,     0.05210427884,     0.03892874776
      -1.772833955,       3.708280991,     0.04881157497,     0.03956800541
      -1.746693186,       3.737213359,     0.04552143751,     0.04008090828
      -1.789275018,       3.688582309,     0.04224692538,     0.04037468164
      -1.751732946,       3.733508054,     0.03895270717,     0.04097450236
      -1.746908555,       3.743765468,     0.03565283966,     0.04151559647
      -1.781163723,       3.696718381,     0.03236345453,     0.04188429151
      -1.769765945,       3.716222831,     0.02906088514,     0.04224115483
      -1.778625819,       3.705749102,     0.02575811162,     0.04252282196
      -1.798870993,       3.678897854,      0.0224706812,      0.0427290412
      -1.798871339,       3.682173245,     0.01916703573,     0.04312978374
       -1.74769219,       3.749632923,     0.01587892325,     0.04347093977
      -1.750770046,       3.748064697,     0.01256918127,     0.04383020144
      -1.768749163,       3.727062972,    0.009309177121,     0.04384397498
      -1.730546882,       3.775062466,    0.006059337774,     0.04377030554
      -1.754985566,       3.745522368,    0.002794863943,     0.04375739001
      -1.740612964,       3.762327899,  -0.0004778628592,     0.04378210254
      -1.752197431,       3.750050082,   -0.003723713902,     0.04386742441
      -1.772060042,       3.727191741,   -0.006954322703,     0.04399959698
      -1.820367898,       3.666129563,    -0.01018449359,     0.04429019083
      -1.810186581,       3.679906882,    -0.01338438529,     0.04476042902
      -1.770117593,        3.73024951,    -0.01658751594,     0.04504977288
      -1.812715827,       3.678680408,    -0.01978485081,     0.04516680475
      -1.780912041,       3.719163875,    -0.02290610195,     0.04526073894
      -1.752461554,       3.755916562,     -0.0260021243,     0.04539497838
       -1.75458845,       3.754909295,    -0.02906725879,     0.04525648973
      -1.733757968,       3.780000462,    -0.03208734386,     0.04532133022
      -1.740891935,       3.770719286,    -0.03506465098,     0.04530118682
      -1.757453108,       3.751355694,    -0.03800606132,     0.04538899933
      -1.779184004,       3.726032168,    -0.04089179537,      0.0453490386
      -1.785938861,       3.717864622,    -0.04371463113,     0.04520405259
      -1.803329328,       3.696640173,    -0.04648828153,     0.04525433262
      -1.793366392,       3.707630148,    -0.04921170715,     0.04538681841
      -1.773795947,       3.733198255,    -0.05189062135,      0.0455749686
      -1.767223127,       3.742755529,    -0.05451761943,     0.04571336793
      -1.767092356,       3.743682635,    -0.05710480022,     0.04585532547
      -1.759714613,       3.753010952,    -0.05965776546,     0.04595190012
      -1.773540894,       3.735463463,    -0.06217529829,     0.04593544048
      -1.764251652,       3.747817349,    -0.06464440133,     0.04609988205
      -1.786592778,       3.720630582,    -0.06706420823,     0.04636044766
      -1.793939557,       3.719006244,     -0.0694551762,     0.04656292326
      -1.774703617,       3.735232081,    -0.07180621338,     0.04680054542
      -1.791944692,        3.71809111,    -0.07411793862,     0.04703298217
       -1.80267873,       3.703537955,    -0.07638374093,     0.04729330915
      -1.806629761,       3.697409693,    -0.07861087551,     0.04750342124
      -1.812078847,       3.691051911,    -0.08079811525,     0.04778680391
       -1.82739371,       3.672548842,    -0.08293929053,     0.04799024309
      -1.863893538,       3.626709398,    -0.08502655881,     0.04805115753
      -1.858741649,       3.633097739,    -0.08705964729,     0.04794068719
      -1.841775645,        3.65470104,    -0.08905670711,     0.04785139312
      -1.836614377,       3.662829232,    -0.09100888718,     0.04781152631
       -1.80295576,       3.703875204,    -0.09292103495,       0.047793487
      -1.839819951,       3.659023382,    -0.09478944116,     0.04779970087
      -1.837087622,       3.664881717,    -0.09661471209,     0.04771767664
      -1.772181698,       3.743032343,    -0.09840450397,     0.04759077839
      -1.776729231,       3.738651853,     -0.1001583784,     0.04739787958
      -1.777612489,       3.737385471,     -0.1018780825,     0.04716484098
      -1.757775062,       3.761500568,     -0.1035602997,     0.04689932276
      -1.706703038,        3.82161888,     -0.1052023803,     0.04661431527
        -1.7628673,       3.758149356,     -0.1068064802,     0.04616895131
      -1.774530191,       3.745989243,     -0.1083621339,     0.04565586988
      -1.797679332,       3.719953696,     -0.1098882427,     0.04513098809
       -1.79880008,       3.717858667,     -0.1113705505,     0.04450058609
      -1.736604875,       3.787488418,     -0.1128233987,     0.04377701057
      -1.766779367,        3.75396355,     -0.1142574426,     0.04302840093
      -1.810755482,       3.707012936,     -0.1156567144,     0.04229241922
      -1.792417456,       3.726867534,     -0.1170285249,     0.04160485118
      -1.761918525,       3.760283129,      -0.118380189,     0.04095772305
      -1.762297104,        3.76079194,     -0.1197005573,     0.04040703744
      -1.755577093,       3.769220246,     -0.1209989175,     0.03984698734
      -1.748672289,       3.777856461,     -0.1222906381,     0.03924683051
      -1.744943439,       3.780967786,     -0.1235616378,      0.0386497418
      -1.799359593,       3.720510262,     -0.1248154672,       0.038108375
      -1.761109407,       3.763898842,     -0.1260461572,     0.03758381888
      -1.760762427,       3.764195152,     -0.1272642755,     0.03710601051
      -1.757508695,       3.765157326,     -0.1284656282,     0.03664266386
      -1.770485726,       3.752626676,     -0.1296636128,     0.03607905354
      -1.779212484,       3.742735875,     -0.1308496661,     0.03560495005
      -1.787133447,       3.734532937,     -0.1320403872,     0.03508628754
       -1.80329369,       3.715673684,     -0.1332167226,     0.03462658167
       -1.78165637,        3.74156946,     -0.1343863962,     0.03418206992
      -1.801313544,       3.719148171,     -0.1355581279,     0.03384323914
      -1.788912749,       3.734549419,     -0.1367290736,     0.03355119112
      -1.752078624,       3.773206998,     -0.1379027147,     0.03321010813
       -1.76065898,       3.764967075,     -0.1390807038,     0.03288062412
      -1.739489043,       3.786342759,     -0.1402686168,     0.03269952547
       -1.73995293,       3.786511446,      -0.141464082,     0.03262670149
      -1.718187194,       3.808942736,     -0.1426554961,     0.03266562569
      -1.757100168,       3.766983989,     -0.1438571406,     0.03278438348
      -1.763683105,       3.759458129,     -0.1450612671,     0.03293573494
      -1.773199485,       3.747657814,      -0.146257509,     0.03302591058
       -1.77128872,       3.748380028,     -0.1474749187,     0.03344983889
       -1.76947813,       3.750419447,     -0.1486889441,     0.03391049512
      -1.770813689,       3.748741207,     -0.1498936566,     0.03442782794
      -1.801216833,       3.714306615,     -0.1510898859,     0.03484605057
      -1.779493067,       3.738456699,     -0.1522870627,     0.03532386718
      -1.760849227,       3.760837292,     -0.1534786797,     0.03593315582
      -1.774763963,       3.745605713,     -0.1546390664,     0.03664175198
      -1.750270375,       3.773321417,     -0.1558067176,     0.03721447902
      -1.704971414,       3.822027979,     -0.1569454784,     0.03797087022
      -1.729813502,       3.794908208,     -0.1580772696,      0.0387360358
      -1.723202654,       3.800540108,     -0.1591839011,     0.03965014519
      -1.766089419,       3.754142171,     -0.1602854393,     0.04054982725
      -1.745554586,       3.774852661,     -0.1613477262,     0.04153217776
      -1.759746558,        3.75949587,     -0.1623635567,     0.04260306263
      -1.760630221,       3.758135388,     -0.1633261447,     0.04375431784
      -1.803576768,       3.709673629,     -0.1642319229,     0.04503484108
      -1.744109169,       3.774641551,     -0.1650810707,     0.04644453475
      -1.753327399,       3.765299816,     -0.1658451673,     0.04782060883
      -1.813754753,       3.696257293,     -0.1665900578,     0.04906224249
      -1.822646584,       3.685618981,     -0.1672427028,      0.0503639869
      -1.824617383,       3.682191838,     -0.1678822322,     0.05183436389
      -1.812052401,       3.697749876,     -0.1684511023,     0.05303749513
      -1.793248319,       3.718700873,     -0.1689710592,     0.05418038172
      -1.792745957,       3.719702911,     -0.1694599392,     0.05561451706
      -1.771608876,       3.742246674,     -0.1698716495,     0.05678732387
      -1.751921017,       3.765245379,     -0.1702358789,     0.05829948727
      -1.763767266,       3.749989379,     -0.1705422125,     0.05972580652
      -1.757062011,       3.756043725,     -0.1707693302,     0.06079995162
      -1.779725147,       3.729310883,     -0.1709269881,     0.06205013905
      -1.767297205,       3.744330859,     -0.1710418412,      0.0632154735
      -1.796433565,       3.708460361,     -0.1711192202,     0.06419535762
      -1.823598776,       3.675739877,     -0.1711600045,      0.0650507736
      -1.744673893,       3.767345357,     -0.1711559852,     0.06567653006
      -1.740551093,       3.772032879,     -0.1710983088,     0.06621289803
       -1.78086397,       3.725906379,     -0.1709965513,     0.06671483466
      -1.800743321,       3.700535578,     -0.1708604039,     0.06733541279
      -1.788353409,       3.713886449,     -0.1706608662,      0.0679865949
      -1.785426083,       3.718503595,     -0.1704488705,     0.06853185703
      -1.750627286,       3.760003418,     -0.1701560807,     0.06889904523
      -1.757159362,       3.751975349,     -0.1698453927,       0.069401033
      -1.729184514,        3.78309394,     -0.1694723846,     0.06962621355
      -1.771164305,       3.734670142,      -0.169103315,     0.07018992329
      -1.802266857,       3.695545086,     -0.1686918166,     0.07060308219
      -1.824896849,       3.665852411,     -0.1682723026,     0.07106200693
        -1.8197536,       3.671528597,     -0.1678356049,     0.07159430849
      -1.810664759,       3.682750279,     -0.1673740321,     0.07207748738
      -1.807662202,        3.68680361,     -0.1668957692,      0.0725698326
      -1.834089558,       3.651508293,     -0.1663876216,       0.073028254
      -1.795691006,       3.699531793,     -0.1658584742,     0.07352184758
      -1.812589701,       3.678621723,     -0.1653105812,     0.07404081319
      -1.871723587,       3.597948697,     -0.1647513284,     0.07455876618
      -1.860216231,       3.612067826,     -0.1641929518,     0.07506682537
      -1.919667468,       3.528114902,      -0.163633372,     0.07540819179
      -1.902931647,       3.549766184,     -0.1630659869,     0.07551432347
      -1.899500221,       3.554619784,     -0.1625207845,     0.07564599072
      -1.937188164,       3.494646662,     -0.1619840248,     0.07558076165
      -1.953902684,       3.467529735,     -0.1614630711,     0.07540060053
      -1.968480101,       3.441961277,     -0.1609594771,     0.07503159153
      -1.976577019,       3.429296751,     -0.1604724466,     0.07468128008
       -1.98069169,       3.421906933,     -0.1599977383,     0.07429302828
      -1.990771182,       3.403918925,     -0.1595044296,     0.07371482107
      -1.998388589,       3.389246753,      -0.159053171,     0.07311801303
       -2.00708748,       3.373209797,     -0.1586327556,     0.07269609052
      -2.005670673,       3.377083989,     -0.1582254873,     0.07212281558
         -2.015269,       3.359042354,     -0.1578498315,     0.07150148231
      -2.018941548,       3.351515458,     -0.1575038743,     0.07096958236
      -2.024424493,       3.340760893,     -0.1571921124,     0.07012962699
      -2.024744394,       3.341183935,     -0.1569103595,     0.06962931402
      -2.025792093,       3.341607986,     -0.1566607187,     0.06868611618
      -2.017274333,       3.361477862,     -0.1564277061,       0.067859252
      -2.030140598,       3.336081473,     -0.1562530741,     0.06675746072
       -2.03763628,       3.318879459,     -0.1561016494,     0.06596751027
      -2.033929977,       3.329778377,     -0.1559486529,     0.06504940686
      -2.036325435,       3.327408222,     -0.1558394759,     0.06438395566
      -2.034027877,       3.333977243,     -0.1557437479,     0.06359948678
      -2.041863701,       3.319044421,     -0.1556881673,       0.063060657
      -2.047980555,       3.305562078,     -0.1556313655,     0.06260508485
      -2.048046034,       3.308595599,     -0.1556229996,     0.06207684624
      -2.008510637,       3.396169773,      -0.155640993,     0.06170023366
       -2.04250501,       3.329328891,     -0.1556685071,     0.06128188738
      -2.051188273,       3.308974694,     -0.1557151153,     0.06090213048
       -2.01786033,       3.383878643,     -0.1558309688,     0.06065919182
      -2.048432826,       3.322647466,     -0.1559654338,     0.06044027629
      -2.058838616,       3.298113303,     -0.1561520329,      0.0603611662
      -2.026182253,       3.373380915,       -0.15634205,     0.06024895184
      -2.054079416,       3.316882238,     -0.1565675133,     0.06035521604
      -2.063333152,       3.294904391,     -0.1567890427,     0.06033122364
      -2.032780249,       3.366522351,      -0.157059669,     0.06039304978
      -2.056547576,       3.318153078,     -0.1573152323,     0.06034445096
      -2.067335818,       3.293132673,     -0.1575628582,     0.06019145982
      -2.044852275,       3.347592668,     -0.1578560452,     0.06020624044
      -2.064935172,       3.305072965,      -0.158156341,     0.06032811966
       -2.07277075,       3.286707761,     -0.1584626386,     0.06036760751
      -2.075446693,       3.284998551,     -0.1587664425,      0.0604149966
      -2.073281541,       3.290411539,     -0.1590925821,     0.06035533742
      -2.073803633,       3.292300191,     -0.1594263095,     0.06031742031
      -2.054465868,       3.341646228,     -0.1597538527,     0.06019648116
      -2.018332463,       3.418893215,       -0.16006706,      0.0600512025
      -2.004466208,       3.451496073,     -0.1603904134,     0.05986005983
      -1.991281068,        3.47078021,      -0.160709216,        0.05989746
      -2.004339409,       3.454035781,     -0.1610111866,     0.05996580714
      -2.006651389,       3.445763526,     -0.1613018012,     0.05999915848
      -2.009401867,       3.446108519,     -0.1615928239,     0.06000940005
      -2.009762174,       3.442454835,     -0.1618728575,     0.06015460792
      -2.013423096,        3.44042404,     -0.1621283611,     0.06033590804
      -1.993875602,       3.471681364,     -0.1623601509,     0.06058126903
      -2.007417145,       3.452653224,     -0.1625613362,      0.0607798418
      -1.998392631,       3.465024084,     -0.1627341271,     0.06108850917
      -2.004598778,        3.45796916,     -0.1628913328,     0.06145337974
      -1.995064192,       3.471151525,     -0.1630176173,     0.06183739718
      -2.002388117,       3.462463853,     -0.1631250119,     0.06222979843
      -1.996880025,       3.469347823,     -0.1631954818,      0.0626185885
      -2.001809753,       3.464366481,     -0.1632356535,      0.0631054245
      -1.994883787,       3.473653172,     -0.1632398055,     0.06380921558
      -2.000575777,       3.467632049,     -0.1632236514,     0.06458122701
      -1.994907706,       3.475199165,     -0.1631770118,     0.06549421628
      -1.999463775,        3.47090102,     -0.1630933492,     0.06663509464
      -1.993164686,       3.479400349,     -0.1629826955,     0.06796408551
      -1.997150816,       3.475855578,     -0.1628410855,     0.06944352563
      -1.992083969,       3.482398373,     -0.1626721365,     0.07110138169
      -1.995679621,       3.479267758,     -0.1624680103,     0.07288693841
      -1.992312292,       3.483262441,     -0.1622334643,     0.07475838665
       -1.99489655,       3.481479202,     -0.1619603819,     0.07663502781
      -1.989529441,       3.488549038,     -0.1616417411,      0.0785888655
      -1.993356488,       3.484703075,     -0.1613019258,     0.08072263896
      -1.991871614,       3.486171687,     -0.1609172295,     0.08272526539
      -1.989893912,       3.490778673,     -0.1604912268,     0.08474786622
      -1.982850412,       3.499647629,     -0.1600289879,     0.08664619733
      -1.991166221,       3.489647009,     -0.1595227578,     0.08840333341
       -1.99290295,       3.486532959,       -0.15896591,     0.09003632215
      -1.993621965,       3.486665239,     -0.1583636503,      0.0914274724
      -1.966853841,       3.522085175,      -0.157712049,     0.09266980674
      -1.986025656,       3.498395501,     -0.1570050247,     0.09374397524
      -1.999473773,       3.478854722,     -0.1562451858,     0.09475740482
      -1.997498985,        3.48194325,     -0.1554377382,     0.09556314795
      -1.962811956,       3.529127932,     -0.1545859433,     0.09621605402
      -1.986884364,       3.498527603,       -0.15368835,      0.0966453024
      -1.995802747,       3.486481598,     -0.1527385269,     0.09683099738
      -1.985814013,       3.500081958,     -0.1517416819,     0.09689020054
      -1.988976994,       3.497860871,     -0.1507122689,     0.09676912228
      -1.979300345,       3.510118531,     -0.1496537418,     0.09638139092
        -1.9869539,       3.501895039,     -0.1485702807,     0.09575406279
      -1.988459551,        3.49930687,     -0.1474408943,     0.09511295958
      -1.988050805,       3.501003444,     -0.1462809042,     0.09409439591
      -1.963761475,       3.532851879,     -0.1450948327,     0.09287715604
      -1.980272049,       3.513669664,     -0.1438959108,     0.09143277917
      -1.989009972,       3.500466526,     -0.1426943382,     0.08995883866
      -1.993266923,       3.496240804,     -0.1414988169,     0.08835847027
      -1.991845604,       3.498003445,     -0.1403079929,     0.08667753008
      -1.963755697,       3.535748201,     -0.1391173149,      0.0854490029
      -1.985606802,       3.508184601,     -0.1379452861,     0.08436652023
      -1.990903924,       3.501973746,     -0.1367952477,     0.08250612837
      -1.994671714,       3.497608645,     -0.1356766235,      0.0813211962
      -1.982840606,       3.514111651,     -0.1345440188,     0.07962655951
      -1.992125365,       3.502438318,     -0.1333978703,     0.07829961838
      -1.993227186,       3.501607268,     -0.1322475596,     0.07685817951
      -1.995318255,       3.500351671,      -0.131082473,     0.07561184409
      -1.995315634,       3.500493261,     -0.1298944981,     0.07399204523
      -2.001624377,       3.493641233,     -0.1286932602,      0.0724177105
      -1.998455264,       3.497883258,     -0.1274889298,     0.07098521238
      -1.989268412,       3.511043882,     -0.1262364154,     0.06985451074
      -1.999951209,       3.497554849,     -0.1249808643,     0.06987341873
      -2.007055467,       3.489005265,     -0.1236824359,     0.07054476518
      -1.991565864,       3.509710093,     -0.1223132381,     0.07172969566
      -2.001962054,        3.49737882,     -0.1208790921,     0.07301531725
      -2.005014744,         3.4947409,     -0.1193433029,     0.07374465976
      -2.007880633,       3.491498228,     -0.1177162089,     0.07448387519
      -2.007748008,        3.49194056,     -0.1159986078,     0.07616961539
      -2.003339181,       3.499662592,     -0.1141521247,     0.07773832308
      -2.003473124,       3.499340496,     -0.1121621618,     0.07919523276
      -2.006809589,       3.498128286,     -0.1099889069,      0.0807649401
      -1.995850786,       3.513286362,     -0.1076263498,     0.08221320772
      -1.993786778,       3.517891508,     -0.1050699832,     0.08349277221
      -1.979272277,       3.531253294,     -0.1023403299,     0.08476303049
      -2.005181781,       3.498999134,    -0.09940446837,      0.0857760655
      -2.013890786,        3.48754881,    -0.09624801534,     0.08661726733
       -2.01741329,       3.483142493,    -0.09288198755,     0.08739794334
      -2.008846564,       3.493570745,    -0.08926077788,     0.08797108254
      -2.018205702,       3.482652932,    -0.08541267683,     0.08825141924
      -2.018932201,       3.480640023,    -0.08132404439,     0.08849979447
      -2.016865327,       3.484558196,    -0.07699323094,     0.08849635549
      -2.021850179,       3.477934612,     -0.0723835245,     0.08831101426
      -2.026737079,        3.47329436,    -0.06750945436,     0.08782438235
      -2.027759105,       3.470350591,    -0.06235417183,     0.08719495288
      -2.027986447,        3.47344848,    -0.05694444426,     0.08624590583
      -2.028753406,       3.469926351,     -0.0512754072,     0.08510458024
      -2.026626313,       3.475294655,    -0.04537785466,     0.08368188699
      -2.026294819,       3.475209367,    -0.03923552178,     0.08211433761
      -2.022121897,       3.483442865,    -0.03283682739,     0.08036430707
      -2.029718722,       3.474137249,    -0.02620872869,     0.07855665318
      -2.018848626,       3.491340735,    -0.01934984459,     0.07656380672
      -2.025193864,       3.483678494,    -0.01224837805,     0.07445957329
      -2.009896472,        3.50652409,   -0.004914346377,     0.07221368874
      -2.017564606,       3.497787251,    0.002625112452,     0.06976978346
      -1.999539368,       3.522614515,     0.01034143543,     0.06719945315
      -1.989052589,       3.533409285,     0.01820953072,     0.06448352036
      -1.993186191,       3.531821482,     0.02623064028,     0.06157277351
      -2.006010667,       3.516511291,     0.03438804186,      0.0584294052
      -1.999648313,       3.524251666,     0.04265625499,     0.05502263914
      -2.005902879,       3.517102516,     0.05100710972,     0.05137575601
      -2.002777324,       3.519348936,     0.05940723944,     0.04734603008
      -1.991766957,       3.532316556,     0.06779858376,     0.04303398831
      -2.002833884,       3.518363449,     0.07614350887,     0.03849656119
      -1.997151789,       3.529183173,     0.08437915035,     0.03387801103
      -1.986512713,       3.543762863,     0.09251034711,     0.02913690666
      -1.985243972,       3.545601492,      0.1005117128,      0.0244435093
      -1.969164922,       3.564083211,      0.1083805466,     0.01981760854
      -1.975734908,       3.557941516,      0.1160895294,     0.01517013065
      -1.972044901,       3.560344655,      0.1236249708,     0.01053304539
      -1.966615425,       3.568120564,      0.1309503251,    0.005863235075
      -1.972350858,       3.558797401,      0.1380716171,    0.001194204003
      -1.967904859,         3.5670667,       0.144965542,   -0.003373836277
      -1.966925043,        3.56497137,       0.151552339,   -0.007771548782
      -1.992952014,       3.525619277,      0.1577827029,    -0.01214780067
      -1.979030006,       3.548828399,      0.1636272033,    -0.01673598855
       -1.94060934,       3.600030181,      0.1691335211,    -0.02133106024
      -1.985007495,       3.537079377,      0.1742776474,    -0.02605874824
      -2.016256395,       3.490553101,      0.1790848385,    -0.03076197958
      -1.991674786,       3.526774953,      0.1835435838,    -0.03551939757
      -1.931505499,       3.615224394,      0.1876681637,    -0.04027448878
      -1.986896041,       3.528405043,      0.1914717352,    -0.04497230388
      -2.014950303,       3.491071993,      0.1949373734,    -0.04960247503
      -2.016418174,       3.485313524,      0.1980740186,    -0.05389512059
      -1.995330126,       3.519272232,      0.2009039089,    -0.05801291732
       -2.01836807,       3.483985879,      0.2034187402,    -0.06216663127
      -2.027392778,       3.471546632,       0.205635368,    -0.06608056078
      -2.020763949,       3.476731952,       0.207566219,    -0.06977698177
      -2.025260457,       3.472995527,      0.2092438849,    -0.07316105733
      -1.933367205,       3.580123155,      0.2107087392,    -0.07649931965
      -1.917833784,       3.597882016,      0.2119743855,    -0.07975582557
      -1.872515658,       3.649149232,      0.2130537959,    -0.08268435952
      -1.860104054,       3.663588164,      0.2139665768,    -0.08552457574
       -1.89598066,       3.629054113,      0.2147245001,    -0.08812138814
      -1.758864363,       3.772474585,      0.2153577639,    -0.09057673865
      -1.791897295,       3.740230159,      0.2158851519,    -0.09281888104
      -1.813570572,        3.71608663,      0.2163176185,    -0.09488626349
       -1.81539572,       3.716651651,      0.2166687084,     -0.0967518093
      -1.792876001,       3.735844866,      0.2169512531,    -0.09846964292
       -1.84089934,       3.689178332,      0.2171704885,     -0.1000515229
      -1.833399498,       3.692079496,       0.217339592,     -0.1014363696
      -1.832124978,       3.695364481,      0.2174782759,      -0.102729628
      -1.848706005,       3.675520737,      0.2175843978,     -0.1039917019
      -1.850339095,       3.678355767,      0.2176642587,     -0.1051000624
      -1.896288944,       3.624823674,      0.2177207524,      -0.106208892
      -1.887701495,       3.637203524,      0.2177646061,     -0.1072750073
       -1.89324502,       3.628157633,       0.217790778,     -0.1082191313
      -1.906709382,       3.615265489,      0.2178123933,     -0.1091626367
      -1.954670956,       3.558577357,      0.2178368695,     -0.1099927094
      -1.949930304,       3.568134613,      0.2178721471,     -0.1107045056
      -1.924013559,       3.597603821,      0.2179311579,     -0.1114109898
      -1.944390559,          3.576602,       0.217997916,     -0.1121030598
      -1.987631679,       3.527294402,      0.2180913106,      -0.112699236
      -1.984036414,       3.534141818,      0.2182170792,     -0.1132133266
      -2.004274078,       3.510973139,      0.2183619136,      -0.113741123
      -2.017378087,       3.495970368,      0.2185230169,     -0.1142804895
       -1.88457029,       3.642429377,      0.2187087336,     -0.1147938528
      -1.812287391,       3.722574421,      0.2189216771,     -0.1152608798
      -1.837672607,       3.694482789,      0.2191566349,     -0.1157053561
      -1.901512358,       3.627114321,      0.2194223634,     -0.1161809965
       -1.93182489,       3.592800986,      0.2197165378,     -0.1166668115
      -1.969368528,       3.552296169,      0.2200402828,     -0.1172285544
      -1.987068978,       3.530810589,      0.2203888621,     -0.1178078173
      -2.003571128,       3.511886198,      0.2207562631,     -0.1184427616
      -1.923431699,       3.602358304,      0.2211459936,     -0.1190862458
      -2.004109738,       3.513162556,       0.221557804,     -0.1197729874
      -2.024003679,       3.490269003,      0.2219945283,     -0.1203848897
      -2.037361942,       3.475410052,      0.2224483564,     -0.1209696955
      -2.007906768,       3.509575462,      0.2228996146,      -0.121670816
      -2.042710506,       3.471230948,      0.2233510837,     -0.1224495663
      -2.050133361,       3.462458264,      0.2238121841,      -0.123230126
      -2.040916411,       3.473597205,      0.2242804855,     -0.1240284666
       -1.93781548,       3.592268348,      0.2247526992,     -0.1248276397
      -2.032578277,       3.483026578,      0.2252258672,     -0.1256223151
      -2.021974392,       3.494844386,      0.2256809048,     -0.1263094195
      -2.049285693,       3.465180696,      0.2261162387,     -0.1269719926
      -2.053919296,       3.459171948,      0.2265204688,     -0.1276074989
      -2.059162282,       3.454098482,      0.2269045289,     -0.1283406872
      -2.058354259,       3.454596431,      0.2272724441,     -0.1293650187
      -2.061944466,       3.451999694,      0.2276224229,     -0.1305146418
      -2.061152544,       3.452454392,      0.2279556143,     -0.1317090099
      -2.063658477,       3.451040897,      0.2282679014,     -0.1329898363
      -2.062581865,       3.452178578,      0.2285728666,     -0.1341665381
      -2.065459991,       3.450273125,      0.2288584596,      -0.135421738
      -2.064568808,          3.451427,      0.2291261193,      -0.136614765
      -2.067115867,       3.450029135,      0.2293741368,     -0.1378819796
      -2.066227157,       3.451070597,      0.2296203877,     -0.1391860383
      -2.068264089,       3.450666594,      0.2298485399,     -0.1405031452
      -2.066859694,       3.451911626,      0.2300604277,     -0.1417859769
      -2.069644613,       3.451000852,      0.2302383938,     -0.1429856247
      -2.067124547,       3.452895344,      0.2303816777,     -0.1442600288
      -2.070263601,       3.451760441,      0.2304842446,     -0.1453835093
      -2.067965364,         3.4530414,      0.2305567741,     -0.1465885528
      -2.070778955,       3.452624234,      0.2305787592,     -0.1477099607
      -2.068306468,        3.45437655,      0.2305463441,     -0.1486197505
      -2.073915273,       3.448849655,      0.2304441197,     -0.1495882891
      -2.069573372,       3.454136149,      0.2302849072,     -0.1505938796
      -2.073898763,       3.451067685,      0.2300446941,     -0.1516157049
      -2.076802724,       3.444730708,      0.2297473103,       -0.15270616
      -2.081785736,       3.439281211,      0.2293868219,     -0.1539401562
       -2.08010706,       3.441963665,      0.2289287279,     -0.1552682903
       -2.10915647,        3.39798311,      0.2283879602,     -0.1565145008
      -2.095201764,       3.420690056,      0.2277769507,     -0.1578029297
      -2.093966924,       3.416268363,      0.2270793393,      -0.158972881
      -2.198281175,       3.259738436,      0.2263104669,     -0.1601229941
      -2.190663514,       3.269929567,      0.2254395646,      -0.160929778
      -2.218199635,       3.227762252,      0.2244884588,     -0.1614899488
      -2.218064909,       3.228476756,      0.2234478098,     -0.1618644191
        -2.2274151,       3.217225721,      0.2223186866,     -0.1620769399
       -2.23061552,       3.212547681,       0.221081445,     -0.1619908138
      -2.229140396,       3.218574698,      0.2197801169,     -0.1621156069
      -2.233309618,       3.211503758,      0.2184080227,     -0.1620110524
       -2.21706975,       3.240699649,      0.2169459493,     -0.1619255347
      -2.180245564,       3.295214861,      0.2153658189,     -0.1616729326
       -2.19620598,       3.275379719,      0.2136601103,     -0.1611457227
      -2.205674746,       3.262149871,      0.2118576486,     -0.1604118486
      -2.198739382,       3.272784551,      0.2099550552,     -0.1595953974
      -2.197464103,       3.276186746,      0.2079542984,     -0.1587188756
       -2.18330499,       3.297768237,       0.205868177,     -0.1578452947
      -2.182776016,       3.299917579,      0.2036847476,     -0.1567300132
      -2.151418631,       3.343296102,      0.2014142031,     -0.1555067986
      -2.158697177,       3.334769973,      0.1990920334,      -0.154499807
      -1.998703747,       3.521716476,         0.1966892,     -0.1533048331
      -1.970784482,       3.549767387,       0.194222197,     -0.1521004707
      -1.871655721,       3.660091852,       0.191671883,     -0.1506460322
      -1.924173014,       3.604381234,      0.1890661768,     -0.1491099603
      -1.949873495,       3.576224986,       0.186402879,     -0.1475124532
       -1.81005835,       3.725468915,       0.183684031,     -0.1459543998
      -1.883664777,       3.648474552,      0.1808945184,     -0.1442247346
      -1.853068902,       3.687616776,       0.178048521,     -0.1423524648
        -1.8726604,       3.664660227,       0.175145979,     -0.1405575994
      -1.878579288,       3.655460842,      0.1721920724,     -0.1389167844
      -1.992352298,       3.537721798,      0.1691901919,     -0.1370866337
      -1.887317851,        3.65035027,       0.166133689,     -0.1350594132
      -1.860284007,       3.683587277,      0.1630345047,     -0.1329298353
       -1.95685002,       3.581361957,      0.1598889488,     -0.1309071807
      -2.009553389,       3.531847713,      0.1567023558,     -0.1290037362
      -1.992411517,       3.554086794,      0.1534673933,     -0.1270726901
       -2.00296099,       3.541326217,      0.1501820553,     -0.1250559936
      -2.001039214,       3.532642671,      0.1468530271,     -0.1231183884
      -2.005763759,       3.530608687,       0.143478577,     -0.1211523757
      -2.005796844,       3.539714199,      0.1400605649,     -0.1190513973
      -2.054582311,       3.488547744,      0.1366007011,     -0.1169357044
      -2.064103375,       3.474772856,      0.1331053443,     -0.1146628489
      -1.974578713,       3.568472569,      0.1295732698,     -0.1123815326
      -1.845263693,       3.700705848,      0.1260027168,     -0.1100460851
      -1.944781859,       3.599132156,      0.1223981061,     -0.1078900914
       -2.02110941,         3.5221443,      0.1187598408,     -0.1057952895
      -2.043991687,        3.49813359,      0.1150855522,     -0.1038269192
      -2.054879726,        3.48867554,      0.1113826917,     -0.1019892046
       -2.06850032,       3.473472403,      0.1076537571,     -0.1001615771
      -2.081702898,        3.46106767,       0.103906024,    -0.09846766155
      -2.080804946,       3.460618584,      0.1001242321,    -0.09672638236
       -2.08328506,       3.460334322,     0.09631604697,    -0.09500436373
      -2.082747335,       3.458965848,     0.09248869277,    -0.09360706392
      -2.084359489,       3.459970512,     0.08865076884,    -0.09239380516
      -2.083118217,       3.459032213,     0.08480159547,    -0.09117180455
       -2.08907876,       3.455357335,      0.0809293182,    -0.08978362263
      -2.085042479,       3.457334896,     0.07703897879,     -0.0884151475
      -2.089994161,       3.454865349,     0.07312371766,    -0.08709161243
      -2.083737873,       3.459607168,     0.06919890336,    -0.08565535652
      -2.089726788,       3.455712774,     0.06525223098,    -0.08414152878
      -2.088010256,       3.455762046,     0.06130334176,    -0.08263173607
      -2.091752178,       3.454307014,     0.05734694575,    -0.08106553284
      -2.088871026,       3.456201883,     0.05337278854,    -0.07924368115
      -2.089314623,       3.458163083,     0.04938620095,    -0.07737434391
      -2.088914758,       3.457685287,     0.04538740256,    -0.07548480572
      -2.091384143,       3.457389821,     0.04137882714,    -0.07338236675
      -2.092507224,       3.455821823,     0.03736255479,    -0.07145852919
      -2.096363046,       3.452534936,     0.03334681739,    -0.06956435781
      -2.098715853,       3.448572113,     0.02932560281,    -0.06793126813
       -2.09952422,       3.449873677,     0.02527883173,    -0.06616606903
      -2.104932384,       3.443159712,     0.02122085692,    -0.06448151258
      -2.104710857,       3.444880876,     0.01716408387,    -0.06257680307
      -2.108963785,       3.439969964,     0.01311469575,    -0.06063008162
      -2.107617119,       3.442590626,    0.009078247326,    -0.05891081335
       -2.10920105,       3.441048153,    0.005063485402,    -0.05724521387
      -2.110268717,       3.440728128,    0.001043820661,     -0.0555638386
      -2.115263387,       3.435739456,   -0.002963585531,    -0.05381683885
      -2.113765602,       3.438030186,   -0.006957874845,    -0.05198788682
      -2.117046528,       3.435053448,    -0.01092962921,    -0.05024840922
      -2.115938464,       3.436861946,    -0.01488110919,    -0.04835405409
      -2.119412182,       3.433584435,    -0.01881220287,    -0.04636875315
      -2.117399273,       3.436430281,    -0.02272216185,    -0.04429459704
      -2.121634526,       3.432161408,    -0.02660878672,    -0.04222921633
      -2.118167032,        3.43653899,    -0.03045931856,    -0.04042836574
      -2.123298862,       3.431205508,    -0.03427551285,    -0.03850897279
      -2.124061397,       3.431092823,    -0.03804838049,    -0.03659987431
      -2.126506311,       3.428432097,    -0.04178800733,    -0.03445541825
      -2.125082665,       3.430770968,    -0.04548685311,    -0.03240939971
      -2.124150061,       3.431600078,    -0.04913521797,    -0.03026500214
      -2.125973909,       3.430420663,    -0.05273701766,    -0.02794224615
      -2.130437315,       3.425239607,     -0.0562715165,    -0.02547654608
      -2.129262615,       3.427234818,    -0.05974862017,    -0.02289009049
      -2.130750046,       3.425145868,    -0.06316289901,    -0.02030703608
      -2.127293752,       3.429530216,    -0.06652120295,     -0.0176983078
      -2.130863116,       3.425071522,      -0.069815733,    -0.01510375529
      -2.130832279,       3.425830415,    -0.07305005096,    -0.01238689348
      -2.132180884,       3.423490419,    -0.07622015816,   -0.009600928434
       -2.13206845,        3.42422319,    -0.07932775632,   -0.006543925228
      -2.132307666,       3.422976704,     -0.0823563823,   -0.003442731194
      -2.132640566,       3.423143521,    -0.08530233976,  -0.0002803446934
      -2.134543448,       3.419994993,    -0.08816342339,    0.002886668026
      -2.134053096,       3.420964001,    -0.09094166753,    0.006016895507
      -2.131222569,       3.422932602,    -0.09362641698,    0.009318540702
      -2.133140675,       3.421152003,    -0.09620978058,     0.01288891489
       -2.13569712,       3.417099523,    -0.09869405143,     0.01645427177
      -2.135608191,        3.41744532,     -0.1010656872,     0.02012476074
      -2.136130829,        3.41556041,     -0.1033294235,     0.02391239075
      -2.135875039,       3.415998255,     -0.1054944224,     0.02783835508
       -2.13450677,       3.416249827,     -0.1075582343,     0.03171921495
      -2.135225423,        3.41543327,     -0.1095113617,     0.03566316934
      -2.134430283,        3.41492503,     -0.1113569307,     0.03973945846
      -2.134514702,       3.414804945,      -0.113093123,     0.04388013481
      -2.135978852,       3.411745911,     -0.1147208388,     0.04794926063
      -2.135405021,       3.412282356,     -0.1162362394,     0.05198323376
      -2.130829286,       3.416277918,     -0.1176362865,      0.0560122407
       -2.12970353,       3.417426995,     -0.1189244826,     0.06006965633
      -2.130891165,       3.414893346,     -0.1200992217,     0.06414324844
      -2.130849302,        3.41454453,     -0.1211544345,     0.06830715912
      -2.129096211,       3.415285811,     -0.1220922625,     0.07240199256
      -2.127778075,       3.416413704,     -0.1229040492,     0.07638297851
      -2.126199143,       3.416940353,     -0.1235831364,     0.08030318478
      -2.127851448,       3.414718745,     -0.1241327214,      0.0842810782
      -2.125113842,       3.416534385,     -0.1245746088,     0.08821582427
      -2.124488159,       3.416881593,     -0.1248934781,     0.09211118812
      -2.122733658,       3.417475084,     -0.1250889108,     0.09591569992
      -2.123993516,       3.415637285,      -0.125166195,      0.0995882091
      -2.120866184,        3.41781775,     -0.1251311148,      0.1030825674
      -2.118142272,        3.42058706,     -0.1249838223,      0.1063866985
      -2.118073591,        3.41916782,     -0.1247224945,       0.109499833
      -2.119943963,       3.416574148,     -0.1243205228,      0.1126123964
      -2.115550393,        3.42021899,     -0.1238234994,      0.1154180837
      -2.115469495,       3.420031851,     -0.1232145165,      0.1181005579
      -2.115054373,        3.41889658,      -0.122494527,      0.1205826786
      -2.114359633,       3.419385038,     -0.1216466898,      0.1229586231
      -2.107172803,       3.426500129,     -0.1207036754,      0.1251128913
      -2.110176396,       3.422752244,     -0.1196455768,      0.1272416995
      -2.107737979,       3.423998542,      -0.118496103,      0.1290876322
      -2.102698964,       3.429875317,     -0.1172361377,      0.1307664097
      -2.104023032,       3.427035259,     -0.1158808204,      0.1322632406
       -2.10549345,       3.424656974,     -0.1144367177,      0.1336377176
      -2.096091151,       3.434920156,     -0.1128953325,      0.1348018358
      -2.099994262,       3.429987204,     -0.1112574713,      0.1358879451
       -2.10103155,       3.427174158,     -0.1095413173,      0.1367628415
      -2.095644825,       3.433700689,      -0.107761135,      0.1375192087
      -2.095834151,       3.432440862,     -0.1059135416,      0.1381239599
      -2.096313885,       3.431378824,     -0.1039886555,      0.1385413744
        -2.0902027,       3.437793837,     -0.1019918369,      0.1388248624
      -2.093935571,       3.433313909,    -0.09993397709,      0.1389165802
      -2.094637661,       3.431220355,    -0.09781387633,      0.1388241003
      -2.080043251,       3.448278525,    -0.09562322387,      0.1385838619
      -2.087771982,       3.439037134,    -0.09339285625,      0.1382541829
      -2.090434801,       3.435433537,    -0.09112148941,      0.1377399062
      -2.075308655,       3.451464136,    -0.08882229106,      0.1372665879
      -2.085454198,       3.440709793,    -0.08649187024,      0.1367652968
       -2.08899186,       3.435779432,    -0.08414795876,      0.1363164499
      -2.083568719,       3.442262335,    -0.08178945392,      0.1358475731
      -2.047752955,       3.480766856,    -0.07941646246,      0.1353228861
      -2.076147673,       3.450890255,     -0.0770335555,      0.1347130407
      -2.085468366,       3.439478464,    -0.07463778643,      0.1339708313
      -2.080823124,       3.444404557,    -0.07223313805,      0.1332340222
      -2.047399606,       3.481190711,    -0.06982078507,      0.1324974305
      -2.072929154,       3.453733941,    -0.06741040424,      0.1317130121
      -2.081960865,       3.443503774,    -0.06499883107,      0.1308647322
       -2.07847447,       3.446431601,     -0.0625920308,      0.1299131489
      -2.034318589,       3.496254313,    -0.06019141342,      0.1288471022
      -2.065618142,       3.462217744,    -0.05779718485,      0.1277390959
      -2.078520552,       3.447682345,    -0.05542313121,      0.1266789044
      -2.078073068,       3.446586538,    -0.05306425825,      0.1257019779
      -2.029256933,       3.503118177,    -0.05074836498,      0.1247358258
      -2.060647502,       3.468490988,     -0.0484666712,       0.123717473
      -2.068999896,       3.460217665,    -0.04624214754,      0.1226692119
      -2.070581732,       3.456618537,    -0.04403622354,      0.1215875911
      -2.027776921,       3.506104296,    -0.04189142187,      0.1204216839
      -2.055319423,       3.475646218,    -0.03979135617,      0.1191986736
      -2.064335757,       3.466582996,    -0.03776375379,      0.1179536671
      -2.061101041,       3.469377327,     -0.0357411197,      0.1168046382
      -2.052939941,       3.480923863,    -0.03376494582,      0.1157254932
      -2.022394883,       3.513237864,    -0.03184174013,      0.1146349304
      -2.042657182,       3.493797831,    -0.02999440429,      0.1134365945
      -2.052397814,        3.48072014,    -0.02821364895,      0.1121461908
      -2.024122536,       3.512499602,    -0.02646226659,      0.1109949377
      -2.039815274,       3.496031835,    -0.02477123954,      0.1097991899
      -2.049181084,       3.486200987,      -0.023157727,      0.1085550511
      -2.052266239,       3.481871137,    -0.02158452617,      0.1074121245
      -2.001483479,       3.538964351,    -0.02007343041,      0.1062851665
      -2.033371234,       3.504606508,    -0.01861433528,      0.1053410833
      -2.041349299,       3.496585196,     -0.0172058251,      0.1043829006
       -2.04023162,       3.497112369,    -0.01584797917,      0.1034872907
      -1.999843088,       3.541681571,    -0.01456704531,      0.1024879599
      -2.028287942,       3.511203294,    -0.01334813242,      0.1013366181
      -2.034419357,       3.505649862,    -0.01217096041,       0.100383613
      -2.033601528,       3.505605659,    -0.01104865048,     0.09942369317
      -1.993319736,       3.549808016,   -0.009989271411,     0.09838611716
      -2.022052346,       3.518909643,    -0.00896774691,     0.09750442139
      -2.031613112,       3.509491216,   -0.008032596946,        0.09648062
       -2.02862635,       3.511707156,   -0.007160625483,     0.09543278694
      -1.995569609,       3.547631491,      -0.006340178,      0.0944665276
      -2.022748453,       3.518299275,   -0.005568124058,     0.09359821841
      -2.030219902,       3.511422743,   -0.004833520217,     0.09291179085
      -2.027886664,       3.512761283,   -0.004165350552,     0.09215155794
      -1.994862887,       3.548714279,   -0.003537476735,     0.09155289408
      -2.020452591,       3.520994043,   -0.002994538715,     0.09084520797
      -2.023678323,       3.519124055,   -0.002494558024,     0.09016202678
      -2.025087765,       3.515902293,   -0.002046507446,     0.08936254039
      -1.992587664,        3.55141749,   -0.001653954423,     0.08871680165
       -2.01782435,       3.523909465,   -0.001267801663,     0.08802592534
      -2.023755234,       3.519031805,  -0.0009587774212,     0.08740330549
      -2.021107832,       3.520313409,  -0.0006969926257,     0.08679312489
      -1.988933669,       3.555407783,  -0.0004841588651,     0.08631947847
      -2.015624782,       3.526257914,  -0.0003305647859,     0.08597262897
       -2.02082332,       3.521862002,  -0.0002069484621,     0.08565808596
      -2.018959651,       3.522479825,  -0.0001470950937,     0.08532007386
      -1.983827495,       3.560730568,  -0.0001170959243,        0.08471386
      -2.010266864,         3.5320537,  -0.0001551687989,     0.08412530034
      -2.018643765,        3.52349484,  -0.0002301946303,     0.08339108909
      -2.010241783,       3.531871115,  -0.0003376747705,     0.08293935083
      -1.983100431,       3.560814882,  -0.0004994770119,      0.0823755556
      -2.007550469,       3.534415901,  -0.0006910150961,     0.08199610999
      -2.014151563,       3.527835536,  -0.0009611993127,     0.08161971945
      -2.007966964,        3.53385903,   -0.001240505435,     0.08134936629
      -1.978793486,       3.564997981,   -0.001584646979,      0.0811440824
      -2.002428455,       3.539430258,   -0.001973820274,     0.08074130643
      -2.009831182,       3.532020299,    -0.00239956667,     0.08046293956
      -2.006324092,       3.534544918,   -0.002861806114,     0.08017748127
       -1.97639733,       3.566977548,   -0.003378121486,     0.08009838635
      -1.998760124,       3.542713597,   -0.003942560163,     0.08007520782
      -2.002187348,       3.540057303,   -0.004515279163,     0.07998758221
      -1.999136655,       3.541911627,   -0.005129111405,     0.08001065394
      -1.970602025,       3.572821038,   -0.005786875568,     0.08001280096
      -1.994273074,       3.546969934,   -0.006462292881,     0.07995000543
      -1.998905752,       3.542693809,   -0.007158491009,     0.07998731822
      -1.996397122,       3.544122659,   -0.007884296936,     0.08027950332
      -1.964679161,       3.578974354,   -0.008620002546,     0.08053845531
      -1.989011485,       3.552172988,   -0.009382907635,     0.08080840599
      -1.994538512,        3.54658044,    -0.01016806116,     0.08120539782
      -1.992191378,       3.548163921,    -0.01095622138,      0.0814733157
       -1.96922758,        3.57293883,     -0.0117625298,     0.08186652183
      -1.989648938,       3.550592016,    -0.01258165721,     0.08226379336
      -1.990067364,       3.550866728,    -0.01338544579,     0.08274049313
      -1.991778926,       3.547881017,    -0.01420064609,     0.08333433527
      -1.960908392,       3.581066144,    -0.01501459492,     0.08390727427
      -1.986225031,       3.553936621,     -0.0158287388,     0.08448170608
      -1.990359375,       3.549359317,    -0.01664802034,     0.08511106762
      -1.991291603,       3.547848371,    -0.01747335227,     0.08587100632
      -1.977811206,       3.562415479,    -0.01828645008,      0.0865531273
      -1.986943947,       3.552762986,    -0.01909598433,     0.08732800173
      -1.986859336,       3.552683076,    -0.01988542061,     0.08805572822
       -1.98962691,       3.549898856,    -0.02066647383,     0.08878968169
      -1.988550083,       3.550279075,     -0.0214446969,     0.08953096459
      -1.954418011,       3.587790741,    -0.02221284457,     0.09037436035
      -1.980623221,       3.559402978,    -0.02298387514,     0.09132194925
      -1.991988119,       3.545485048,    -0.02372190658,     0.09236355157
      -1.990725595,       3.546517545,    -0.02445006851,     0.09354193343
      -1.956921304,       3.583392364,    -0.02515841555,     0.09482475848
       -1.98549907,       3.551480675,    -0.02584472837,     0.09614838395
      -1.998019686,       3.535426137,    -0.02651498529,     0.09754546375
      -1.997168891,       3.536176967,     -0.0271646802,     0.09903012821
      -1.989857706,       3.545945805,    -0.02780471206,      0.1004703063
        -1.9859974,       3.552487521,    -0.02840505005,      0.1019387418
      -1.994607179,        3.54200112,    -0.02898445608,      0.1034342493
      -1.963002264,       3.575205492,    -0.02953544237,      0.1050989261
      -1.986522557,       3.551657792,    -0.03006414419,      0.1067586366
      -1.986561301,       3.551560725,    -0.03056518832,      0.1082744353
      -1.990743784,       3.545999064,    -0.03102343777,      0.1098385292
       -1.97929959,       3.557019492,    -0.03145031722,      0.1114109063
      -1.991813957,       3.542382843,    -0.03183617006,      0.1129747687
      -1.990204794,       3.543826314,    -0.03218378786,        0.11451609
      -1.993772041,       3.539872526,    -0.03249618967,      0.1160697443
      -1.988037608,       3.545450857,    -0.03277027946,      0.1174697574
      -1.995144751,       3.535867985,    -0.03300373867,      0.1189255232
      -1.990983745,       3.540047067,    -0.03318395183,      0.1203264076
      -1.953717945,         3.5818648,    -0.03331318118,      0.1216581861
      -1.981061811,       3.551522866,    -0.03339575254,      0.1228899284
      -1.993835892,       3.534018521,    -0.03343506657,      0.1239490557
      -1.990555541,       3.536917254,    -0.03343269793,      0.1250087142
      -1.985734747,        3.54309216,    -0.03338540901,      0.1259085388
      -1.985665205,       3.542215581,    -0.03329750704,      0.1267313012
      -1.995608601,       3.528300703,    -0.03316522675,       0.127459792
      -1.940245995,        3.58889518,    -0.03298966204,      0.1280586323
       -1.94256518,       3.586241314,    -0.03276520846,      0.1284535112
      -1.889635302,       3.641622502,    -0.03249191898,      0.1287228122
      -1.841223471,       3.691516927,    -0.03217365769,      0.1288710849
      -1.864715352,        3.66955623,    -0.03181197929,      0.1288532987
      -1.814588465,       3.718469525,    -0.03140091464,      0.1286907067
      -1.813020542,       3.722199072,    -0.03094861974,      0.1284243532
      -1.896436723,       3.632098066,    -0.03045257215,      0.1280529682
      -1.896872229,       3.633762928,    -0.02991682036,      0.1275427201
      -1.876177949,       3.649245207,    -0.02934703134,      0.1269099069
      -1.835727623,       3.699277354,    -0.02873495211,      0.1261320753
      -1.824025418,       3.710028441,    -0.02808990135,       0.125273131
      -1.764676961,       3.774685952,    -0.02740890214,      0.1241970816
      -1.816334563,       3.719693509,     -0.0266922315,       0.122988174
      -1.834294725,       3.702227607,    -0.02593886423,      0.1216980313
      -1.816519448,       3.719598519,     -0.0251564528,      0.1203818356
      -1.878347375,       3.653370734,    -0.02434248221,      0.1189097095
      -1.888222323,       3.643187603,    -0.02349370111,      0.1173728101
      -1.896960669,       3.630366297,    -0.02260860218,      0.1157394469
       -1.91379481,       3.614379863,    -0.02169488276,       0.114033045
       -1.88150923,       3.650962962,    -0.02075488566,      0.1122250674
      -1.951195035,       3.577620579,    -0.01979059691,      0.1103562326
      -1.956678525,       3.570489858,    -0.01880538419,      0.1084248545
      -1.887936666,       3.644962877,    -0.01780562098,      0.1063326533
      -1.971041437,        3.55867977,    -0.01678242233,      0.1041746392
        -1.9993245,       3.528026792,    -0.01574012614,      0.1020407266
      -2.009456017,       3.518626699,    -0.01468009662,      0.0998538745
      -1.994836992,       3.538985348,    -0.01360381232,     0.09761824043
      -1.895695646,       3.644968627,    -0.01251354175,     0.09531138319
      -1.855018526,        3.68860034,    -0.01140657641,     0.09308597298
      -1.889413079,       3.651677604,    -0.01029087798,      0.0907679987
      -1.882077329,       3.659705284,   -0.009167859326,     0.08837806111
      -1.920412231,       3.621701188,   -0.008031305639,     0.08597194393
       -1.98835276,       3.554475926,   -0.006885147949,     0.08347973321
      -1.942646347,       3.600516525,   -0.005727980978,     0.08092623044
      -2.013654709,       3.531535491,    -0.00455890616,      0.0784032487
      -1.895560993,       3.647723135,   -0.003374772843,     0.07591370197
      -1.920230211,       3.623745892,   -0.002178020459,     0.07345061454
      -2.034037585,       3.511241745,  -0.0009682190613,     0.07096103148
      -1.951908662,        3.59283914,    0.000250198921,     0.06844888834
       -1.94304911,        3.60116118,    0.001483308822,     0.06584686738
       -1.90786002,       3.645849675,     0.00272292457,     0.06320853808
      -2.018184723,        3.53069179,    0.003968210655,      0.0605459605
      -2.052456436,       3.489335478,    0.005211728773,     0.05784456652
      -1.890948548,       3.667053888,    0.006453354176,     0.05514328267
      -1.934060197,       3.617921999,    0.007696034354,     0.05253207443
      -1.998887896,        3.54247007,    0.008926065918,     0.05007686055
      -1.855109822,       3.701827895,     0.01015495888,     0.04752513334
      -1.902180829,       3.649870526,     0.01137054503,     0.04510689113
      -2.018541429,       3.521961351,     0.01257556942,     0.04264352832
       -1.97281902,       3.583239864,     0.01378526532,     0.04028668358
      -2.032805177,       3.523649319,     0.01497992679,     0.03790055409
      -2.112838714,       3.429377373,     0.01617786987,     0.03557986071
      -2.014300152,       3.550063158,     0.01736245849,     0.03313937797
      -2.089234221,       3.464468669,     0.01852575909,     0.03066919275
      -2.042370488,       3.496093297,     0.01967229438,     0.02826779017
      -2.030203406,       3.529954643,     0.02080312667,      0.0256610283
      -2.081370198,       3.475720022,     0.02192173116,     0.02309376829
      -2.154095358,       3.386153488,     0.02303026015,     0.02074887764
      -2.028204954,       3.538544279,     0.02414078101,     0.01844983442
      -2.117541854,       3.435659519,     0.02524029673,     0.01606325365
      -2.123681286,       3.430028366,     0.02631732306,      0.0137294021
      -2.120045629,       3.431118142,     0.02737257224,      0.0115799714
      -2.049410956,        3.51349905,     0.02840489589,    0.009580103104
        -2.1088931,       3.448121847,     0.02941804628,    0.007541365961
      -2.136571073,       3.413888595,     0.03042208899,    0.005612647797
      -2.142129354,        3.40964329,      0.0314215624,    0.003661738047
      -2.054277933,       3.508657283,     0.03240013392,    0.001812212963
      -2.114523174,       3.442022703,     0.03336455587,   0.0002996839289
      -2.148003195,       3.403791402,     0.03432662915,   -0.001296402831
      -2.134665767,       3.418793237,     0.03528532831,   -0.002945233155
      -2.084109076,       3.475072094,     0.03623397009,   -0.004543084005
      -2.119217057,       3.436875127,     0.03717467517,   -0.006050443069
      -2.153386171,       3.395480578,     0.03812003058,   -0.007724410592
      -2.148902597,        3.40166524,     0.03905889795,   -0.009414946127
      -2.059869223,       3.502714678,     0.03998922321,     -0.0110043867
      -2.125476111,       3.429789049,     0.04092743579,    -0.01280472042
      -2.160286225,        3.38977179,     0.04186259159,    -0.01474270096
      -2.142868248,       3.408993714,     0.04279473719,    -0.01656604827
      -2.092069905,       3.466284415,     0.04374301136,    -0.01831141869
      -2.127410635,       3.427139102,     0.04470333115,    -0.02020582668
      -2.171881505,       3.374918294,     0.04567683063,    -0.02214004883
      -2.151740501,       3.397616657,     0.04664670266,    -0.02392974587
      -2.070399814,       3.489758059,     0.04761553733,    -0.02575888519
      -2.128010124,       3.426014961,     0.04859411727,    -0.02765163474
      -2.175634608,       3.369454737,     0.04959449123,    -0.02948201568
      -2.154150284,       3.393944664,     0.05061312339,    -0.03132809585
      -2.072054658,       3.487490096,     0.05163479642,    -0.03329934071
      -2.130123104,       3.422937205,     0.05267989918,    -0.03530494005
      -2.178860596,       3.364952516,     0.05373735531,    -0.03740381491
      -2.155883136,       3.391277657,     0.05481388983,    -0.03946288293
      -2.076355166,       3.482420891,     0.05591191908,     -0.0415198232
      -2.132408703,       3.419869674,     0.05700502561,    -0.04358420331
        -2.1816718,       3.360837092,     0.05811477383,    -0.04564498697
       -2.15917119,       3.386928061,     0.05925052634,    -0.04769928158
      -2.075968418,       3.482603334,     0.06041945281,    -0.04989899223
      -2.134804513,       3.416882389,     0.06159907327,    -0.05192745038
      -2.184628741,       3.356979455,     0.06278426778,    -0.05400588759
      -2.161997774,       3.383390957,     0.06399153892,    -0.05606966932
      -2.079232334,       3.478811415,     0.06521042033,    -0.05815419082
      -2.139263077,       3.411652264,     0.06644257027,    -0.06015693033
      -2.187941093,       3.353043045,     0.06768079694,    -0.06211761106
      -2.166794875,       3.377877009,     0.06893646283,    -0.06402764665
       -2.08486042,       3.472483477,     0.07020808564,    -0.06602835578
      -2.142374453,       3.408119937,      0.0714912924,    -0.06807474179
      -2.190272142,        3.35066448,     0.07278844012,    -0.07015059974
       -2.16733432,       3.377512368,     0.07409653522,    -0.07219848504
       -2.09655505,       3.459348329,      0.0754199046,    -0.07426095872
      -2.145823693,       3.404093084,     0.07676154831,    -0.07635341292
      -2.191046636,       3.349934346,      0.0781184377,    -0.07844608846
      -2.167883285,       3.377027981,     0.07947908448,    -0.08058108254
      -2.106085759,       3.448512911,     0.08084841323,    -0.08277763948
      -2.148632632,       3.400664472,     0.08221813019,    -0.08504749227
      -2.191151055,       3.350150895,     0.08358881466,    -0.08703652691
      -2.169604929,       3.375149294,     0.08496479965,    -0.08897847475
      -2.119646095,       3.433503803,     0.08634791236,    -0.09087078169
      -2.153380346,       3.395102114,     0.08772498213,    -0.09274991902
      -2.185795672,       3.356637233,     0.08909583501,    -0.09454922582
      -2.169002058,       3.376021917,     0.09046495853,     -0.0962862556
       -2.13318289,        3.41846472,     0.09183582987,    -0.09788208014
      -2.159290093,       3.388344755,     0.09321087149,    -0.09955820435
      -2.186310311,       3.356877224,     0.09457606889,     -0.1011063013
       -2.17191363,       3.373185724,     0.09593956981,     -0.1027036019
      -2.146794961,       3.403478312,      0.0972921118,     -0.1043144071
      -2.164319166,       3.382807168,     0.09862414887,     -0.1058834251
      -2.182904399,       3.361661456,     0.09993650049,     -0.1073180501
      -2.173164915,        3.37242392,      0.1012314556,     -0.1087140236
      -2.158641945,       3.390580401,      0.1025098553,     -0.1101177986
      -2.168921753,       3.378067384,      0.1037651973,     -0.1114839687
      -2.179188545,       3.366963247,       0.104995645,     -0.1127867224
       -2.17054142,         3.3761672,      0.1062076886,     -0.1140757912
      -2.166303814,       3.382567822,      0.1074011855,      -0.115464523
      -2.174079123,       3.373076951,      0.1085668075,     -0.1168692682
      -2.178152665,       3.369399439,      0.1097048825,     -0.1182178637
      -2.176296406,       3.370883578,      0.1108203142,     -0.1195579037
      -2.175856766,       3.373031665,      0.1119046044,     -0.1208128596
      -2.178153388,       3.369670872,      0.1129525081,     -0.1220126957
      -2.177721319,        3.37138123,      0.1139686427,     -0.1231507367
      -2.179331186,       3.368895018,      0.1149499849,     -0.1241639682
      -2.182006235,       3.367642691,      0.1158983842,     -0.1251240646
         -2.180401,       3.368593061,      0.1168107131,     -0.1260119331
      -2.184271516,       3.365885143,      0.1176908029,     -0.1268598172
      -2.185949475,       3.363350551,      0.1185377005,     -0.1276010061
      -2.187274218,       3.363554917,      0.1193434979,     -0.1282421243
       -2.18775276,       3.362298035,      0.1201060186,     -0.1287774737
      -2.189756097,       3.361826702,      0.1208217413,     -0.1292767248
      -2.186315432,        3.36480554,       0.121488129,     -0.1297539124
      -2.189280786,       3.363287004,      0.1221005562,     -0.1301434873
       -2.19226734,       3.359426815,       0.122666217,     -0.1305466785
      -2.193361345,       3.359916763,      0.1231790137,     -0.1308557787
      -2.193335255,        3.35932093,      0.1236361508,     -0.1310798407
      -2.194683652,       3.359533334,       0.124034734,     -0.1311822826
      -2.194559031,       3.359025651,      0.1243722247,     -0.1312324343
       -2.19885534,       3.356162008,      0.1246486805,     -0.1312400529
      -2.198367545,       3.356069244,      0.1248661654,     -0.1312057528
      -2.193425329,       3.362949646,      0.1250257405,     -0.1311863734
      -2.196902412,       3.358634308,      0.1251238605,     -0.1310804595
      -2.202132794,       3.355029611,      0.1251603745,     -0.1308759727
       -2.19928448,       3.357113816,      0.1251355085,     -0.1306125331
      -2.203644239,       3.354456199,      0.1250529789,     -0.1303249877
      -2.206718408,       3.350451898,      0.1249155603,     -0.1300196769
      -2.206719555,       3.352085249,       0.124723089,     -0.1297078478
      -2.210522417,        3.34725254,      0.1244720391,      -0.129344807
      -2.208221685,       3.351192163,      0.1241709178,     -0.1289567973
      -2.215936406,       3.342297853,      0.1238117594,     -0.1285116483
      -2.218344552,       3.341379627,      0.1233943716,     -0.1280480534
      -2.218709617,       3.339879261,       0.122909777,     -0.1275147196
      -2.220194195,       3.339917735,      0.1223630244,      -0.126954061
      -2.229756806,       3.329228369,      0.1217615679,     -0.1264081006
      -2.220329302,       3.339992787,      0.1211006534,     -0.1259143547
      -2.232963144,       3.326340273,      0.1203790203,     -0.1254322123
      -2.234027658,       3.326436613,      0.1195921076,     -0.1249634924
      -2.234597728,       3.324848015,      0.1187352479,     -0.1244348229
      -2.237101224,       3.323489766,       0.117804797,     -0.1238704192
      -2.246079737,       3.313637202,      0.1168106748,     -0.1232662806
      -2.231711297,       3.329130085,      0.1157533594,     -0.1226516802
      -2.247435575,       3.312382474,      0.1146349265,     -0.1220717622
      -2.249576717,       3.311213389,      0.1134485866,     -0.1215095159
      -2.253838417,       3.305856206,      0.1121969541,      -0.120896783
      -2.254401546,       3.306415675,      0.1108719632,     -0.1202729038
      -2.243737629,       3.316351659,      0.1094821641,     -0.1197325414
       -2.25504039,       3.305697171,      0.1080234599,     -0.1192097068
      -2.265002524,       3.294595096,       0.106498341,     -0.1186920958
      -2.262797879,        3.29784968,      0.1049003775,     -0.1181779157
       -2.26962572,       3.289691703,      0.1032409097,     -0.1176332225
      -2.269123568,       3.291363452,      0.1015060452,     -0.1170287655
      -2.260402344,       3.299230638,     0.09971120035,     -0.1164599687
      -2.270103777,       3.290171188,     0.09785553217,     -0.1159165717
      -2.279697649,       3.279240518,     0.09594184577,     -0.1153986436
      -2.273960051,       3.286406441,     0.09396372731,     -0.1148558638
      -2.285413666,       3.273145241,     0.09193012514,     -0.1143910417
      -2.263101741,       3.297311565,     0.08982126621,     -0.1138177736
      -2.271227733,       3.285505144,     0.08763567271,     -0.1131628652
      -2.285368535,       3.274162402,     0.08537631922,     -0.1124676529
      -2.304339241,       3.252071576,     0.08304690573,        -0.1117124
      -2.278937522,       3.280533617,     0.08065563272,       -0.11093341
       -2.24262581,       3.310957047,     0.07819483924,     -0.1101629756
      -2.289623057,        3.26899673,     0.07567207422,     -0.1094036179
      -2.298503674,       3.256875079,     0.07307509621,      -0.108540478
      -2.302749001,       3.253445056,     0.07042382295,     -0.1077538312
      -2.237776449,       3.314071811,     0.06771879456,     -0.1069733124
      -2.298295806,       3.258726762,     0.06494546847,      -0.106145051
      -2.318620506,       3.235596893,     0.06213021588,     -0.1053364459
      -2.320854591,       3.233328461,     0.05927898782,     -0.1045266997
       -2.21675438,        3.33439225,     0.05639008725,     -0.1037020754
      -2.290527271,       3.266889456,     0.05346155051,     -0.1029201279
      -2.332823573,       3.218829721,     0.05049121039,     -0.1022000218
      -2.331395028,       3.221390586,     0.04748138762,     -0.1014191354
      -2.295468772,        3.26273165,     0.04442337872,      -0.100556101
      -2.307401853,        3.24930769,     0.04132485307,    -0.09966652197
      -2.317081911,       3.240923604,     0.03819539007,    -0.09870078034
      -2.328949788,       3.228182714,     0.03503486876,    -0.09766575923
      -2.296370783,       3.263132558,     0.03184571868,     -0.0966578015
      -2.309425111,       3.248634165,     0.02862994707,    -0.09563950604
      -2.326964837,       3.230461437,     0.02538659345,     -0.0946658853
      -2.337644333,       3.220324864,     0.02211403381,    -0.09374407003
      -2.196733826,       3.355970546,     0.01882998374,     -0.0928010305
      -2.305404066,       3.253656813,      0.0155237399,    -0.09198269224
      -2.365407629,       3.183115231,      0.0122101783,    -0.09104122934
      -2.347837413,       3.205698903,    0.008882222838,    -0.09012130315
      -2.361632075,       3.190759124,    0.005555689802,    -0.08917462666
      -2.377967217,       3.170088412,    0.002222757638,    -0.08821304988
      -2.350523855,       3.204781586,   -0.001120829077,    -0.08718549899
      -2.372238957,       3.179691637,     -0.0044654714,    -0.08604364098
      -2.373586177,       3.180679913,   -0.007803449856,    -0.08489249945
      -2.357991651,       3.199283336,    -0.01114133347,    -0.08381557671
      -2.318266994,       3.236043382,    -0.01447703397,    -0.08272934216
      -2.362846455,       3.193704662,     -0.0178204465,    -0.08173438493
      -2.364304972,         3.1931087,     -0.0211512518,    -0.08060386985
      -2.368350136,       3.188858638,    -0.02447202707,    -0.07930913894
      -2.362061957,       3.195630523,    -0.02777891491,    -0.07802104698
      -2.372092559,       3.186556158,    -0.03107177989,    -0.07674037118
      -2.353403795,       3.208953806,    -0.03434376875,    -0.07560799709
      -2.345752107,       3.218085823,    -0.03759371884,    -0.07442082652
      -2.348093431,       3.215814931,    -0.04082938297,    -0.07322707539
      -2.358636549,       3.204921388,    -0.04404837418,    -0.07203186422
       -2.31386011,       3.252228885,    -0.04724005184,    -0.07095345458
       -2.33999592,       3.225011077,    -0.05038011401,    -0.06991967244
      -2.304858877,       3.256366492,    -0.05347672658,    -0.06892277691
       -2.32679343,       3.240040203,    -0.05654388997,    -0.06792023257
      -2.317322597,       3.250581171,    -0.05956449953,    -0.06706934616
       -2.33519351,       3.232360565,    -0.06254858309,    -0.06624319511
      -2.338072513,       3.231064682,    -0.06549238857,    -0.06548512479
      -2.350380621,       3.216540537,    -0.06838478742,    -0.06479240735
      -2.346652003,        3.22270011,    -0.07123648718,    -0.06421655073
      -2.345417523,       3.222540887,    -0.07405469843,    -0.06365631889
      -2.332190375,       3.238878771,    -0.07681469567,    -0.06322673302
      -2.349652713,       3.218623175,    -0.07951808795,    -0.06282341487
      -2.354337653,       3.216951144,    -0.08216008439,    -0.06248492254
      -2.354532658,       3.213979084,    -0.08473355798,    -0.06205754012
      -2.352525181,        3.21910328,    -0.08723850544,    -0.06172051994
      -2.336664496,       3.232440025,    -0.08968460002,    -0.06139292906
      -2.342843584,       3.230785831,     -0.0920655259,    -0.06104220632
      -2.358466578,       3.210482904,    -0.09437800589,     -0.0607594406
       -2.36305043,       3.209305334,    -0.09662159635,    -0.06050381541
      -2.367118037,       3.201297863,    -0.09880064816,    -0.06024781077
      -2.351121144,       3.222295594,     -0.1009041463,    -0.05997949933
      -2.368456204,       3.200153997,     -0.1029386811,     -0.0598097405
      -2.369558283,       3.205017839,     -0.1048974921,    -0.05971551311
      -2.378883279,       3.189726468,     -0.1067844189,    -0.05964639959
      -2.376212117,       3.199661945,     -0.1085788138,    -0.05957448656
      -2.374005984,       3.195583407,      -0.110299575,    -0.05948245007
      -2.366395964,       3.210736528,     -0.1119456675,    -0.05947629959
      -2.356904583,       3.216761858,     -0.1135207001,     -0.0595344176
      -2.338118227,       3.249768635,      -0.114987577,    -0.05971186278
      -2.315794842,       3.273945395,     -0.1163690268,    -0.05989143929
      -2.308140089,       3.289489174,      -0.117664524,     -0.0599886208
       -2.28088762,       3.312235199,     -0.1188735738,    -0.06007205796
      -2.312976972,       3.277235415,     -0.1200099928,    -0.06009974578
      -2.303844905,       3.285865124,     -0.1210734782,    -0.06017227385
       -2.28452376,       3.312848905,     -0.1220601452,    -0.06028202825
      -2.241816778,       3.352251755,     -0.1229660172,    -0.06052589191
      -2.276631438,       3.317558892,     -0.1237982436,     -0.0607620214
      -2.258793989,       3.336706514,     -0.1245607947,    -0.06103622133
        -2.2649105,        3.33065277,     -0.1252534903,    -0.06127057526
      -2.249537886,       3.347364918,     -0.1258675695,    -0.06153903076
      -2.268399129,       3.326256986,     -0.1264065611,    -0.06179265745
      -2.251521964,       3.345381647,     -0.1268836328,    -0.06204651566
      -2.242077307,       3.353343018,     -0.1272894667,    -0.06231719952
      -2.231615233,        3.36651596,     -0.1276331114,    -0.06253820354
      -2.241381724,       3.355474402,     -0.1279036722,    -0.06279442301
      -2.234471249,       3.364429468,     -0.1281124708,    -0.06306029962
      -2.229782567,       3.368490851,     -0.1282632183,    -0.06338770148
      -2.221732388,       3.377481382,     -0.1283460375,    -0.06379429235
      -2.215690048,       3.383054136,     -0.1283730959,    -0.06415371024
      -2.188418357,       3.408540006,     -0.1283463632,    -0.06457299211
      -2.201259824,        3.39865239,     -0.1282691317,    -0.06497675391
      -2.195794037,       3.402535047,     -0.1281437961,    -0.06538119256
      -2.194236661,       3.406887767,     -0.1279691053,    -0.06580295289
      -2.181000749,       3.416818443,     -0.1277482502,    -0.06618136917
      -2.182334753,       3.420252974,     -0.1274866238,    -0.06649883012
      -2.168788857,       3.428978858,     -0.1271818828,     -0.0666887644
      -2.163604578,       3.438950184,      -0.126836484,    -0.06685907401
      -2.148928228,       3.448132605,     -0.1264552187,    -0.06696897567
      -2.157858577,       3.446053468,     -0.1260404553,    -0.06702239177
      -2.143394115,       3.454271275,     -0.1255974678,     -0.0670077471
      -2.138945797,       3.463757041,     -0.1251216115,    -0.06698335854
       -2.13328774,       3.464385836,     -0.1246196931,    -0.06687073616
      -2.144676314,        3.46011377,     -0.1240969527,    -0.06665980793
      -2.131460669,       3.467058489,     -0.1235467263,    -0.06638990974
      -2.132732263,       3.471640061,     -0.1229808629,    -0.06601442786
      -2.115245095,       3.482952799,     -0.1223873764,     -0.0657098848
      -2.117081666,       3.487129377,     -0.1217750113,    -0.06535198695
      -2.102948515,       3.495089187,     -0.1211523917,    -0.06489808601
      -2.106457382,       3.496188243,     -0.1205196225,    -0.06433290294
        -2.0954134,       3.502697403,     -0.1198632961,    -0.06371966225
      -2.096932345,       3.504682188,     -0.1192024735,    -0.06295607003
      -2.087222583,        3.51055343,     -0.1185337737,    -0.06209309953
      -2.086495311,       3.513510378,     -0.1178526046,    -0.06116024668
      -2.087882885,       3.510450422,     -0.1171607054,    -0.06014017403
      -2.107376008,       3.488105522,     -0.1164643888,    -0.05897097062
       -2.11964766,       3.470403108,     -0.1157646501,    -0.05763272663
      -2.113393058,        3.47887083,     -0.1150663211,    -0.05618517748
      -2.090509406,       3.504937581,     -0.1143638622,    -0.05462288003
      -2.113933462,       3.475449786,     -0.1136499867,    -0.05299200593
      -2.135815393,       3.444220581,     -0.1129363071,    -0.05115679181
      -2.078626448,       3.514388791,     -0.1122222714,     -0.0491089703
      -2.057704769,       3.540627585,     -0.1115091154,    -0.04679308127
      -2.105557289,       3.483875842,     -0.1107863655,    -0.04438817056
      -2.137851054,        3.44094248,     -0.1100535034,    -0.04175158806
      -2.059548806,       3.531777465,     -0.1093163669,    -0.03902199609
      -2.036595349,       3.562004778,     -0.1085591414,    -0.03613370557
      -2.098587409,       3.486690824,     -0.1078002808,    -0.03320881527
      -2.130382993,       3.446787158,     -0.1070393825,    -0.03024861268
      -2.047696017,        3.54312398,     -0.1062729472,    -0.02718369393
      -2.023276975,       3.574842635,     -0.1055003801,    -0.02393300214
      -2.068158208,       3.516563984,     -0.1047268987,    -0.02064673318
      -2.125724939,        3.45085786,     -0.1039553595,    -0.01719846701
      -2.072428946,       3.511875221,     -0.1031710329,    -0.01362965401
      -2.045563517,       3.546022775,     -0.1023807779,    -0.01001871109
      -2.098915905,       3.480542409,     -0.1015795021,   -0.006307888971
      -2.144441913,        3.43130757,     -0.1007691208,   -0.002586971526
      -2.117042535,       3.457452235,    -0.09994350966,     0.00124535137
      -2.131193978,       3.445012412,    -0.09910216167,    0.005286171279
      -2.175031099,       3.399156569,    -0.09824182326,    0.009463267938
      -2.174822731,       3.398425646,    -0.09736375914,     0.01360512389
      -2.168040512,       3.404754084,    -0.09647298272,     0.01781701085
      -2.163614874,       3.409421131,    -0.09555731876,     0.02200036363
      -2.185480176,        3.38789199,    -0.09461853778,     0.02620601776
      -2.180855414,       3.391788161,    -0.09367373827,     0.03021880868
      -2.179694732,       3.393252901,     -0.0927250465,     0.03414115918
      -2.179986731,       3.392553643,    -0.09176015058,     0.03804113424
      -2.189458929,       3.383602215,    -0.09078497676,     0.04194703179
       -2.16903068,       3.403454881,    -0.08978447983,     0.04581589054
      -2.177249674,       3.395544081,    -0.08876576545,        0.04969156
      -2.182152414,         3.3901685,     -0.0877296515,     0.05337621615
      -2.190946666,       3.381992749,    -0.08667922806,     0.05692918903
      -2.185334358,         3.3868896,     -0.0856080224,     0.06040601156
      -2.187992243,       3.384185649,    -0.08451724418,     0.06375269255
      -2.176704595,       3.395413468,    -0.08340269348,     0.06698415962
      -2.189000414,       3.384018102,     -0.0822660755,     0.07019020443
      -2.185605955,       3.386545138,    -0.08111264345,     0.07335818543
      -2.184276589,       3.387956333,    -0.07994169383,     0.07644105614
      -2.184391139,       3.387524728,    -0.07875246247,     0.07941472403
      -2.193001229,       3.379838847,    -0.07754578531,     0.08222404731
      -2.188142598,       3.383810416,    -0.07631238416,     0.08491926157
      -2.186507493,       3.385271653,    -0.07506662113,     0.08749167799
       -2.18155279,       3.390486879,     -0.0737923422,     0.08995622964
      -2.188824996,       3.383806708,    -0.07249043175,     0.09226337504
      -2.188254212,       3.383674557,    -0.07116514785,     0.09446146142
      -2.185904421,       3.385716031,    -0.06982954555,     0.09652154814
      -2.171146113,       3.400436262,    -0.06846043992,     0.09852668241
      -2.184592207,       3.387523164,    -0.06707687508,      0.1004596851
      -2.185570051,       3.385839149,     -0.0656824621,      0.1021801938
      -2.176685166,       3.393401314,    -0.06427938692,      0.1037322537
      -2.182710217,       3.388313755,    -0.06285895112,      0.1050920422
      -2.184610108,       3.386879462,      -0.061428521,      0.1063414254
      -2.173840979,       3.397236335,    -0.05998247246,      0.1074903145
      -2.180798462,       3.390529348,    -0.05853161946,      0.1085296119
       -2.18916688,       3.381993606,    -0.05707649118,      0.1095293265
      -2.183093146,        3.38873506,    -0.05560960162,       0.110516642
      -2.187367649,       3.383342225,    -0.05413032551,      0.1114659879
      -2.167084751,       3.401285113,    -0.05264572721,      0.1122953532
      -2.181506636,       3.388691351,     -0.0511497356,      0.1129622071
      -2.183430761,       3.387172197,    -0.04964258784,      0.1134920622
      -2.184696831,       3.386004376,    -0.04812161782,      0.1139148804
       -2.18308844,       3.387272324,    -0.04659470145,      0.1142057122
      -2.147719415,       3.421050573,    -0.04506364605,      0.1144946185
      -2.174260957,       3.396036258,    -0.04352722551,      0.1147954253
      -2.185743749,        3.38386949,    -0.04198878992,      0.1150891667
      -2.184505581,       3.385592526,    -0.04044629702,      0.1153467278
      -2.185435044,       3.384066909,    -0.03891190631,      0.1154524553
      -2.112060198,       3.451437456,    -0.03738094621,      0.1154133419
      -2.167628222,        3.40164974,    -0.03585950497,      0.1152570243
      -2.178600341,       3.390942844,    -0.03433984605,      0.1150895883
      -2.186732668,       3.382337823,    -0.03282441383,      0.1149703979
      -2.178873606,       3.390401599,     -0.0313080912,      0.1147913114
      -2.180220651,       3.389407981,    -0.02980023248,      0.1146091571
      -2.178429114,       3.391041965,    -0.02829631918,      0.1143536417
      -2.147308967,        3.42088533,    -0.02679483176,      0.1140429388
      -2.172283941,       3.396806231,    -0.02529802317,      0.1137122533
      -2.185938017,       3.382372674,    -0.02381388708,      0.1133881291
      -2.175723362,       3.391690897,    -0.02232998049,      0.1130660061
      -2.182995936,       3.385077615,    -0.02085966723,       0.112737952
      -2.178108041,       3.390547901,    -0.01939594211,      0.1124080354
      -2.179660797,       3.389178182,     -0.0179405566,      0.1120883794
      -2.145962052,       3.419030237,    -0.01649185133,      0.1118537247
      -2.171679494,       3.396469061,    -0.01506005288,      0.1115845243
      -2.179011846,       3.389361033,    -0.01363421118,       0.111338733
      -2.186501429,       3.381636607,    -0.01221791053,       0.111127411
      -2.181065097,       3.387224097,    -0.01081260926,      0.1109650535
      -2.186249105,       3.381943578,   -0.009424023198,      0.1108094205
      -2.180866744,       3.387792846,   -0.008042879428,      0.1106641117
      -2.186903291,       3.381363675,   -0.006680659928,      0.1105719197
      -2.185016024,       3.383043357,   -0.005332350632,      0.1105316711
      -2.186788256,       3.381511551,   -0.003993926861,      0.1104512842
        -2.1856615,       3.382350567,   -0.002667279853,      0.1103820657
      -2.190548447,       3.377745444,   -0.001360095841,      0.1104012095
      -2.188762673,       3.379273479,  -6.587225445e-05,      0.1104624521
      -2.188800781,       3.379951303,    0.001214998323,       0.110536701
       -2.18868065,       3.379521474,    0.002488488579,      0.1106241055
      -2.189765339,       3.379042158,    0.003752436632,      0.1107572373
      -2.187902467,       3.380505232,    0.004992737303,      0.1109934724
      -2.185433181,       3.383689117,     0.00621652417,      0.1112499439
      -2.185117643,       3.383798426,    0.007427710453,      0.1114894522
      -2.189663907,       3.379537474,    0.008633042958,      0.1117355113
      -2.183947787,       3.385079333,    0.009819771961,      0.1120131211
      -2.187896517,       3.381537535,     0.01099877166,      0.1122659184
      -2.189324194,       3.379750762,      0.0121650923,      0.1125004887
      -2.184072709,       3.385658972,     0.01331512447,      0.1127357648
      -2.186217276,       3.383258096,     0.01445326525,      0.1129893631
      -2.189483361,       3.380276434,     0.01558258381,      0.1132747959
      -2.181565498,       3.388159348,     0.01669448901,      0.1136189978
      -2.187392586,          3.382559,     0.01779063838,      0.1139709227
      -2.188248857,       3.381642068,     0.01887909788,      0.1143486942
      -2.185724645,       3.384445577,     0.01994850606,      0.1147120714
      -2.188076566,       3.381934721,     0.02101452839,      0.1151329777
       -2.19045684,       3.379697787,     0.02205926695,       0.115613117
      -2.189462943,         3.3808027,     0.02309337214,      0.1160233682
      -2.186830084,       3.383732109,     0.02411060819,      0.1164482715
       -2.18531271,       3.385254384,     0.02512172521,      0.1168854325
      -2.187636957,       3.382902483,     0.02612501955,       0.117264685
      -2.190177205,       3.380462506,     0.02712202825,      0.1176114967
      -2.188733657,       3.382119883,     0.02811388575,      0.1179656631
      -2.188640293,       3.382227675,      0.0290979735,      0.1182774838
      -2.189508541,       3.381602783,     0.03007644888,      0.1186715421
      -2.187283708,       3.384041785,     0.03105047045,      0.1190120463
      -2.187182277,       3.384189059,     0.03202868977,      0.1193924123
      -2.187577056,       3.383842152,     0.03300100748,      0.1197550046
      -2.190626818,       3.380851945,      0.0339696647,      0.1199620166
      -2.189211231,         3.3824954,     0.03494027905,      0.1202226041
      -2.190040331,       3.381607826,     0.03591825099,      0.1205511001
      -2.187795917,       3.384257964,      0.0369032947,      0.1208607409
      -2.183570158,       3.388617619,     0.03788905042,      0.1211361227
      -2.184151242,        3.38834396,     0.03888551672,      0.1213472488
      -2.187782729,       3.384436884,     0.03988338974,      0.1214569476
      -2.185567953,       3.387064069,     0.04087570332,       0.121545777
      -2.183791769,       3.388979994,      0.0418686686,      0.1215956775
      -2.183130612,       3.389552748,     0.04286918616,      0.1216075753
      -2.187958963,       3.385381096,     0.04388285138,      0.1216452758
      -2.183621388,       3.389264368,      0.0448927114,      0.1215886517
       -2.18612559,       3.388102366,     0.04590636485,      0.1214294346
      -2.182285198,       3.390705521,      0.0469161915,      0.1212123241
      -2.188394774,       3.386307559,     0.04793764813,      0.1209668612
      -2.184227962,       3.389066376,     0.04897424515,      0.1207411401
      -2.189506546,       3.385928831,     0.05001762766,      0.1204771168
      -2.178793114,       3.394812085,     0.05107020595,      0.1201945709
      -2.187545187,       3.388640636,     0.05213042632,      0.1198616786
      -2.186209226,       3.386530025,     0.05319189696,      0.1195133714
      -2.187790959,       3.388730747,     0.05426427395,      0.1191890317
      -2.187986852,       3.383451108,     0.05535050559,      0.1188296808
      -2.195327968,       3.381345671,     0.05644926675,      0.1184571246
      -2.193344087,       3.377285536,     0.05756138224,       0.118122537
      -2.196038311,       3.380755201,     0.05867804241,      0.1177943752
      -2.195263142,       3.375394734,     0.05981006396,      0.1173949687
      -2.194112314,       3.383451832,     0.06094722457,      0.1169144925
      -2.190820624,       3.380213155,     0.06210177857,      0.1164599343
      -2.187919377,        3.39173854,     0.06326883181,      0.1159750013
      -2.195938507,        3.37525413,     0.06445144292,      0.1154911697
      -2.202463955,       3.373060069,     0.06564560096,      0.1149315332
      -2.199554813,       3.371641722,     0.06684638121,      0.1143624078
      -2.207344367,       3.366876253,     0.06805561324,       0.113775382
      -2.200063281,       3.371482766,     0.06927421742,      0.1131982739
        -2.2099248,       3.364584692,     0.07049854777,      0.1126198946
       -2.20479475,       3.367014466,     0.07172424111,      0.1120347091
      -2.215891198,       3.358604091,     0.07295396429,      0.1114511882
      -2.207446379,       3.364550126,      0.0741892378,      0.1108672658
      -2.221745736,       3.353045002,     0.07543475943,       0.110271197
      -2.212430221,       3.359914632,     0.07668088054,      0.1096802229
      -2.228558601,       3.346642056,     0.07792300692,      0.1091587709
      -2.214800629,        3.35778348,     0.07914607051,       0.108761301
      -2.217950449,        3.35757631,     0.08036160973,      0.1083564599
      -2.213533262,       3.359537687,       0.081568883,      0.1079674344
      -2.235916791,       3.340045492,     0.08276595569,       0.107600582
      -2.215882089,       3.357406312,     0.08395410582,      0.1072319026
      -2.211812325,       3.364447679,     0.08513326925,      0.1068486589
      -2.219998493,       3.354240473,     0.08630188299,      0.1064629234
      -2.249966011,        3.32650406,     0.08745892307,      0.1060875745
      -2.230130887,       3.343925456,     0.08860107619,      0.1057107828
      -2.173829587,       3.402515311,     0.08972808815,      0.1053365732
      -2.209388883,       3.366563868,     0.09083931855,      0.1049282609
      -2.275946985,       3.300322346,     0.09193432328,      0.1045440476
       -2.23502187,       3.339320897,     0.09302083048,      0.1041887941
      -2.151257189,       3.425547621,     0.09406397339,      0.1037635102
      -2.207191872,       3.369991814,     0.09506336615,      0.1032200162
      -2.263207709,       3.313804591,     0.09600229177,      0.1026966729
      -2.223751181,       3.351984823,     0.09690249757,      0.1021653529
      -2.162425729,       3.414749758,      0.0977674258,      0.1016674989
      -2.207187083,       3.370623902,     0.09860235825,      0.1011564956
       -2.25738577,       3.320469877,     0.09940859207,      0.1006255603
      -2.226047672,       3.350511988,      0.1001850644,      0.1000663784
       -2.17292091,       3.405088152,      0.1009315785,     0.09954452811
       -2.20828432,       3.369976107,      0.1016460689,     0.09902825863
      -2.243996045,       3.334618589,      0.1023262173,     0.09851683443
      -2.221928189,       3.355444328,      0.1029756404,     0.09797104928
      -2.187257853,       3.391542729,      0.1035953913,     0.09737103169
      -2.210372275,       3.368291922,      0.1041846255,     0.09672685008
      -2.237879836,       3.341493117,      0.1047460361,     0.09603953821
      -2.219118222,       3.359146169,      0.1052805488,     0.09522866014
      -2.198552988,       3.380936655,      0.1057805222,     0.09436848808
      -2.213795446,         3.3653053,      0.1062472443,     0.09349769847
      -2.229416636,       3.350571043,       0.106684028,     0.09264662114
      -2.216690364,       3.362211454,      0.1070886133,     0.09169462229
      -2.207809235,       3.372338677,      0.1074628269,     0.09074770823
      -2.217818543,       3.361791894,      0.1078056557,     0.08975686774
      -2.225687231,       3.354918936,      0.1081163244,     0.08871805189
      -2.220585288,       3.359124631,      0.1083980408,     0.08763137093
      -2.214643405,       3.366101495,      0.1086495704,     0.08648246574
      -2.216836602,       3.363276258,      0.1088704665,     0.08529399693
      -2.222481639,       3.358605624,      0.1090586779,     0.08409800393
      -2.219923889,       3.360410938,      0.1092145899,     0.08289717554
      -2.213996954,       3.367108466,      0.1093419032,     0.08161802958
      -2.218488006,       3.362130749,       0.109442477,     0.08032426015
      -2.222770182,       3.358856845,      0.1095116881,     0.07901843773
      -2.216711306,        3.36411706,      0.1095523454,     0.07765410329
      -2.220004636,       3.361782866,      0.1095662716,     0.07626775809
      -2.222976345,       3.358299908,      0.1095563808,     0.07485866943
      -2.223752848,       3.358386623,      0.1095210729,     0.07341523291
      -2.223032183,       3.358466979,      0.1094596239,     0.07193076668
      -2.220938362,       3.361314785,      0.1093797889,      0.0704140994
       -2.22020042,       3.361490867,      0.1092789726,     0.06884556925
      -2.224357718,       3.358266876,      0.1091568654,     0.06722263142
      -2.224220474,       3.357777628,      0.1090142408,      0.0655642502
      -2.223154323,       3.359632157,      0.1088532404,     0.06384047843
      -2.222845212,       3.359304141,      0.1086698709,     0.06207311651
      -2.222097282,       3.360827864,      0.1084641977,     0.06027856756
      -2.222828219,       3.359498516,      0.1082369034,     0.05847318614
       -2.22431366,       3.358855543,      0.1079872066,     0.05660215525
      -2.223459593,       3.359060528,      0.1077119527,     0.05468532598
      -2.217060408,        3.36587254,      0.1074133597,     0.05279568421
      -2.219857385,       3.362714736,      0.1070951578,     0.05087331668
      -2.223691822,       3.359700901,      0.1067562761,     0.04890361652
      -2.216349893,       3.366024028,      0.1063958756,     0.04691359374
      -2.221992065,       3.361359455,      0.1060156952,     0.04492273573
      -2.223741277,       3.359062902,      0.1056186887,     0.04291019339
      -2.216565637,       3.366500869,      0.1052074624,     0.04086040332
      -2.219048105,       3.363669697,      0.1047822856,     0.03875774328
      -2.223151302,       3.360251518,      0.1043378054,      0.0366439943
      -2.216117014,       3.366290011,       0.103874804,     0.03453931449
      -2.221273468,       3.361944036,      0.1033925012,     0.03243113834
      -2.222984576,        3.35965058,      0.1028925507,     0.03030316214
      -2.216934339,       3.365942773,      0.1023746372,     0.02815435723
      -2.219904397,       3.362440221,      0.1018418566,     0.02594762301
      -2.222831219,       3.360138878,      0.1012878782,     0.02375018295
      -2.218357251,        3.36369792,      0.1007112261,     0.02159296816
      -2.220276606,        3.36234423,      0.1001189209,     0.01941529487
      -2.222152069,       3.359803609,     0.09951563871,      0.0172039826
      -2.220007785,       3.362404537,      0.0988963845,     0.01499417043
      -2.220935161,       3.360686636,     0.09825685103,     0.01280310347
      -2.221012698,       3.361025333,     0.09759472083,     0.01066524973
      -2.220503811,       3.360754894,     0.09691520561,    0.008524055561
      -2.220049747,       3.361566913,     0.09621699874,    0.006415685204
      -2.219038967,       3.361793247,     0.09550347448,    0.004282639161
      -2.212957941,        3.36810014,     0.09477514618,    0.002161921025
      -2.215678384,       3.364646324,     0.09402523551,   9.918100366e-05
      -2.218297649,       3.362394215,     0.09325315219,    -0.00189111798
       -2.21792858,       3.362004501,     0.09246232053,   -0.003862006016
       -2.21755665,       3.362627706,     0.09165486983,   -0.005815419282
        -2.2170668,       3.362368011,       0.090831474,    -0.00774980957
      -2.215112763,       3.364542818,     0.08999294816,   -0.009665257407
      -2.215163607,       3.363737634,     0.08913871339,    -0.01154757045
      -2.211234932,        3.36773175,     0.08826933415,    -0.01340246613
      -2.212538996,       3.365795184,      0.0873878404,    -0.01525349736
      -2.214210508,       3.364347733,     0.08649057583,    -0.01707736004
      -2.213713611,       3.364127322,     0.08558175131,    -0.01891146426
      -2.212468898,       3.365535474,     0.08465712329,    -0.02070989577
      -2.204273691,       3.372834151,     0.08371585629,    -0.02246211173
      -2.208496199,       3.368932765,     0.08275914748,    -0.02416769593
      -2.211297457,       3.365559242,     0.08177502839,    -0.02577747132
      -2.207727119,       3.369125437,     0.08077583829,    -0.02735386886
      -2.210001935,       3.366334166,     0.07976422245,    -0.02890491693
      -2.211966873,       3.364524114,     0.07873670761,    -0.03036682211
      -2.208089119,       3.367896121,     0.07769410578,    -0.03181784535
      -2.210063078,       3.365977452,     0.07663678549,    -0.03327187058
      -2.207426831,       3.367979345,     0.07556775873,    -0.03470523041
      -2.208417516,        3.36717999,     0.07449070387,    -0.03614432042
      -2.210752877,       3.364277913,     0.07339636562,    -0.03753591919
      -2.210559861,       3.364674967,      0.0722906585,    -0.03891064229
      -2.210149884,       3.364498558,     0.07116963284,    -0.04026264634
       -2.20811393,       3.366841923,     0.07003736374,    -0.04160760474
      -2.208233393,       3.366091634,     0.06889547301,     -0.0429171137
       -2.20795174,       3.366659474,     0.06773218461,    -0.04411731822
      -2.204942636,       3.369052241,     0.06656110995,    -0.04530411963
      -2.206987908,       3.367370412,     0.06538401861,    -0.04644247937
      -2.209566608,       3.364256163,     0.06419720164,    -0.04755579339
      -2.206940404,       3.367201944,     0.06299931559,     -0.0486550778
      -2.207523876,       3.366108092,       0.061791383,    -0.04972370006
      -2.207863483,       3.366159713,     0.06057419614,    -0.05075243378
      -2.207899953,       3.365627708,     0.05934854345,    -0.05176553739
       -2.20712449,       3.366809431,     0.05812110015,    -0.05281164694
      -2.207826513,       3.365621502,     0.05688778681,    -0.05383082856
      -2.205802768,       3.368311367,     0.05565061345,       -0.05484369
      -2.208668308,       3.364770558,     0.05440345082,    -0.05578697543
      -2.204575951,       3.369391182,     0.05315314177,    -0.05670129411
      -2.207451228,        3.36600237,      0.0518956678,    -0.05753574036
      -2.210679977,       3.363470382,     0.05063359204,    -0.05833265924
      -2.201910028,       3.371522659,     0.04936652714,    -0.05911568145
      -2.208426155,       3.365859913,     0.04809631431,    -0.05985388906
      -2.198473057,       3.374320974,     0.04682290776,    -0.06056998708
      -2.203733273,       3.370519678,     0.04554847627,    -0.06126362261
      -2.210061611,       3.363907539,     0.04427176372,    -0.06191643282
      -2.209816607,       3.364764265,     0.04299538113,    -0.06253114689
      -2.189104422,       3.382158612,     0.04171822899,    -0.06311709608
      -2.205668534,       3.368869158,     0.04043316956,    -0.06365304619
      -2.213099152,       3.361594554,      0.0391476063,    -0.06415618567
      -2.205549909,       3.369244094,     0.03786218935,     -0.0646049894
      -2.155302087,       3.413013186,     0.03658007151,    -0.06502916729
      -2.199776912,       3.374999459,     0.03529952605,    -0.06543598383
      -2.216023082,       3.359445594,     0.03401765695,    -0.06579845573
      -2.205599441,       3.369229054,     0.03273348237,     -0.0660857647
      -2.147649356,       3.420890698,     0.03144919883,     -0.0663486833
      -2.197839592,        3.37714617,     0.03016808875,    -0.06657618136
       -2.21016128,       3.366081486,     0.02888511339,    -0.06677296706
      -2.211144678,       3.364140064,     0.02759699342,    -0.06693337386
      -2.142159937,       3.426669146,     0.02630801722,    -0.06707304145
      -2.196821815,       3.378592631,     0.02502170334,    -0.06720275181
       -2.21415375,       3.362620142,     0.02374172197,    -0.06733235275
      -2.215106823,       3.361153055,     0.02246388346,    -0.06744916978
       -2.14522157,       3.424721161,     0.02119191863,     -0.0675736559
      -2.196368833,       3.379683311,     0.01992559741,    -0.06766969143
      -2.216554536,       3.360918213,     0.01866575492,    -0.06776868999
      -2.217368519,       3.359444424,     0.01740997316,    -0.06784543423
      -2.209249424,       3.369103607,     0.01615631875,    -0.06785713665
      -2.220083015,       3.357855637,     0.01490374543,    -0.06783386716
      -2.181006742,        3.39334277,     0.01365349421,    -0.06776504967
      -2.201437882,       3.376483772,     0.01240770292,    -0.06767157853
       -2.21212972,       3.366256645,     0.01116488589,    -0.06755878192
      -2.222518432,       3.357349091,    0.009926113777,    -0.06745185507
      -2.163160511,       3.410324751,    0.008694791572,    -0.06735761234
       -2.21111932,       3.368494462,    0.007471646167,    -0.06728297645
      -2.203993065,       3.375040578,    0.006258808585,    -0.06723852309
      -2.219493283,       3.361391872,    0.005051758698,    -0.06718337854
      -2.213993068,       3.365569941,    0.003849798372,    -0.06711273513
      -2.228972415,       3.352641308,    0.002649041549,    -0.06700389699
      -2.224743682,       3.356157721,    0.001452391064,    -0.06688274319
      -2.225978039,       3.357132901,   0.0002580860874,    -0.06673028823
      -2.222164432,       3.358966818,   -0.000933026715,    -0.06655672939
      -2.228374309,       3.355329857,   -0.002119957064,    -0.06638953986
      -2.224605402,       3.357127825,   -0.003304496646,    -0.06619297325
      -2.224083415,       3.359870872,   -0.004482216796,    -0.06603133903
      -2.221403914,       3.360875262,    -0.00565621217,    -0.06584958311
      -2.230685887,       3.354130273,   -0.006828633757,    -0.06566319436
      -2.226628635,       3.356316973,    -0.00799226037,    -0.06547622462
      -2.224865386,       3.359790779,   -0.009153129988,    -0.06528434459
      -2.216604216,       3.366436657,    -0.01030669935,    -0.06508966484
      -2.232566453,       3.353296345,     -0.0114548944,    -0.06491060365
      -2.233562082,       3.350992606,    -0.01259928334,    -0.06471330839
       -2.23123524,       3.354816116,    -0.01374122819,     -0.0645128447
      -2.230752937,       3.354228018,     -0.0148790299,    -0.06431748512
      -2.238424273,       3.348506757,    -0.01601252683,    -0.06411735614
      -2.219042426,       3.365526866,    -0.01714193591,    -0.06389437431
      -2.234586556,       3.352437145,     -0.0182681354,    -0.06368170386
      -2.237380203,       3.348653043,    -0.01939106059,    -0.06351681318
      -2.235420393,       3.352196756,    -0.02050761275,    -0.06333054679
       -2.23811035,        3.34819157,    -0.02161830233,    -0.06313624305
      -2.238947302,       3.348341634,    -0.02272389584,     -0.0629709104
      -2.207037027,       3.375364533,    -0.02382258287,     -0.0628101531
      -2.229610146,       3.357100746,    -0.02491639858,    -0.06265951077
      -2.234966766,       3.351383196,    -0.02600438276,    -0.06249536684
      -2.235176205,       3.352779981,    -0.02708480592,    -0.06232859765
      -2.225686181,       3.361114506,    -0.02815885057,     -0.0621747799
      -2.233930184,       3.354147538,    -0.02922371792,    -0.06202547731
      -2.234012079,       3.352968413,    -0.03028285347,    -0.06187238357
      -2.241482019,       3.347283587,    -0.03133944604,     -0.0616801067
      -2.233668707,        3.35340721,    -0.03239159647,    -0.06146176819
      -2.238513639,       3.350224857,    -0.03343690929,    -0.06124631583
      -2.238746771,       3.348781184,    -0.03447258806,    -0.06104006585
      -2.235298615,       3.353656925,    -0.03549772296,    -0.06085190511
      -2.235778549,       3.351754873,    -0.03651115181,    -0.06068850827
      -2.227171758,       3.361067782,    -0.03751339679,    -0.06053654783
      -2.233131937,       3.354415386,    -0.03850215989,    -0.06041702738
      -2.239534639,       3.349653257,    -0.03948002828,    -0.06032818132
      -2.237777106,       3.350164565,    -0.04045057282,    -0.06024559247
      -2.232989854,       3.356274884,    -0.04141464782,    -0.06015847989
      -2.230536909,       3.357141188,    -0.04236876933,    -0.06008507557
      -2.238973567,       3.350323324,    -0.04331016745,    -0.06004406113
      -2.239520731,       3.348682841,    -0.04424138685,     -0.0600208684
      -2.226223002,       3.362003933,    -0.04515948668,    -0.06004331631
      -2.232561801,       3.354759388,    -0.04606350391,    -0.06011537882
      -2.238459938,       3.350396639,    -0.04695445267,     -0.0602178878
      -2.236690493,       3.351301371,    -0.04783478366,    -0.06034761671
      -2.239154641,       3.349779041,    -0.04869911559,    -0.06047654464
        -2.2339955,       3.353482568,    -0.04954431999,    -0.06061255169
      -2.237394192,       3.351337928,    -0.05037041007,    -0.06078340146
      -2.238223975,       3.349774798,     -0.0511774885,    -0.06098163991
      -2.238505952,       3.350377691,    -0.05196627225,    -0.06123120796
      -2.223774462,       3.363013473,    -0.05273180837,    -0.06152716553
      -2.234232933,       3.354302613,    -0.05347972516,    -0.06186603478
      -2.236792613,       3.351043447,    -0.05420896547,    -0.06223576764
      -2.235829845,       3.352897218,    -0.05491894736,    -0.06260956878
      -2.232462627,       3.354785922,    -0.05560444971,    -0.06293938855
      -2.236499342,       3.352173112,    -0.05626716737,    -0.06328141047
      -2.235646114,       3.352049342,    -0.05690830355,    -0.06359882715
      -2.232183985,       3.356275343,    -0.05752430783,    -0.06389478165
      -2.231154757,       3.355907469,    -0.05811893678,    -0.06422343271
      -2.234510633,       3.354143201,    -0.05868863003,    -0.06456226201
