    "rms[Rho]"    ,    "rms[RhoE]"   ,       "CD"       ,       "CL"       
      -2.423290401,       3.059555223,      0.1245898366,     0.02229900524
     -0.4741526808,       5.028747303,      0.1872639563,     0.03877739918
     -0.5306871933,        4.95820943,       0.236478277,     0.04720430839
     -0.5484158708,       4.921308039,      0.2745985499,     0.05387203132
     -0.5608828877,       4.895264799,      0.3024865067,     0.05826545461
     -0.5783104109,        4.86884651,      0.3219138941,     0.06192098873
     -0.6280083865,       4.812469233,      0.3349892215,     0.06345584563
     -0.6738904117,       4.762804215,      0.3429765677,     0.06447667333
     -0.7090923467,       4.726930184,      0.3470477643,     0.06536387063
     -0.7397138418,       4.697776659,      0.3483960713,     0.06410590402
     -0.7610644679,       4.679311506,      0.3482716909,     0.06272647326
     -0.7731116254,       4.672019168,      0.3468864111,     0.06014212961
     -0.7797744067,       4.669947802,      0.3443476374,     0.05629345167
     -0.7809756905,       4.671498795,       0.341009738,     0.05352137917
     -0.7835042613,       4.670227469,      0.3369151918,     0.05133513982
     -0.7889331382,       4.665420422,      0.3322459948,     0.04977996689
     -0.7977520683,       4.656299968,      0.3270003618,      0.0480124782
     -0.8066474544,       4.646728893,      0.3217631404,     0.04688503401
     -0.8173723534,       4.635140135,      0.3163393138,     0.04598092344
     -0.8272622013,       4.624037488,      0.3111619401,     0.04572066105
     -0.8367333617,       4.614110784,      0.3063354909,     0.04557803857
      -0.845698081,       4.604241207,      0.3018579272,      0.0450800353
     -0.8534707723,       4.596503719,      0.2976640389,      0.0447027232
       -0.85900756,       4.590504386,      0.2936966929,     0.04421292516
     -0.8645874784,        4.58517913,      0.2900437508,     0.04381624909
     -0.8686844455,       4.580710196,      0.2865711936,     0.04290715554
     -0.8738493057,       4.575917344,      0.2831854883,     0.04194734077
     -0.8802303182,       4.568339626,       0.279821446,      0.0408580333
     -0.8866012261,       4.561562063,      0.2766639128,      0.0400748835
     -0.8919406041,        4.55476411,      0.2734785331,     0.03879078648
     -0.8953363107,       4.551685002,      0.2703434465,     0.03776533748
     -0.9006955306,       4.545251545,      0.2672310296,     0.03679246029
     -0.9045808742,       4.541089757,      0.2641728176,     0.03535394853
     -0.9090730443,       4.536071262,      0.2612908792,     0.03431381358
     -0.9132511208,       4.531752193,      0.2584798688,     0.03326604374
     -0.9173055464,        4.52717513,      0.2556746485,     0.03238553076
     -0.9210856604,       4.523369274,      0.2529112602,     0.03151848006
     -0.9254101843,       4.518464997,      0.2503118347,     0.03123041735
     -0.9295182567,         4.5137123,       0.247703119,      0.0307115188
     -0.9333862532,       4.509649814,      0.2451478817,     0.03016066737
     -0.9372792455,       4.505301835,      0.2426257577,     0.02963091251
     -0.9398936154,       4.503163765,      0.2401734595,     0.02912319716
     -0.9452962222,       4.497064533,      0.2377364298,     0.02947707943
     -0.9504172807,       4.491297152,      0.2353248291,      0.0288187928
     -0.9550119583,       4.486784131,      0.2330372147,     0.02840702355
     -0.9590480694,        4.48269651,      0.2306484264,     0.02843084245
     -0.9633829806,       4.478674744,      0.2284039083,     0.02887638075
     -0.9688146888,       4.472434145,      0.2262309946,     0.02888145356
     -0.9730490195,        4.46878738,      0.2241160013,     0.02898229577
     -0.9782513503,       4.462683291,      0.2220121404,     0.02912222474
     -0.9821578325,       4.459050149,      0.2198651384,     0.02911725133
     -0.9878723323,       4.452080872,      0.2177722654,     0.02922262243
     -0.9937702559,       4.445443462,      0.2157225281,     0.02907777277
      -0.998519363,       4.439979208,      0.2136894446,     0.02902683903
      -1.003074631,         4.4349737,      0.2116582694,      0.0290385852
      -1.006939773,       4.430674008,      0.2096528616,     0.02925016832
      -1.011869725,       4.424818507,      0.2077417422,     0.02940438466
      -1.014383772,       4.422785339,      0.2057890215,     0.02942472654
       -1.01799471,       4.418190448,      0.2039251424,     0.02990749264
      -1.021014235,       4.414732385,      0.2020932222,     0.03010997979
      -1.023863641,        4.41201309,      0.2002734212,     0.03029227117
      -1.027274913,       4.407810435,      0.1985055417,      0.0302148303
      -1.028952987,       4.406867392,      0.1967847211,      0.0298702921
      -1.031028927,        4.40426671,      0.1951357019,     0.02989220059
      -1.035354634,       4.398998574,      0.1934812777,      0.0300924301
      -1.038343125,       4.395480792,      0.1918831075,     0.02986549434
      -1.040907067,       4.392956963,      0.1903017177,     0.02987777664
       -1.04293657,       4.391082787,      0.1887516142,     0.02966666781
      -1.046686646,       4.387000715,      0.1871930605,     0.02950142864
      -1.050089538,       4.383238884,      0.1856921912,     0.02961174767
      -1.052908626,       4.380516765,      0.1842519712,     0.02945154878
      -1.057233939,       4.375448271,      0.1828004981,     0.02900129217
      -1.060794659,       4.371795282,      0.1813462823,     0.02869940219
      -1.064223603,       4.368027636,      0.1799497473,      0.0284458818
      -1.066986676,       4.365442512,      0.1785294495,     0.02863240856
      -1.071366996,       4.359968338,      0.1772000085,     0.02847017696
      -1.074466559,       4.356945412,      0.1758606019,     0.02868200648
      -1.077847745,       4.353450396,      0.1744519189,     0.02886866248
      -1.080132547,       4.351778878,      0.1730205514,     0.02927305484
      -1.083408595,       4.348775748,      0.1716910857,     0.02913734336
      -1.088087379,       4.343218705,      0.1703591923,     0.02937666306
      -1.091066458,       4.340488195,      0.1691088359,     0.02937653999
      -1.094477236,       4.336707751,      0.1678690659,     0.02921182176
      -1.097575567,       4.333806998,      0.1666310909,     0.02886780661
       -1.10145767,        4.32953323,      0.1653954277,     0.02869182295
      -1.104855953,       4.326267615,      0.1641824047,     0.02859576399
      -1.108445722,       4.322361593,      0.1629955692,     0.02824278371
      -1.111856448,       4.318826852,      0.1618463799,     0.02807452247
      -1.114832266,       4.315732259,      0.1606314734,     0.02775488334
      -1.118193723,       4.312108051,      0.1594493017,     0.02735208485
      -1.120370509,       4.310378566,      0.1583241722,     0.02676317686
       -1.12348235,       4.307193304,      0.1571983196,     0.02626829685
      -1.126287953,       4.304288973,      0.1561405192,     0.02618526301
      -1.129420522,        4.30079134,      0.1550695478,     0.02611300965
      -1.131507287,       4.298744227,      0.1539462134,     0.02597078359
      -1.133044672,       4.297778261,      0.1528579785,     0.02579010031
      -1.135015072,       4.296080762,      0.1518409329,      0.0255512466
      -1.138235476,       4.292245914,      0.1507946502,     0.02516323382
      -1.141329198,       4.288442345,      0.1497236741,     0.02475654861
      -1.144370094,       4.285104393,      0.1486567571,     0.02440292794
      -1.143915405,       4.287567475,      0.1475738553,     0.02401274769
       -1.14697404,       4.284220336,      0.1464909227,     0.02367131629
       -1.14964859,       4.281554616,      0.1454465497,     0.02333562232
      -1.152627786,       4.278262247,      0.1443758468,     0.02288338189
      -1.153996722,       4.277755997,      0.1433539032,     0.02232334812
      -1.156742521,       4.274808348,      0.1423802081,     0.02169914629
      -1.159130889,       4.272294086,      0.1413894199,     0.02086907764
      -1.161154643,       4.270286614,      0.1404274104,     0.02020426409
      -1.164190912,       4.266475846,      0.1394350625,     0.01965090708
      -1.166056153,       4.264476289,      0.1384540917,      0.0191001977
      -1.164442668,       4.268483546,      0.1374835273,     0.01852336051
       -1.16601758,       4.267046725,      0.1365312752,     0.01804764909
      -1.169084447,        4.26346573,      0.1355308792,     0.01786929421
      -1.169759701,       4.263677737,      0.1345690268,     0.01775646945
       -1.17233873,       4.260927677,      0.1336380835,     0.01721239247
      -1.173899476,       4.259999891,      0.1326834616,     0.01671314222
        -1.1769963,       4.256812597,      0.1317639219,     0.01619432672
      -1.179349116,       4.254384993,      0.1308959908,     0.01589363989
      -1.182959058,       4.250153492,      0.1299979708,     0.01551036457
      -1.186428094,        4.24585321,      0.1290658313,     0.01494661122
      -1.184774654,       4.250397624,      0.1282223215,     0.01455877568
      -1.187329807,       4.247668638,      0.1273727592,     0.01386367598
      -1.190671902,       4.243621847,       0.126568868,     0.01340919491
      -1.193939448,       4.239723837,      0.1257127472,     0.01303305979
      -1.195056125,       4.239381227,      0.1248867263,     0.01268111478
      -1.197571397,       4.236558937,      0.1240925726,     0.01222679043
      -1.200113547,       4.234265834,      0.1232726845,     0.01193929323
      -1.203071479,       4.231316449,      0.1225191637,     0.01183503844
      -1.206697184,       4.227027495,      0.1216873443,     0.01178296041
      -1.209612512,       4.223881104,      0.1208893237,     0.01163126509
      -1.209210671,       4.226280793,      0.1201680487,     0.01158556254
       -1.21183974,       4.223560931,      0.1194391032,     0.01140026626
      -1.214750274,       4.220537582,      0.1186844625,     0.01133692172
       -1.21731881,       4.217847877,      0.1179173038,     0.01137247893
      -1.219733885,       4.215579573,      0.1171485335,     0.01138417313
      -1.222519031,       4.212504245,      0.1163733926,     0.01135363761
      -1.225722797,       4.208956922,      0.1156023621,      0.0112631149
       -1.22848049,       4.206050671,      0.1148575883,     0.01131386961
      -1.227722448,       4.208897342,      0.1140181974,     0.01118548716
      -1.231386914,       4.204327005,       0.113248428,     0.01128396651
      -1.233268596,       4.202448113,      0.1125415045,     0.01125546608
      -1.234611446,       4.201994895,      0.1118280837,     0.01134018558
      -1.236837362,       4.200072235,      0.1111020385,     0.01129596133
      -1.240252429,       4.196393994,      0.1103469395,     0.01137691987
      -1.241423306,       4.194986705,      0.1096218339,     0.01150039851
      -1.245968736,       4.190298489,      0.1088833498,     0.01145001101
      -1.242573367,       4.196475581,      0.1081520724,     0.01161464477
      -1.249278609,        4.18875073,      0.1074506101,     0.01219077057
      -1.250861928,        4.18695892,      0.1067305977,       0.012646043
      -1.255701519,        4.18145623,      0.1060569511,     0.01296440022
      -1.257261469,       4.179977766,        0.10538002,     0.01344542465
      -1.258892443,       4.178956653,      0.1047073689,     0.01416865408
      -1.259471229,       4.179520361,      0.1040265943,      0.0146717119
      -1.261568456,       4.177620941,       0.103354728,     0.01520878229
      -1.266461164,       4.170984331,       0.102636125,     0.01570821992
      -1.268115859,       4.169749659,      0.1019644191,     0.01632979045
      -1.266391134,       4.173705299,      0.1012933868,      0.0168114467
      -1.267800859,       4.172693128,      0.1006338183,      0.0176170486
      -1.270184204,       4.170184026,     0.09994898866,     0.01843363654
      -1.274366479,       4.165314108,     0.09930196963,     0.01930617182
      -1.274477769,       4.166502321,     0.09864756192,     0.02012040168
      -1.278559005,       4.161879776,     0.09797947923,     0.02112105571
      -1.282852748,       4.157143281,     0.09729525737,     0.02237788013
      -1.285983598,       4.154192739,     0.09660393321,     0.02361336979
      -1.286159428,       4.155544694,     0.09593173363,     0.02487613694
      -1.289897647,       4.151099097,     0.09527438624,      0.0259718319
      -1.283587543,       4.159156026,     0.09459715571,     0.02693377541
       -1.28760856,       4.154628708,     0.09397058816,     0.02824383131
      -1.292025149,       4.149624827,     0.09335521608,     0.02950400396
      -1.295482204,        4.14582929,     0.09272176496,     0.03074247881
      -1.299473998,       4.141136522,     0.09210664166,     0.03212338314
      -1.301656883,       4.139521133,     0.09145205614,     0.03327124369
      -1.300822596,        4.14263359,     0.09079881273,     0.03453244056
      -1.304463586,        4.13846435,     0.09011781688,     0.03585091071
      -1.307466273,       4.135352431,     0.08946460723,     0.03705009768
      -1.302025711,       4.143448954,     0.08880776218,       0.038256313
      -1.308090419,       4.135353272,     0.08816021083,     0.03938918424
      -1.304798517,       4.140145558,     0.08750570291,     0.04032055858
      -1.309230342,       4.135365836,     0.08683545477,     0.04113001692
      -1.314687479,       4.129095613,     0.08614668714,     0.04205755548
      -1.318669425,       4.124983102,     0.08548924517,     0.04319202767
       -1.32204339,       4.121406645,     0.08487492366,     0.04451224979
      -1.324047716,       4.120106782,     0.08424755708,     0.04582528489
      -1.326187264,        4.11835241,     0.08365748188,      0.0472586138
      -1.327480036,       4.117640767,     0.08306857373,     0.04840389628
      -1.329118451,       4.116036092,     0.08246188443,     0.04965612247
      -1.332606772,        4.11180398,     0.08183417377,     0.05086094208
      -1.333823487,       4.111508211,     0.08122458673,     0.05215591891
      -1.335998183,       4.109453043,     0.08059236531,     0.05348517215
      -1.338527427,       4.106707095,      0.0799574147,     0.05454498096
      -1.340927902,       4.104422231,     0.07930997244,     0.05574722577
      -1.344087682,       4.100805765,     0.07866237106,     0.05703983392
      -1.345209634,       4.100670076,     0.07802190894,     0.05817022191
      -1.347456909,       4.098580314,     0.07737599957,     0.05934808735
      -1.349153813,       4.096758506,     0.07673992355,     0.06042909153
      -1.351584526,       4.094279839,     0.07609428513,     0.06166326293
      -1.354759537,       4.090439781,     0.07541274325,     0.06325345338
      -1.355722506,       4.090449694,     0.07473662443,     0.06468289293
      -1.357805531,       4.088529182,     0.07406746339,     0.06580074644
      -1.360501788,       4.085537357,     0.07338816766,     0.06682138276
      -1.362906522,       4.083235655,     0.07266603402,     0.06788891858
      -1.366071943,       4.079509202,     0.07192658722,     0.06889077137
      -1.366343186,       4.080267259,     0.07114758975,     0.07012243915
      -1.368617237,       4.077991434,     0.07032286659,     0.07123758795
      -1.371343341,       4.074815202,     0.06947742927,     0.07242048142
      -1.372237613,       4.074536299,     0.06857114852,     0.07352801609
      -1.376296045,       4.069193965,     0.06762384745,     0.07463474352
      -1.372771218,       4.075685235,     0.06662912745,     0.07570065535
      -1.378431498,       4.068539703,     0.06557160872,     0.07684972033
       -1.38129849,       4.065020252,     0.06444896641,     0.07798321956
      -1.382827584,        4.06390243,     0.06324104091,     0.07914690759
      -1.385830485,       4.060190649,     0.06195996725,      0.0801905163
      -1.385754012,       4.061607128,     0.06058397111,     0.08119426817
      -1.387094991,       4.060089504,     0.05911983714,     0.08219085745
      -1.389861924,        4.05685121,     0.05753835785,     0.08336493048
      -1.393025145,        4.05321254,     0.05582967522,     0.08483198468
      -1.396380778,       4.049147085,     0.05401166708,     0.08613046407
      -1.397923968,       4.048098851,     0.05206715414,     0.08736837167
      -1.399983611,       4.046342134,     0.04995360549,     0.08885843739
      -1.402654314,        4.04293333,     0.04770718757,     0.09023527294
      -1.404693058,       4.040989567,     0.04531135573,     0.09152092117
      -1.407982657,       4.036542996,     0.04275571686,     0.09280936777
      -1.408939656,       4.036436822,     0.04004071376,     0.09404179424
      -1.411379155,       4.033714749,     0.03718388401,     0.09514822079
      -1.413132155,       4.031238242,     0.03415800759,     0.09630885294
      -1.415722665,       4.028275279,     0.03096509502,       0.097384636
      -1.419391221,        4.02340577,     0.02759421669,     0.09844918864
      -1.419067397,       4.024598611,     0.02405954875,     0.09941049612
      -1.421131078,       4.022519146,     0.02034460466,      0.1002594486
      -1.423203723,       4.019708691,      0.0164458332,      0.1010829001
      -1.426041632,       4.016369617,     0.01235544157,      0.1018295765
      -1.429827807,       4.011253817,     0.00807088406,      0.1025458085
      -1.431127465,       4.010549008,    0.003599652547,      0.1032440809
      -1.433433717,       4.007831048,   -0.001062818059,      0.1039572246
      -1.428790064,       4.016339138,   -0.005924204925,      0.1046940479
      -1.424530703,       4.024141836,    -0.01102997408,      0.1056711129
       -1.43043018,       4.015763175,    -0.01632330419,      0.1066570397
      -1.429798785,        4.01761384,    -0.02180440945,      0.1076787955
       -1.43471031,       4.011440042,    -0.02745164411,      0.1086840696
      -1.433023112,       4.014746605,    -0.03321435786,      0.1095695054
      -1.432596471,       4.016202355,    -0.03911922791,      0.1104081382
       -1.43021113,       4.020235083,    -0.04520939877,      0.1112433528
       -1.43775398,       4.009237616,    -0.05140127952,      0.1121151297
      -1.445740301,       3.997901652,    -0.05773745618,      0.1130553983
      -1.435855317,       4.014784204,    -0.06409711751,       0.114215993
      -1.442462388,       4.005612418,    -0.07053299487,      0.1155193663
      -1.452793733,       3.989792059,     -0.0770659451,      0.1168626313
      -1.453626976,       3.989697736,    -0.08362563539,      0.1183411067
      -1.454587836,       3.988467322,      -0.090207534,      0.1198349039
      -1.460342768,       3.980995205,     -0.0967948449,      0.1214091836
      -1.461596896,       3.980465922,     -0.1034030885,      0.1230967748
      -1.461069174,       3.982888517,     -0.1099795131,      0.1248817717
      -1.462342287,       3.981095329,     -0.1165777891,      0.1267985934
      -1.472426726,         3.9658478,       -0.12314677,      0.1287468488
      -1.474395339,       3.963523835,     -0.1296884153,      0.1308048331
      -1.471668181,       3.969383588,     -0.1361926523,      0.1329556362
      -1.480040829,       3.955948494,     -0.1426620641,      0.1353020943
      -1.478889986,       3.959338986,     -0.1490527017,      0.1377205856
      -1.478005386,       3.961310521,     -0.1553540366,      0.1402045169
      -1.478594949,         3.9599747,     -0.1615422266,      0.1427368987
      -1.483231751,       3.952972187,     -0.1676067566,      0.1453030476
      -1.489502238,       3.943530494,     -0.1735187123,      0.1478271423
      -1.478866693,       3.962697593,     -0.1792748536,      0.1503381621
      -1.485491447,       3.952336325,     -0.1848653275,      0.1528757261
      -1.491027221,       3.944067183,     -0.1902730535,      0.1553296366
      -1.494124404,       3.939350626,     -0.1954304588,      0.1578344892
      -1.495395948,       3.938416453,      -0.200296362,      0.1601926281
      -1.498879055,       3.933900674,     -0.2048957631,      0.1625394902
      -1.505048386,       3.923686836,      -0.209232576,      0.1648326891
      -1.503271666,       3.928303296,     -0.2132798243,      0.1669757852
      -1.504098102,       3.927551775,     -0.2170328161,      0.1689916828
      -1.507859241,       3.922359517,     -0.2205044929,      0.1708730158
      -1.514569995,       3.910494693,     -0.2237195666,      0.1726959158
      -1.515580369,       3.910094486,     -0.2265875382,       0.174378883
      -1.517614004,       3.907342226,     -0.2291432956,      0.1759645322
      -1.514138032,       3.914495434,     -0.2313594086,      0.1773999769
      -1.522913217,       3.899178338,     -0.2332405641,       0.178709492
      -1.524628141,       3.896445641,     -0.2347669469,      0.1798137134
      -1.519737381,       3.904602917,     -0.2359456408,       0.180831025
      -1.522794987,       3.899278482,     -0.2367657732,      0.1817249082
      -1.528658795,       3.888430311,     -0.2372871078,      0.1828228292
      -1.527635543,       3.892198795,     -0.2374642347,      0.1838228609
      -1.527224753,       3.893154811,     -0.2372197099,      0.1844448102
      -1.533692492,        3.88311817,     -0.2365985509,      0.1848201736
       -1.53448901,       3.882260038,     -0.2356206333,      0.1850820338
      -1.535772897,       3.879211803,     -0.2342864203,      0.1851603933
      -1.538862786,       3.875070871,     -0.2326058112,      0.1850807816
      -1.536381972,       3.882609811,     -0.2305785951,      0.1848379908
      -1.546867117,       3.863493312,      -0.228207839,      0.1845504816
      -1.552638782,        3.85442741,     -0.2254910059,      0.1841982088
      -1.545812401,       3.869812072,     -0.2224486917,      0.1835801083
      -1.553986248,       3.855751166,     -0.2190781998,      0.1826577089
      -1.561643457,       3.841948268,     -0.2153907292,      0.1814848969
      -1.557999652,        3.85209354,     -0.2113864398,      0.1801906624
      -1.561878527,       3.846049159,     -0.2070965479,      0.1784637313
      -1.567104737,       3.838512254,     -0.2025131978,      0.1766122358
      -1.559348105,       3.851219261,     -0.1976961548,       0.174703019
      -1.572467484,       3.829941469,      -0.192578754,      0.1724548566
      -1.570622815,       3.833945091,     -0.1872452315,      0.1700366866
      -1.572226867,        3.83748652,     -0.1816577908,      0.1675766134
      -1.581996797,       3.818111505,     -0.1758444384,      0.1648921747
      -1.592756421,        3.80133233,     -0.1698172473,      0.1620625948
      -1.581758773,       3.824700554,     -0.1635756985,      0.1592603868
      -1.586784515,       3.818669597,     -0.1571279261,      0.1562339219
      -1.601423794,       3.792364874,      -0.150483428,       0.153027805
      -1.598285839,       3.799172357,     -0.1436353718,       0.149684422
      -1.601239757,       3.794903358,      -0.136565072,      0.1463852737
      -1.595483591,       3.805179284,     -0.1293089561,      0.1428970897
      -1.601913742,       3.797015295,     -0.1218789879,       0.139290064
       -1.60354102,       3.793188993,     -0.1143199735,      0.1352320027
      -1.609205262,       3.789640561,     -0.1065990645,      0.1310498486
      -1.610353281,       3.792160942,    -0.09868912163,      0.1270029134
      -1.622709338,       3.768989604,    -0.09061185664,      0.1226414385
      -1.628308116,       3.758768107,    -0.08235042044,      0.1182306157
      -1.622624466,       3.773071653,    -0.07394486719,       0.114146634
      -1.626048351,       3.768375063,     -0.0653912009,      0.1096506513
       -1.63089952,       3.760685066,     -0.0567196356,      0.1052268613
      -1.634541508,       3.754719085,    -0.04796761898,      0.1009700912
      -1.634159781,       3.757855678,    -0.03907145296,     0.09639762059
      -1.630806387,        3.76837482,    -0.03006378884,     0.09178459299
      -1.645960105,       3.738385165,    -0.02096919748,     0.08719961167
      -1.653372583,          3.724525,    -0.01175012914,     0.08312095128
      -1.640130799,       3.755038703,   -0.002467890592,     0.07901168611
      -1.647889608,       3.741165208,    0.006946765616,     0.07505335306
      -1.663045039,       3.710427737,     0.01633547352,     0.07103570323
       -1.66360118,       3.711835307,     0.02578851661,     0.06676326749
      -1.653994087,       3.734484216,     0.03521784611,      0.0628532747
      -1.654469273,       3.737725332,     0.04467832944,     0.05899218261
      -1.667040136,       3.710949369,     0.05417447942,     0.05560741713
      -1.672073527,        3.70243307,     0.06365046139,     0.05236799702
      -1.664297599,       3.720327679,     0.07317582618,      0.0495482599
      -1.665759993,       3.719389212,     0.08266726632,     0.04657072805
      -1.672764814,       3.704843354,     0.09212750648,     0.04411729295
      -1.673775282,       3.705304933,      0.1015478257,     0.04183827677
      -1.667626258,       3.718456911,      0.1109073347,     0.04012996313
      -1.670059981,       3.716664115,      0.1201764756,     0.03893128652
      -1.671477694,       3.707622523,       0.129389558,     0.03784236808
      -1.682553261,       3.690826686,      0.1385280642,     0.03697329453
      -1.664637396,       3.723374357,       0.147615652,     0.03629336895
       -1.67848781,       3.703156764,      0.1566134301,     0.03618094307
      -1.680619001,        3.69316902,      0.1655100277,     0.03633894078
      -1.683615758,        3.68984463,      0.1743382737,     0.03655464736
      -1.679947825,       3.699365503,      0.1829617045,     0.03699302924
      -1.682624615,       3.697386777,      0.1914983238,     0.03748549016
      -1.687703313,       3.688055722,       0.199926674,     0.03795881919
      -1.691274981,       3.682821721,      0.2081915972,     0.03840386126
      -1.688560514,       3.689151247,      0.2162854172,     0.03930471387
      -1.685736228,       3.695616962,      0.2242181362,     0.04027162205
      -1.697955698,       3.671847884,      0.2319823452,     0.04179744339
      -1.691763569,        3.68702547,      0.2395817314,     0.04345148743
      -1.691515404,       3.689445245,       0.246920598,     0.04521154395
      -1.687902946,       3.696277316,       0.254098459,      0.0474622805
      -1.705008092,       3.662053962,       0.261136813,     0.05043211383
      -1.697526453,       3.674016228,      0.2678849539,     0.05293026637
      -1.679266543,       3.707579284,      0.2744643248,      0.0555407267
       -1.69055295,       3.697207539,      0.2808545556,     0.05819765196
      -1.702121594,        3.67249448,      0.2870190996,     0.06062493307
      -1.689864928,         3.6914411,      0.2929953013,     0.06298477826
      -1.702322847,       3.675833211,      0.2987712205,     0.06553855372
      -1.703656413,       3.676838045,      0.3043012755,      0.0680687993
      -1.690537748,       3.689793775,        0.30968621,     0.07095673779
      -1.712215136,       3.659550772,      0.3148465818,     0.07373358835
      -1.711182189,       3.660470363,      0.3198361051,     0.07654081975
      -1.682140762,       3.714678586,      0.3246483958,     0.07967769788
      -1.702343841,       3.681833667,      0.3292102629,     0.08295788936
       -1.71086324,       3.669718701,      0.3336022946,     0.08687490046
      -1.696963296,        3.68770868,      0.3377411608,     0.09096565441
      -1.713665117,       3.663042933,      0.3416943611,     0.09540484488
      -1.708791976,       3.677281782,        0.34534149,     0.09957632874
      -1.706494017,       3.682694536,      0.3488084122,      0.1039395498
      -1.721195513,       3.654049377,      0.3520355127,      0.1086129857
      -1.718930896,       3.662538389,      0.3550618139,      0.1134158544
      -1.709652909,       3.675758574,        0.35785088,      0.1186166101
      -1.716107049,       3.668610645,      0.3604739465,      0.1243724656
      -1.724461076,       3.652613278,      0.3628328358,      0.1302398452
      -1.722066332,        3.65635276,      0.3649407694,      0.1364725488
      -1.715588878,       3.672654792,      0.3667788767,      0.1432896007
      -1.719329773,       3.668021668,      0.3683468933,      0.1505182977
      -1.726885238,       3.652002821,       0.369605067,      0.1580665217
      -1.728810879,       3.648778186,      0.3705554675,      0.1658385183
      -1.724296914,       3.658917816,      0.3711652657,      0.1736918414
      -1.726426838,       3.655043716,      0.3714287278,      0.1816645088
      -1.732045294,       3.642085153,      0.3712391035,      0.1898932149
      -1.728358568,       3.650390207,      0.3706239879,      0.1975283158
      -1.724827426,       3.657627197,       0.369543361,      0.2048671817
      -1.724496889,       3.658134465,      0.3679996729,      0.2114290951
      -1.722425303,       3.661738974,      0.3659475966,      0.2172022749
      -1.730697946,       3.642828392,      0.3632645826,      0.2219550518
      -1.722598631,       3.659717216,      0.3598945683,      0.2261026834
       -1.71996852,        3.66439346,      0.3556610213,      0.2284775648
      -1.729564602,        3.64182537,       0.350416893,      0.2293655401
       -1.72328334,       3.653128345,      0.3441359786,       0.228601194
      -1.716215029,       3.667905676,      0.3367166417,       0.225761284
       -1.71640945,       3.666522101,      0.3280340381,      0.2218978751
      -1.715432335,       3.667701665,       0.317995908,      0.2159936531
      -1.719090548,       3.658486743,      0.3064952968,      0.2086582165
      -1.715054317,       3.666541721,      0.2934060441,      0.1986761563
      -1.711748745,       3.673133097,      0.2788948368,      0.1861774694
      -1.718225434,       3.658340526,      0.2629879479,      0.1716384164
      -1.722325322,       3.648184992,      0.2457358764,      0.1559662832
      -1.713194001,       3.668090725,      0.2273232252,      0.1385713201
      -1.714993709,       3.664398865,      0.2078303644,      0.1197188303
      -1.718770935,        3.65650835,      0.1872593509,     0.09661550737
      -1.719533679,       3.654429785,       0.165760108,     0.07311505546
      -1.714553217,       3.665321468,      0.1435722052,     0.04665860579
      -1.713621361,       3.667176166,      0.1208069298,     0.01915153215
       -1.71900403,       3.655662432,     0.09769421656,    -0.01143817528
      -1.723068494,       3.646499494,     0.07454480563,    -0.04159120431
      -1.715192537,       3.664141531,      0.0512140645,    -0.07325846592
      -1.715171362,       3.664832869,     0.02832487924,     -0.1031035243
      -1.720160386,       3.652755447,    0.005458720464,     -0.1330232445
      -1.717646515,       3.658547416,    -0.01673135684,     -0.1600351346
      -1.715229348,       3.663320524,    -0.03814922251,     -0.1843443372
      -1.716681563,       3.660315985,    -0.05863616868,     -0.2071780674
      -1.721723226,        3.64936989,    -0.07818731464,     -0.2268815931
      -1.718954306,       3.655437773,    -0.09675985141,     -0.2426666305
      -1.702541698,       3.681999001,     -0.1142699541,     -0.2545524068
      -1.711961824,       3.668586276,     -0.1309133529,     -0.2635539191
      -1.717722137,       3.657142498,     -0.1463610118,     -0.2684669286
      -1.709979978,       3.664657111,     -0.1606946741,     -0.2723193674
      -1.709948707,       3.670116418,     -0.1738665227,     -0.2743606222
      -1.703767144,        3.68723974,     -0.1859514845,     -0.2733554986
      -1.715648676,       3.659875487,     -0.1971677575,     -0.2697196337
       -1.72400571,       3.643880886,     -0.2071867344,     -0.2644215393
      -1.711493392,       3.666655042,     -0.2162078975,     -0.2567864688
      -1.715979984,       3.662694433,     -0.2243706358,     -0.2475480738
      -1.719614354,       3.653670374,     -0.2315317376,     -0.2353278231
      -1.726553051,       3.638850881,     -0.2378421866,     -0.2206271689
      -1.718574599,       3.657217858,     -0.2431997059,     -0.2041978308
      -1.710718312,         3.6750476,      -0.247848029,     -0.1866301136
      -1.721136174,       3.652589898,     -0.2518190721,     -0.1682126277
      -1.723889658,       3.646424055,     -0.2550968101,     -0.1490436174
      -1.717134571,       3.660877406,     -0.2577014015,     -0.1297171433
      -1.719609711,       3.656360052,     -0.2598799248,     -0.1094388741
      -1.723127774,       3.648842704,     -0.2616817397,    -0.09011379035
      -1.714737854,       3.667273981,     -0.2630764244,    -0.07050993125
      -1.715628996,       3.665977378,     -0.2642259258,    -0.05102562024
      -1.716774931,       3.664677267,     -0.2651370391,    -0.03143261465
      -1.721235086,       3.655463472,     -0.2657380606,    -0.01244214117
      -1.717866343,        3.66321293,     -0.2661342592,    0.005396686313
      -1.714342973,       3.670483346,     -0.2663366116,     0.02311550074
      -1.718753123,       3.662230641,     -0.2664093324,     0.03991941225
      -1.722449274,       3.654610646,      -0.266262591,     0.05620102878
      -1.718740957,       3.662968282,     -0.2659327804,     0.07148626456
      -1.717965494,       3.665451404,     -0.2655299571,     0.08533615504
      -1.720059234,       3.662312374,     -0.2648872856,     0.09786328967
      -1.723542242,       3.655583225,     -0.2642147358,       0.109779686
      -1.720813132,       3.662051518,       -0.26356034,      0.1216864965
      -1.718309871,       3.668350132,     -0.2629936825,      0.1344002725
      -1.720620016,       3.665094724,      -0.262346182,      0.1456308757
      -1.724747633,       3.657199436,     -0.2615772453,      0.1557611536
      -1.724879026,       3.657595688,     -0.2608713445,       0.165163414
      -1.720835203,        3.66709446,     -0.2603381745,      0.1741667181
      -1.723246184,       3.663257952,     -0.2599384813,      0.1829173662
      -1.724865834,       3.660048567,     -0.2595155011,      0.1898996871
      -1.729060896,       3.652338753,      -0.259183324,      0.1967853502
      -1.720232709,       3.671560238,     -0.2588980822,      0.2030920083
      -1.719139838,       3.675041337,     -0.2586433346,      0.2088746113
      -1.727436934,       3.659054136,      -0.258415116,      0.2146444351
      -1.716481363,       3.680633698,     -0.2583364989,      0.2202290937
      -1.719655124,       3.675758274,     -0.2582959701,      0.2253802154
      -1.722555691,       3.670893883,     -0.2583510003,      0.2300311919
      -1.725017129,       3.667591283,     -0.2585000884,      0.2342107325
      -1.730597176,       3.656730812,     -0.2587159845,      0.2376964762
      -1.723801323,       3.672691425,     -0.2589949654,      0.2406933339
      -1.722437482,        3.67581216,     -0.2594462596,      0.2430076729
      -1.713630405,       3.694747016,     -0.2600187899,      0.2448764125
      -1.733260929,       3.658741943,     -0.2606794691,      0.2461655943
      -1.729499199,       3.667643867,     -0.2614683182,      0.2466373258
      -1.723263991,       3.678937871,     -0.2623793853,       0.246724495
      -1.735181017,       3.659403558,     -0.2633826611,      0.2464056891
      -1.740435364,       3.650903485,     -0.2644820348,      0.2456617364
      -1.715088655,       3.698246288,     -0.2656667455,      0.2445871206
      -1.726853851,       3.680390709,     -0.2669541281,      0.2432180338
       -1.73674089,       3.661812594,     -0.2683044742,      0.2416984909
      -1.735205745,       3.663822017,      -0.269745957,      0.2399844787
      -1.735311929,       3.667331549,     -0.2713783952,      0.2379945305
      -1.737114297,       3.666114343,     -0.2730932833,      0.2358564768
      -1.741652071,       3.657631411,     -0.2748892742,      0.2337214401
      -1.724615702,       3.689134169,      -0.276781003,      0.2314855888
      -1.734756914,       3.673578593,     -0.2787979889,      0.2290865406
      -1.738091244,       3.669406337,     -0.2808967392,      0.2268802967
      -1.743667833,       3.659673031,     -0.2830328285,       0.224658793
      -1.749040727,       3.647918169,     -0.2852749999,      0.2222917027
      -1.745447279,       3.657465667,     -0.2875966094,      0.2197625443
      -1.748192976,       3.653712205,     -0.2899900115,      0.2172415034
      -1.752219996,       3.646451464,     -0.2924402332,      0.2148325372
      -1.729775803,       3.687232032,     -0.2949837853,      0.2122990335
      -1.739310217,       3.671338199,     -0.2975630283,      0.2098388836
      -1.746471947,       3.661957091,     -0.3001960491,      0.2077334735
       -1.75331285,        3.64989196,     -0.3029451461,      0.2053791631
      -1.762949951,       3.632182439,     -0.3057531866,      0.2029608954
      -1.756920635,       3.645285999,      -0.308618597,       0.200490226
      -1.757509261,       3.645765853,     -0.3115050796,      0.1983350571
      -1.755701284,       3.649830311,     -0.3144493077,      0.1959258523
      -1.758723989,       3.643474295,     -0.3175060882,       0.193650832
      -1.708333311,       3.714999402,      -0.320615061,      0.1916957165
      -1.746309443,       3.668174475,     -0.3237365617,      0.1897011811
       -1.75802209,       3.646470672,     -0.3268750918,      0.1880608212
      -1.759474623,       3.646152573,     -0.3299869673,      0.1864881508
      -1.727486738,       3.691513704,      -0.333053457,      0.1850895677
      -1.750985336,       3.662972155,     -0.3360817317,      0.1835964348
      -1.711418979,       3.714767698,     -0.3390926727,      0.1821070211
      -1.748680173,       3.667339798,     -0.3420637642,       0.180249958
      -1.735096637,       3.685825888,      -0.344941026,      0.1785249886
      -1.741427836,       3.682858151,     -0.3477551054,      0.1769763558
      -1.743614484,       3.673541186,     -0.3505210328,      0.1753621271
      -1.761361712,       3.651559722,     -0.3532556663,      0.1739645043
      -1.743790852,       3.678223022,     -0.3559398224,      0.1726326653
      -1.752094673,       3.668963405,     -0.3585871903,      0.1716380563
      -1.758175947,       3.658223529,     -0.3611487719,      0.1708807862
      -1.763480102,        3.64963991,     -0.3636013717,      0.1701693588
      -1.747154283,       3.679605103,     -0.3659820737,      0.1696145618
       -1.75724737,       3.663247253,     -0.3682539129,      0.1693502624
      -1.761894911,       3.655711425,     -0.3704161235,      0.1690859046
      -1.751718975,       3.672451023,     -0.3725255195,      0.1685529014
       -1.74512364,       3.685340462,     -0.3744859831,       0.168442526
      -1.746976821,       3.684273539,     -0.3763178057,       0.168390192
      -1.767943482,       3.647723463,     -0.3779601429,      0.1685109546
      -1.763702017,       3.654908459,     -0.3795493307,       0.168174965
      -1.738878145,       3.696482169,     -0.3809509077,      0.1683586124
      -1.745728086,       3.686060202,     -0.3822639696,      0.1680726161
      -1.732268481,       3.708356234,     -0.3833860129,      0.1681368277
      -1.747469464,       3.683786143,     -0.3843873959,      0.1675035085
      -1.744884014,       3.686648756,     -0.3852006476,       0.166802097
      -1.746937659,       3.683799501,     -0.3858482983,      0.1661462452
      -1.751090951,       3.675999933,     -0.3863779473,      0.1657175188
      -1.723563785,        3.72340722,     -0.3867154583,      0.1649661579
      -1.732635523,       3.707504545,     -0.3868810619,      0.1644677939
      -1.740414226,       3.695696178,     -0.3869212105,      0.1639997331
      -1.751507395,       3.676343986,     -0.3867410869,      0.1631141174
      -1.749632364,       3.680328516,      -0.386386383,      0.1626003376
       -1.73687599,       3.700329501,     -0.3858538146,      0.1622143052
      -1.738886553,         3.6972822,     -0.3850802501,      0.1614096487
      -1.726768691,       3.716301104,     -0.3841584206,      0.1606187636
      -1.737017271,        3.70096664,     -0.3830605142,      0.1595641923
      -1.740375401,       3.693937152,     -0.3817620164,      0.1584495023
      -1.740581926,       3.693587285,     -0.3802741227,      0.1573370313
      -1.744050432,       3.686892035,     -0.3786404686,      0.1561006602
      -1.719931552,        3.72728936,     -0.3768429788,       0.154716108
      -1.725494138,       3.717182786,     -0.3749020631,       0.153027745
      -1.730744383,       3.708491153,     -0.3728021044,      0.1510092858
      -1.740946725,       3.691146736,     -0.3704904611,      0.1487500528
      -1.736602987,       3.699389536,     -0.3680218581,      0.1463681819
      -1.717291159,        3.72900492,     -0.3654049315,      0.1437157441
      -1.725766121,       3.715065942,     -0.3626300623,      0.1407189246
      -1.742811416,       3.686482388,     -0.3597267072,      0.1373300314
      -1.740858763,       3.690124691,     -0.3566853629,      0.1337796709
      -1.736802315,       3.696009502,     -0.3534919428,      0.1302305627
      -1.730470251,       3.706115113,     -0.3501396371,      0.1262829687
      -1.729744657,       3.706927329,     -0.3466445206,      0.1219967562
      -1.727212492,       3.711304374,     -0.3430172113,      0.1173849053
       -1.72569694,       3.714465738,     -0.3392616424,      0.1126319686
      -1.733913926,       3.699861673,     -0.3353963721,      0.1078023188
      -1.732633507,       3.701035562,     -0.3314388999,      0.1026030002
      -1.729238744,        3.70729765,     -0.3274009588,     0.09703249933
      -1.733020061,       3.700424659,     -0.3232481212,     0.09128847282
      -1.733846972,       3.699078641,     -0.3189875937,     0.08551502915
      -1.720257671,       3.721270601,     -0.3145096311,     0.08009844149
      -1.718740373,       3.723864139,     -0.3098997926,     0.07472369882
      -1.734426076,       3.697691245,      -0.305209594,     0.06904331469
      -1.737348927,       3.692834017,     -0.3004775629,     0.06313585516
      -1.716080916,       3.727576864,     -0.2958450315,     0.05647428023
      -1.713879883,       3.730761998,     -0.2912013797,     0.04947657168
      -1.726466673,       3.710221319,     -0.2864358376,     0.04228387157
      -1.725601217,       3.711349741,     -0.2816579408,     0.03499085206
       -1.71409492,        3.72917039,     -0.2767678589,     0.02813783459
      -1.710576393,       3.735140652,     -0.2718633397,     0.02123775086
      -1.712416579,       3.731767323,      -0.266989695,     0.01411374204
      -1.718301545,       3.722956692,     -0.2620437811,     0.00713621274
      -1.708129577,       3.738977637,     -0.2570994228,   0.0001188252939
      -1.703922346,       3.745935681,     -0.2520545973,   -0.006528583191
      -1.714417546,       3.728645315,     -0.2469591915,    -0.01304834323
       -1.71471232,       3.729736126,     -0.2418767305,    -0.01943055224
      -1.700347461,       3.751811886,     -0.2367294624,    -0.02561500258
      -1.691870887,        3.75738987,     -0.2315430102,    -0.03177787205
      -1.721209378,       3.718395778,     -0.2263696645,    -0.03792338039
      -1.708728864,       3.731883707,     -0.2211467649,    -0.04415316687
      -1.720565955,       3.719227589,     -0.2158190571,    -0.04963805101
       -1.70547033,       3.736795332,     -0.2104969914,     -0.0552938498
       -1.69564065,       3.762075019,     -0.2051537029,    -0.06078888617
      -1.703434356,       3.747357355,     -0.1997028239,     -0.0658289112
      -1.712609794,       3.734707344,     -0.1942457099,    -0.07108222119
      -1.707014918,       3.746638144,     -0.1886396497,    -0.07545669711
      -1.722315644,       3.723011753,     -0.1830414733,    -0.07947856455
      -1.724053194,       3.721473643,     -0.1774325947,    -0.08364303238
      -1.698412578,       3.763508723,     -0.1717554445,    -0.08748668806
      -1.720120066,        3.73221598,     -0.1661288631,    -0.09128497126
      -1.731842163,       3.714615928,     -0.1605042847,    -0.09489870475
      -1.717015456,       3.741192616,     -0.1548536957,    -0.09843664588
      -1.710700196,       3.749805944,     -0.1491979485,     -0.1019788162
      -1.721754855,       3.734989355,     -0.1435250951,     -0.1051912371
      -1.721760278,       3.737921231,     -0.1378235661,     -0.1079822022
      -1.737681061,       3.714744223,      -0.132113093,     -0.1103051498
      -1.729646151,       3.727412158,     -0.1264110236,     -0.1123322622
      -1.725186005,       3.737439741,     -0.1207084951,     -0.1139889019
      -1.741302954,       3.714048076,     -0.1150209409,     -0.1155172803
      -1.735546913,       3.723136397,     -0.1094176173,     -0.1169640564
       -1.73278896,       3.729622059,     -0.1037331159,     -0.1175195792
       -1.73712954,        3.72510501,    -0.09818055523,     -0.1181905921
      -1.719213453,       3.751092351,    -0.09262636728,     -0.1187107176
       -1.72586006,       3.743888091,    -0.08699363734,     -0.1187153403
      -1.750081485,       3.709624582,    -0.08144868963,     -0.1187116031
      -1.730579514,       3.738603757,    -0.07595830973,     -0.1183748448
      -1.724315419,       3.748534816,    -0.07051362733,     -0.1176638142
      -1.738583845,       3.730839083,    -0.06502497789,     -0.1161313036
      -1.730847576,       3.742138434,    -0.05959436021,     -0.1144464434
      -1.741660388,       3.727252106,    -0.05422541938,     -0.1127853225
      -1.730834795,       3.744379598,    -0.04890229175,     -0.1107582755
      -1.740258997,       3.731368943,    -0.04363986907,      -0.108630698
      -1.748963028,       3.719022323,    -0.03846959422,     -0.1066057841
      -1.730475107,        3.74555861,    -0.03338325102,     -0.1047063229
      -1.738035118,       3.735845049,     -0.0283809024,     -0.1023556601
      -1.740664405,        3.73351671,    -0.02343408049,    -0.09977894661
      -1.732776328,       3.744104451,    -0.01852491029,    -0.09682423918
      -1.737961553,        3.73858707,     -0.0136652981,    -0.09365620614
      -1.750971895,       3.720313842,   -0.008922665911,     -0.0906856118
      -1.755766828,       3.713844345,   -0.004290941926,    -0.08777342765
      -1.740478018,       3.736175698,   0.0002148434012,    -0.08483278894
      -1.755979134,       3.714642181,    0.004594364899,    -0.08198977872
      -1.744227819,       3.731063334,    0.008846581182,     -0.0793120383
      -1.725867022,       3.758620565,     0.01294414888,    -0.07662491841
      -1.740534051,       3.736865624,      0.0170048872,    -0.07412543006
      -1.768467519,       3.697453352,     0.02092856179,     -0.0717446547
      -1.758771599,       3.712538574,     0.02477497931,    -0.06913632769
      -1.743645384,       3.733430691,     0.02858447409,    -0.06689422321
      -1.729568433,       3.754857822,     0.03232897058,    -0.06480592141
      -1.749043622,       3.729093562,     0.03599063774,    -0.06302452144
      -1.757462623,       3.716618068,     0.03957131556,    -0.06114580314
      -1.743433049,       3.737382154,     0.04308854171,    -0.05921960054
      -1.766319944,       3.705744094,     0.04654739216,    -0.05740091082
      -1.759567115,       3.715890013,     0.04995131684,    -0.05547019612
      -1.742657236,       3.740051445,     0.05326046777,    -0.05348655401
      -1.753906142,       3.724524651,     0.05657125405,    -0.05161645452
      -1.748173545,       3.733230895,     0.05981155104,    -0.04963680602
      -1.733372277,       3.755024536,     0.06298627529,    -0.04774966219
      -1.747169882,       3.735476285,     0.06611734298,     -0.0455825627
      -1.759104502,         3.7196776,     0.06918813347,    -0.04347409228
      -1.710588082,       3.793109084,     0.07219309398,    -0.04127620221
      -1.730811446,       3.760065789,     0.07514775861,    -0.03947063001
      -1.746836404,       3.744848997,     0.07805662265,    -0.03762008769
      -1.750637741,        3.73656429,     0.08093513775,    -0.03588884921
      -1.725448324,       3.766281276,     0.08374901162,    -0.03417205462
      -1.738969753,       3.747817253,     0.08651251452,    -0.03262708634
      -1.754032361,       3.729735596,      0.0892295111,    -0.03121670541
      -1.759796399,       3.721845518,     0.09191663738,    -0.03003038597
      -1.749528222,       3.736042206,     0.09462012634,    -0.02821940954
      -1.731445793,       3.761483102,     0.09730314173,    -0.02621860829
      -1.739975636,       3.750446669,     0.09998067472,    -0.02402310568
      -1.753732005,       3.733152427,      0.1026691023,    -0.02158295727
        -1.7265955,       3.769147524,      0.1053395089,    -0.01894479108
      -1.749761278,       3.739930607,      0.1079744511,    -0.01608536682
       -1.74200165,       3.750065113,      0.1105762811,    -0.01339886758
      -1.730416631,       3.766858749,      0.1131530837,     -0.0106979923
      -1.751973209,       3.739095719,      0.1157217603,   -0.007811379109
      -1.780276794,       3.701964009,      0.1183045179,    -0.00490140709
      -1.742234171,       3.753138496,       0.120874313,   -0.001864137123
       -1.73494035,       3.762506004,      0.1234147314,    0.001004302669
       -1.76347728,       3.725371644,      0.1259721911,     0.00409367532
      -1.745186548,       3.750778418,      0.1285455095,    0.007151231814
      -1.739105318,       3.758301079,      0.1311621543,     0.01032983499
      -1.730208136,       3.768965844,       0.133794631,     0.01336181314
      -1.736338793,       3.762880128,      0.1364447445,     0.01645802557
      -1.754395329,       3.739789399,      0.1391027272,     0.01950844252
      -1.748448574,       3.746389059,      0.1417992291,     0.02280940008
      -1.724244818,       3.778010368,       0.144485685,     0.02620563291
      -1.733407627,       3.765574222,      0.1472390548,     0.02989719797
      -1.742476334,        3.75311709,      0.1500223891,     0.03375112884
      -1.742930135,       3.753322047,      0.1528428288,     0.03757051414
      -1.751495151,       3.740927803,      0.1556885148,     0.04166900202
      -1.729417033,       3.768324563,       0.158572613,     0.04572841095
      -1.711199858,       3.791791752,      0.1614548133,     0.04958987599
      -1.730423929,       3.766177844,      0.1644152212,     0.05360566851
      -1.738654222,       3.755405865,      0.1673937432,     0.05732653884
      -1.697695597,       3.806474212,      0.1704486303,     0.06127706548
      -1.715565624,       3.783676533,      0.1735299814,      0.0650797716
       -1.73439444,       3.758723941,       0.176654663,     0.06891707547
      -1.716639213,       3.782188071,      0.1798259401,     0.07259041543
      -1.707685903,        3.79214602,      0.1830675186,     0.07617891754
      -1.707229092,       3.791872939,      0.1863517889,     0.07982956872
      -1.707237955,       3.792120873,      0.1896959469,     0.08354755145
      -1.717937824,       3.778055953,      0.1930963893,     0.08709411337
      -1.690736748,       3.810329194,       0.196538916,     0.09059924363
      -1.687307165,       3.815679017,      0.2000354556,     0.09404433398
      -1.705096799,        3.79230247,      0.2036096148,     0.09745240502
      -1.699291305,       3.799263052,      0.2072306968,      0.1005982591
      -1.691115115,       3.810553018,      0.2109150014,      0.1036990803
      -1.688105585,       3.812756351,      0.2146754771,      0.1067092416
      -1.692589852,       3.806451182,      0.2185204582,       0.109563071
      -1.681566236,       3.821148498,      0.2224743989,      0.1124176071
      -1.692063898,       3.806420898,      0.2264899207,      0.1151769801
      -1.706317152,       3.787748009,        0.23058304,      0.1178730738
      -1.688151998,       3.811762496,      0.2347501526,        0.12039849
      -1.688892203,       3.810506265,      0.2389903365,      0.1226936815
      -1.700597261,       3.794783631,       0.243345938,       0.124917678
      -1.676230622,       3.825897768,      0.2477890309,      0.1270455934
        -1.6795689,       3.820541789,      0.2523135652,      0.1290142714
      -1.699189614,       3.796392164,      0.2569611916,      0.1308322743
      -1.686250252,       3.813119857,      0.2617050075,      0.1325124278
      -1.692360149,       3.805342019,      0.2665281247,      0.1339397876
      -1.684924653,       3.813149344,      0.2714699491,      0.1353215335
       -1.67698805,       3.824892705,      0.2765319842,      0.1364614479
      -1.681334305,       3.818497873,      0.2817496909,      0.1376020135
      -1.689945736,         3.8068797,      0.2870771598,      0.1385271365
      -1.676486627,       3.824438599,      0.2925471424,      0.1393913499
      -1.697999384,       3.797369233,      0.2981418752,      0.1401805917
      -1.695188071,       3.799571281,      0.3039711688,       0.141059191
       -1.67483322,       3.826516161,      0.3099473592,      0.1417939127
      -1.696998103,       3.797165434,      0.3160954769,      0.1424820621
      -1.710491298,       3.778765413,      0.3224130282,      0.1429389557
       -1.68698158,       3.810292011,      0.3289174129,       0.143465134
      -1.672372818,       3.827542701,      0.3355386837,      0.1437124522
      -1.698920874,       3.792678794,      0.3423525782,      0.1440926624
      -1.696262754,       3.797371505,      0.3492445446,       0.143719895
      -1.690892271,         3.8028167,      0.3563356829,      0.1430269882
      -1.697770898,       3.794404564,       0.363568647,      0.1418878529
      -1.686325038,       3.808695829,      0.3709789284,      0.1406137918
      -1.700615617,       3.789672629,      0.3785022853,      0.1388600103
      -1.697329878,       3.793079915,      0.3860081557,      0.1368981158
      -1.690972388,       3.801863961,      0.3934296546,      0.1343262435
      -1.702938226,        3.78427858,      0.4009212154,      0.1314997818
      -1.718763046,       3.763365712,      0.4084405079,      0.1282854065
      -1.701111227,       3.786750118,      0.4160171495,      0.1247528218
      -1.703839874,        3.78166946,      0.4236167781,      0.1208364027
      -1.714636221,       3.764653012,      0.4312095333,      0.1166400801
      -1.701638485,       3.784645513,       0.438757991,      0.1122138071
      -1.682342029,       3.801106539,      0.4462275787,      0.1079430631
      -1.706435522,       3.774965063,      0.4535580583,      0.1033121725
      -1.710201203,       3.770915405,      0.4607590808,     0.09858931138
      -1.716782635,       3.760754503,      0.4677937997,     0.09369676203
      -1.701712524,       3.778278599,      0.4745824489,     0.08833956567
      -1.687262918,       3.800325952,      0.4810223484,     0.08286181935
       -1.71233524,       3.765410686,      0.4872364331,     0.07725574043
      -1.717819909,       3.755672806,      0.4931728052,      0.0714744437
      -1.699381181,       3.782523928,      0.4986397856,     0.06565240263
      -1.695059532,       3.787037804,      0.5036818041,     0.05935656344
      -1.712640857,       3.761613314,      0.5082033536,     0.05294388972
      -1.699499433,       3.780702708,      0.5122265313,     0.04630672681
      -1.709494987,       3.765287948,      0.5157499387,     0.03948886068
       -1.70622565,        3.76905488,      0.5187329066,     0.03298728479
      -1.693670013,       3.787599953,      0.5211874293,     0.02657601526
      -1.720706486,       3.747804497,      0.5231327247,     0.02037588368
      -1.748967166,       3.704763956,      0.5245539401,     0.01424299041
      -1.723015674,       3.744233668,       0.525418095,    0.008063080608
      -1.741867977,       3.715854532,      0.5257238975,    0.002170109247
      -1.745249649,       3.708548408,      0.5255016942,   -0.003661164675
      -1.736793044,       3.722847698,      0.5248127702,   -0.009134668998
      -1.736124554,       3.721634609,      0.5236660863,    -0.01422918663
      -1.742365633,       3.710663272,      0.5220300537,    -0.01903838156
      -1.725237344,       3.737474271,        0.51993514,    -0.02386357961
      -1.733017266,       3.723344262,      0.5174259427,    -0.02842406056
      -1.739998032,       3.712003358,      0.5145427331,    -0.03256700998
      -1.724238169,       3.736105827,      0.5112772424,    -0.03650479996
      -1.735667336,       3.718194583,      0.5076539626,    -0.03999034351
      -1.737165412,       3.712002157,      0.5037035567,    -0.04330353943
      -1.731127407,       3.725023327,      0.4994478708,    -0.04621893697
      -1.740196454,       3.706966092,      0.4949372933,    -0.04889619448
      -1.754528493,        3.68485601,      0.4901913706,    -0.05145274833
       -1.72756229,       3.723673932,      0.4852199399,    -0.05369747176
      -1.729821038,        3.72314792,      0.4800543938,     -0.0556330909
      -1.728915843,       3.718835456,      0.4747311136,    -0.05740397154
      -1.729054753,       3.724276979,      0.4692177458,    -0.05912188974
      -1.721840263,       3.728304026,      0.4635342393,    -0.06072914351
      -1.738844361,       3.705589907,      0.4576922613,    -0.06236169493
      -1.715921193,       3.737848087,      0.4517250861,    -0.06395629181
      -1.732902638,       3.714744754,      0.4456738238,    -0.06554717244
      -1.730976031,        3.71215381,      0.4395603527,     -0.0672468881
      -1.724781539,       3.728275018,      0.4333113962,    -0.06894210126
      -1.705073459,       3.753054169,       0.426966284,     -0.0706050953
      -1.685340109,       3.783853657,      0.4205230729,    -0.07233236347
      -1.657312599,        3.82159287,      0.4140213392,    -0.07436051929
      -1.692061022,       3.775611205,      0.4074697285,    -0.07646640331
      -1.694450486,       3.770285374,      0.4008682145,    -0.07904193004
       -1.67590496,       3.799370242,      0.3942407079,    -0.08159649565
      -1.696492692,       3.773614641,      0.3876270923,    -0.08398762445
      -1.696408318,       3.769962529,      0.3809667098,    -0.08688497203
      -1.685095918,       3.785425192,      0.3742714206,    -0.09016268555
       -1.68628939,       3.784719482,      0.3676672544,    -0.09292409086
      -1.680653191,       3.793537581,      0.3610641924,    -0.09621157372
        -1.6824522,       3.792531212,      0.3545117912,    -0.09949109646
      -1.709730308,       3.754192002,      0.3480270382,     -0.1028897408
      -1.703843959,       3.760673604,       0.341570672,     -0.1063428051
      -1.696522889,       3.775108049,      0.3351652152,     -0.1094753704
      -1.705418395,       3.762084061,      0.3287886217,     -0.1128428246
      -1.719398242,       3.743570308,      0.3225075105,      -0.115735034
      -1.698826171,       3.774138877,       0.316249262,     -0.1183953836
      -1.716779783,       3.748758831,      0.3100557201,     -0.1209712365
      -1.717587612,       3.747313649,      0.3038563184,     -0.1235691627
      -1.705091777,       3.768400563,      0.2976863493,     -0.1258832646
      -1.725416483,       3.737399598,      0.2915834865,     -0.1278976178
      -1.740921223,       3.715410618,      0.2854960639,     -0.1294331214
      -1.723578792,       3.742542632,      0.2795126526,     -0.1311155818
       -1.72842953,       3.735388146,      0.2736016009,     -0.1324443236
       -1.72382807,       3.742765412,      0.2677329468,     -0.1331439614
       -1.71525973,       3.757117489,      0.2619751324,     -0.1337976931
      -1.716982082,       3.754188948,      0.2562845132,     -0.1342420591
      -1.741076976,       3.718047962,       0.250603172,     -0.1343096735
      -1.718621874,       3.754173133,      0.2450295213,     -0.1338415092
      -1.721526444,       3.749311491,      0.2395648209,     -0.1332464107
      -1.748737916,       3.709182323,      0.2341734423,     -0.1324526706
      -1.742586318,       3.719497354,      0.2288639434,     -0.1310453828
      -1.749545868,        3.70931748,      0.2236394292,     -0.1295940158
      -1.741162061,       3.721464107,      0.2185106509,     -0.1280178229
      -1.727778023,       3.743341193,       0.213454028,      -0.126216441
      -1.752300616,       3.706193898,      0.2084752787,      -0.123972828
      -1.760513556,       3.694627561,      0.2035379866,     -0.1219785438
      -1.729881033,       3.741637516,       0.198697516,     -0.1194978292
      -1.758715152,       3.699061015,      0.1939022612,     -0.1168927919
      -1.770250118,       3.681381518,      0.1891776498,     -0.1142494842
      -1.748201099,       3.716889967,      0.1845123785,     -0.1113957372
      -1.755749033,       3.705187902,      0.1798827537,     -0.1079858125
      -1.756183691,       3.705268734,       0.175295552,     -0.1044552491
      -1.736985676,       3.734712331,      0.1707937473,     -0.1005618306
      -1.735654212,       3.736035774,      0.1663109385,    -0.09624412742
      -1.767350901,       3.690506034,      0.1618332881,    -0.09221745072
      -1.751536593,       3.716678283,       0.157433354,    -0.08784368825
      -1.747598701,       3.720794806,      0.1530613569,    -0.08343402463
      -1.768355015,       3.690330704,      0.1487452448,    -0.07869575528
       -1.76107431,       3.705359425,      0.1444674666,    -0.07427412682
       -1.75463909,       3.713756387,      0.1401948336,    -0.06979973004
      -1.764359283,       3.700002555,      0.1359256246,    -0.06524075628
      -1.770861921,       3.692989665,      0.1316751725,    -0.06076006298
      -1.781629992,       3.677446775,        0.12744623,    -0.05631671713
      -1.750162614,       3.723335149,      0.1232563601,    -0.05187517779
      -1.756277263,        3.71801824,      0.1190820158,    -0.04741750505
      -1.783338182,       3.677878673,      0.1149414087,    -0.04266065816
      -1.791995239,       3.667297013,      0.1107878773,    -0.03789671051
      -1.774599042,       3.695180564,      0.1066521328,    -0.03325931216
      -1.783449086,       3.683694623,      0.1025130049,    -0.02846411266
      -1.780506558,       3.688451995,     0.09837831825,     -0.0237727072
      -1.788043945,       3.682511907,     0.09421449469,    -0.01930307469
       -1.79448321,        3.67179551,     0.09007090614,    -0.01499850585
      -1.801386413,       3.664082286,     0.08595692947,    -0.01043940871
      -1.777963765,       3.700561384,     0.08186043469,    -0.00604274353
      -1.802539231,       3.667513055,     0.07775817062,   -0.001730894699
      -1.808868598,       3.658966619,     0.07372207944,    0.002509297026
      -1.804642345,       3.668389861,     0.06969257945,    0.006707777546
      -1.821467197,       3.645829234,     0.06566728773,     0.01055925623
      -1.797617111,       3.681911179,     0.06167073852,     0.01428415327
      -1.798005076,        3.68468339,     0.05759895103,     0.01800977272
      -1.808023193,       3.674142929,     0.05357175989,     0.02140676865
      -1.775318171,       3.710813994,     0.04957770241,     0.02480884078
      -1.782440724,       3.709970895,     0.04557842806,     0.02808975743
      -1.798811281,        3.68962568,     0.04163177529,     0.03145892853
      -1.799916933,       3.691053626,     0.03770303288,     0.03481558769
      -1.815163053,       3.671227913,     0.03379806419,     0.03822307062
      -1.823139165,       3.661207206,     0.02991091481,     0.04148152987
      -1.806388081,       3.684803469,     0.02601702519,     0.04460628056
      -1.781997504,       3.717940657,     0.02211301153,     0.04750621353
      -1.805891522,       3.688715797,     0.01824948362,     0.05035819938
      -1.822068097,       3.667803429,     0.01438103455,      0.0532130697
      -1.818755676,       3.672677983,     0.01051867873,     0.05597047383
      -1.817828029,       3.675853772,    0.006670341541,     0.05863762341
      -1.810795396,       3.685626868,     0.00284667317,     0.06140040454
      -1.821236992,       3.671698994,   -0.000962690818,     0.06421686001
      -1.817421344,       3.677654291,   -0.004745875581,     0.06688344576
      -1.785096012,       3.718512938,   -0.008518171274,     0.06960160343
      -1.822581655,       3.672590516,    -0.01228464073,     0.07227010947
      -1.830790848,       3.661074542,    -0.01602258158,      0.0748858686
      -1.812744048,       3.683239288,    -0.01970988409,      0.0774557135
      -1.821924723,       3.671810124,    -0.02337312855,     0.07999688596
      -1.800784057,       3.698885379,    -0.02700372264,     0.08244047509
      -1.839489361,       3.648903622,     -0.0305851293,     0.08488414355
      -1.824464637,       3.669104925,    -0.03412810385,      0.0873891143
      -1.820054976,       3.675021041,    -0.03760280511,     0.08976658251
      -1.844997648,       3.644151105,    -0.04101854322,     0.09205865329
       -1.83950547,       3.649952132,    -0.04437952072,     0.09429376163
      -1.845367694,       3.642475545,    -0.04768367391,     0.09638474116
      -1.846825812,       3.641363973,    -0.05093846004,     0.09821682332
      -1.810269981,       3.689803018,    -0.05415883937,     0.09992543379
      -1.824710335,        3.67113682,    -0.05732112824,       0.101627151
      -1.855561199,       3.631303753,    -0.06043179801,      0.1032428749
      -1.817156493,       3.680652422,    -0.06347729118,      0.1048793826
      -1.820762943,       3.678181407,    -0.06649168717,      0.1065371617
      -1.845076677,        3.64597521,    -0.06944386813,      0.1082500164
       -1.84751926,        3.64317855,    -0.07231806536,      0.1098511555
      -1.839689892,       3.653930259,     -0.0751259949,      0.1114579853
      -1.827265697,       3.671937662,    -0.07786681718,      0.1129939617
      -1.808614021,       3.693449475,    -0.08054037185,      0.1146617029
      -1.837330539,       3.657899628,    -0.08313562545,      0.1163392344
       -1.84747316,        3.64627569,    -0.08566904358,      0.1180880959
      -1.829410928,        3.67069567,    -0.08812242953,      0.1198617311
      -1.846197807,       3.649682718,    -0.09052256795,      0.1217544465
      -1.825693438,       3.674444866,    -0.09285028785,      0.1236410542
      -1.835507599,       3.664889686,    -0.09511006892,      0.1255171193
        -1.8315227,       3.669509702,    -0.09729754608,      0.1274231684
      -1.836158464,       3.664054485,    -0.09941211755,      0.1292594999
      -1.864753358,        3.62907686,     -0.1014738935,      0.1310464764
      -1.859286459,       3.636953679,     -0.1034661425,       0.132816625
      -1.829852712,       3.673856379,     -0.1053824353,      0.1345988641
      -1.836277729,       3.667149376,     -0.1072507102,      0.1362935216
      -1.868262861,       3.627132135,     -0.1090536737,      0.1379537554
      -1.875674435,       3.618891119,     -0.1107906466,       0.139502394
      -1.833916216,       3.671742797,     -0.1124703984,      0.1409562902
      -1.837514919,       3.667883781,     -0.1140942981,      0.1423418219
      -1.877305842,       3.617748606,     -0.1156705089,       0.143647647
      -1.863500577,       3.637115305,     -0.1171851473,      0.1448425583
      -1.836954818,       3.668986957,     -0.1186456501,      0.1459283576
      -1.847339987,       3.656518687,     -0.1200678512,      0.1469744943
      -1.870334133,       3.628914246,     -0.1214543067,      0.1479612441
      -1.861627747,       3.641805029,     -0.1228310487,      0.1486742304
      -1.829754766,       3.678236936,     -0.1241886027,      0.1492051421
      -1.822105047,       3.687339851,     -0.1255170894,      0.1496081519
      -1.861651689,       3.640328967,     -0.1268487687,      0.1498715112
      -1.862073403,       3.640073299,     -0.1281753957,      0.1499641567
      -1.832819803,       3.674252305,     -0.1294923629,      0.1498867122
      -1.844222016,        3.66055129,     -0.1308105108,      0.1495118834
      -1.818760335,        3.69100867,     -0.1321330502,       0.148834959
      -1.798689396,       3.715721118,     -0.1334570644,      0.1478670367
      -1.843329832,        3.66123853,     -0.1347772254,        0.14670355
       -1.83849264,       3.666440038,     -0.1360838231,      0.1453725522
      -1.825741521,       3.681986702,     -0.1374052216,      0.1438274104
       -1.80978428,       3.700227083,     -0.1387316447,      0.1420661249
      -1.813957394,       3.694721206,     -0.1400706021,      0.1401086804
      -1.825638404,       3.679282459,     -0.1414253559,      0.1379142976
       -1.82952408,       3.674843351,     -0.1427753822,       0.135534299
      -1.807953328,        3.70160673,     -0.1441532009,      0.1328386238
      -1.843591082,       3.657226917,     -0.1455512219,      0.1298647366
      -1.824433487,       3.678650196,     -0.1469715282,      0.1266061843
      -1.818663834,       3.685278642,     -0.1484147526,      0.1230146202
      -1.835855477,       3.665996782,     -0.1498922386,       0.119114595
      -1.814499717,       3.690091876,     -0.1513651797,      0.1151649156
      -1.814856205,       3.689446987,     -0.1528732575,      0.1108678054
      -1.819236853,       3.683967302,     -0.1544068448,      0.1062901929
      -1.839299985,        3.65824386,     -0.1559421266,      0.1014759352
      -1.819122818,       3.681034737,     -0.1574609993,     0.09643084764
      -1.813944491,       3.688004142,     -0.1589903527,     0.09097447823
      -1.823329149,       3.675540473,     -0.1605005462,     0.08536713917
      -1.826934019,       3.672710962,     -0.1619960267,     0.07960684022
      -1.825750277,       3.672220507,     -0.1634519897,     0.07375757449
       -1.81458688,       3.685971917,     -0.1648396002,     0.06784785223
      -1.791096233,       3.715018159,     -0.1662217837,     0.06166686089
      -1.802283704,       3.701025926,     -0.1675770396,     0.05533167381
      -1.813531092,       3.685212967,     -0.1689026802,     0.04880855754
      -1.801898654,       3.702406816,     -0.1701981702,     0.04230208837
      -1.789022417,       3.715864043,     -0.1714625709,     0.03569657759
      -1.813121283,        3.68638714,     -0.1726659538,      0.0293652942
      -1.798061019,       3.705261154,     -0.1737970353,     0.02316174245
       -1.81669186,       3.680293877,     -0.1748829291,     0.01694505643
      -1.815409835,       3.682585045,     -0.1759098471,     0.01087402086
      -1.814227797,       3.683567823,     -0.1768548026,     0.00495704316
      -1.831924568,        3.66278695,      -0.177727595,  -0.0008897593486
      -1.841800458,       3.650562065,     -0.1784951868,   -0.006399608866
      -1.876243137,       3.604277501,     -0.1791849936,    -0.01164333693
      -1.879845475,       3.602136756,     -0.1797745637,    -0.01659686611
      -1.870869233,       3.612367369,     -0.1802781663,    -0.02121513835
      -1.886789368,       3.589461237,     -0.1807612388,    -0.02587351986
       -1.85505439,       3.634370903,     -0.1811252778,    -0.03005564164
      -1.873578996,       3.607042565,     -0.1814792686,    -0.03430278901
       -1.91158172,       3.553749307,     -0.1817281441,     -0.0380679387
      -1.884575382,       3.594493819,     -0.1819275159,    -0.04171617716
      -1.880974654,       3.598493557,     -0.1820606915,     -0.0450778329
      -1.878636839,       3.598340179,     -0.1821241517,    -0.04815823481
      -1.858928647,       3.626716174,     -0.1821073219,    -0.05078957135
       -1.81473838,       3.683025374,     -0.1820124297,    -0.05293076993
      -1.843667335,       3.644716464,     -0.1818335622,    -0.05479478798
      -1.781859897,       3.720311528,     -0.1815659417,    -0.05633105648
      -1.801318017,       3.694922088,     -0.1812218429,    -0.05734345808
      -1.802331952,       3.694667939,      -0.180795515,    -0.05780611468
      -1.732925645,       3.774872423,     -0.1802942306,    -0.05794062875
      -1.760083158,       3.745185773,     -0.1797321196,    -0.05774134569
      -1.770277382,       3.730159692,     -0.1791261518,    -0.05714186381
      -1.788485844,       3.707312116,      -0.178460113,     -0.0561746683
      -1.785183623,       3.710506904,      -0.177734554,     -0.0550153844
      -1.754100451,       3.748789721,     -0.1769630805,    -0.05359590682
      -1.796261667,       3.697347491,     -0.1761504229,     -0.0517097933
      -1.817256167,       3.670659485,     -0.1753040914,    -0.04932341555
      -1.778808738,       3.720640152,     -0.1744272542,      -0.046539654
       -1.78205042,       3.717469749,     -0.1735304453,    -0.04336223252
      -1.803535216,        3.68829149,     -0.1726248557,    -0.03988461401
      -1.828979832,       3.655899521,     -0.1717077508,    -0.03615429867
      -1.792399814,        3.70437263,      -0.170787134,    -0.03234613855
      -1.781335324,       3.717393682,     -0.1698573774,    -0.02832848529
      -1.780737207,       3.718539676,     -0.1689266276,    -0.02407788183
      -1.778463558,       3.722178883,     -0.1679889668,    -0.01946315829
      -1.820920817,        3.66880679,     -0.1670544333,     -0.0146684813
      -1.802677281,        3.69258512,     -0.1661371841,   -0.009863478831
      -1.808528888,       3.684906219,     -0.1652416248,   -0.005116429446
      -1.816274881,       3.674955335,     -0.1643703429,  -0.0004056543719
      -1.790334651,       3.710028746,     -0.1635089029,    0.004488533348
      -1.809566715,       3.685948245,     -0.1626347458,    0.009621483409
      -1.857731109,       3.622872152,     -0.1617753541,       0.014939077
       -1.82988728,       3.662685082,     -0.1609443595,     0.02035125899
      -1.818276086,       3.677983668,     -0.1601091843,      0.0260531053
      -1.833832838,       3.657957537,     -0.1592896255,     0.03197614699
      -1.847444005,       3.644874509,     -0.1585010263,     0.03806296441
      -1.876957403,       3.606035239,     -0.1577599873,     0.04401382884
      -1.899494868,       3.574855916,     -0.1570116747,     0.05030100125
      -1.871727395,       3.615806476,     -0.1563066767,     0.05679450741
      -1.881797969,       3.602204948,     -0.1556567433,     0.06319506817
      -1.902126043,       3.575377408,     -0.1550362819,     0.06960313257
      -1.863953367,       3.628577287,      -0.154460371,     0.07603645296
      -1.896982433,       3.586408009,     -0.1539384509,     0.08244361671
      -1.939704523,       3.525820184,     -0.1534329057,     0.08905246826
      -1.917142442,       3.562891161,     -0.1529879989,     0.09552853486
      -1.914089065,       3.565127857,     -0.1525629711,       0.102271338
      -1.930721246,       3.543268758,     -0.1522243871,      0.1088903477
      -1.929215642,       3.548608097,     -0.1518778348,      0.1158778565
       -1.92447304,       3.553778238,     -0.1516133068,      0.1225110539
      -1.958191451,       3.507486989,      -0.151398673,      0.1292323906
      -1.905209167,       3.583143939,     -0.1512430847,      0.1357870773
      -1.932706837,       3.544335689,     -0.1511537087,       0.142482372
      -1.870066241,       3.625297359,      -0.151116177,      0.1493878269
      -1.800254968,       3.710397328,       -0.15111254,      0.1564864725
      -1.772700681,       3.741256227,      -0.151174856,      0.1636212787
      -1.803229708,       3.704396241,     -0.1513126676,      0.1706784562
      -1.793109727,        3.72130114,     -0.1514883612,      0.1777313879
      -1.800236184,       3.708009709,     -0.1516978025,      0.1847622229
      -1.828444267,       3.673894251,     -0.1519755238,      0.1919863438
      -1.775184964,       3.738591339,     -0.1523339828,      0.1992092561
      -1.783859825,        3.72782022,     -0.1527611605,      0.2064892518
      -1.786989915,       3.724291103,     -0.1532629723,      0.2137492618
      -1.733485565,       3.785670553,      -0.153832797,      0.2210164002
      -1.801212046,       3.708585623,     -0.1544826735,      0.2280737405
       -1.81157746,       3.696099738,     -0.1551880528,      0.2350909225
      -1.777435336,       3.738757961,     -0.1560233632,      0.2416884475
      -1.791388822,       3.722617069,     -0.1569167924,      0.2480888893
      -1.819745037,       3.688474198,     -0.1578250032,      0.2546506177
       -1.81212513,       3.699021654,     -0.1588432805,      0.2609270114
      -1.802144199,       3.710173897,     -0.1599317549,      0.2669699266
      -1.793993046,       3.719277586,      -0.161031758,      0.2729771719
      -1.798930162,       3.715716199,     -0.1622326348,       0.278541981
       -1.82228517,       3.686969503,     -0.1635353735,      0.2838278926
       -1.86425073,       3.635988773,     -0.1649119667,      0.2884699387
      -1.825981339,       3.684661042,     -0.1663575043,      0.2928098447
      -1.862305937,       3.640773912,      -0.167866359,      0.2969537284
      -1.875027816,       3.623874661,     -0.1694217319,      0.3003773008
       -1.85760927,       3.649851309,     -0.1710840635,      0.3035383597
      -1.876375354,        3.62505577,     -0.1727578267,      0.3061364735
       -1.88938727,       3.609310137,     -0.1744827219,      0.3081530606
      -1.865910053,        3.64115523,      -0.176241478,      0.3097333143
      -1.891720629,       3.609594356,     -0.1780408485,      0.3108848755
      -1.909511408,       3.586090137,     -0.1798698656,      0.3116087657
      -1.883319822,       3.623320856,     -0.1817434957,      0.3117229877
      -1.904296789,       3.595292073,     -0.1836404106,      0.3115815908
      -1.923130107,       3.572080659,     -0.1855119669,       0.311147654
      -1.893245294,       3.612547123,     -0.1873994277,      0.3102629424
      -1.915460365,        3.58464915,     -0.1893340102,      0.3087610347
      -1.931639068,       3.562831688,     -0.1913001427,      0.3068803613
      -1.900371521,       3.606819567,     -0.1932716149,      0.3047927374
      -1.921173588,       3.578961752,      -0.195236347,      0.3025481652
      -1.938234899,       3.557749263,     -0.1972220266,      0.3002061811
      -1.903715593,       3.604006613,     -0.1992051987,      0.2975999179
      -1.925720286,       3.576186543,     -0.2011502953,      0.2946597952
      -1.940689734,       3.555984087,     -0.2030736418,      0.2915132025
      -1.906960342,       3.602425161,     -0.2049743998,      0.2883492197
      -1.927495114,       3.575087621,     -0.2068314017,      0.2851500889
      -1.944027079,       3.554287652,     -0.2086404725,      0.2819163005
      -1.901815637,       3.609279951,     -0.2104339055,      0.2785972499
      -1.910198177,       3.597406775,     -0.2121929522,      0.2751792333
      -1.856127457,       3.658942496,     -0.2139174313,      0.2716745512
      -1.787962987,        3.73689413,     -0.2155824719,      0.2678751289
      -1.771202818,       3.753828563,     -0.2171844335,      0.2639420326
      -1.780212345,        3.73973716,     -0.2187177794,      0.2598463238
      -1.793735831,        3.73371625,     -0.2201705404,      0.2556251795
      -1.765041174,       3.757468353,     -0.2215480916,      0.2513124907
      -1.794435952,       3.726915475,     -0.2228461085,      0.2469145131
        -1.7466165,       3.777023602,     -0.2240190736,      0.2422202614
      -1.770118265,       3.753359821,     -0.2250592602,      0.2372343305
      -1.785654164,       3.735007095,     -0.2259630075,      0.2323780357
      -1.738870141,       3.787625344,     -0.2267109114,       0.227266535
      -1.762718307,       3.761672767,      -0.227299091,      0.2221199564
      -1.785648785,       3.737761209,     -0.2277140633,      0.2167955972
      -1.791060786,       3.735830937,     -0.2279327745,      0.2112487538
      -1.818193334,       3.702942801,     -0.2279339356,      0.2059661867
      -1.837414809,        3.67963435,     -0.2277162443,      0.2008112643
      -1.801550426,       3.722619386,     -0.2272625309,      0.1954666441
      -1.772172061,        3.75248025,     -0.2266145079,      0.1899778673
      -1.786769163,       3.736445375,     -0.2257239104,      0.1844307654
      -1.801512589,       3.721101218,     -0.2245406867,      0.1788891709
      -1.837969028,       3.678838158,     -0.2230571658,      0.1731449082
      -1.804132493,       3.716330866,     -0.2213212448,      0.1678331283
       -1.77865887,       3.747491773,     -0.2192976211,      0.1624066996
      -1.796907031,       3.725520835,     -0.2170098899,      0.1572008055
      -1.807863937,       3.712537553,     -0.2144312335,       0.152024092
       -1.77064086,       3.755980293,     -0.2115927268,      0.1471221003
      -1.798306378,       3.724553686,     -0.2084555992,      0.1423131779
      -1.810620309,       3.709419454,     -0.2050693734,      0.1373976924
      -1.782633043,       3.744196904,     -0.2014284119,      0.1327125641
      -1.810409056,       3.710648914,     -0.1975499991,       0.127999767
      -1.833774199,       3.683481325,     -0.1934148003,      0.1232049188
      -1.798126643,       3.726298297,     -0.1890569707,      0.1183299084
      -1.800293341,       3.723721306,     -0.1844531311,      0.1137062126
      -1.814063055,       3.708061493,     -0.1796612934,      0.1091439708
      -1.801272756,       3.724047671,     -0.1746342401,       0.104527179
      -1.821538683,       3.698616503,     -0.1694152314,     0.09990882062
      -1.838759477,       3.678237394,     -0.1639929681,     0.09542641841
      -1.796108383,       3.731177871,     -0.1583809726,     0.09090985199
      -1.813402444,        3.71055323,     -0.1525939894,     0.08633411304
      -1.825846638,       3.693830712,     -0.1466268685,     0.08159418614
      -1.811992261,       3.712395274,      -0.140468616,     0.07672175649
      -1.826840743,       3.694156417,      -0.134138463,     0.07181593013
      -1.850160166,       3.666486491,     -0.1276406672,      0.0668594713
      -1.834501011,        3.68674984,      -0.120967972,     0.06160869855
      -1.840611051,       3.679504969,     -0.1141303347,     0.05601637407
      -1.852635031,       3.665566113,       -0.10709882,     0.05044253943
      -1.825907814,       3.697919216,    -0.09989214331,     0.04473422311
      -1.836555205,       3.684527666,    -0.09250184067,     0.03890426366
      -1.819229141,       3.703124712,    -0.08491864839,     0.03279637705
      -1.816113493,       3.709261591,    -0.07712144232,     0.02672035799
      -1.782747283,       3.742760913,    -0.06910230427,     0.02046597342
      -1.826565683,       3.693517473,    -0.06090422999,     0.01399695799
      -1.794370302,       3.733774824,    -0.05252686437,    0.007411322028
      -1.780530013,       3.748550366,    -0.04400759888,   0.0005880235189
      -1.801813256,       3.723768126,    -0.03530746638,   -0.006335976532
      -1.788788791,        3.74051883,    -0.02645004985,    -0.01334023821
      -1.806844757,       3.718730191,    -0.01740530309,    -0.02019882902
       -1.83610051,       3.684975741,   -0.008199172085,    -0.02712176747
      -1.787262799,       3.740697285,    0.001186425356,     -0.0341286022
      -1.817813958,       3.707005643,     0.01072878793,    -0.04116781249
      -1.806019219,       3.717809931,     0.02044350842,     -0.0480285608
      -1.795804483,       3.730979933,     0.03024899068,    -0.05490754557
      -1.835247761,        3.68621651,     0.04015488814,    -0.06161641872
      -1.831149377,       3.689586237,     0.05011222397,    -0.06817192368
      -1.788236477,       3.739804888,     0.06012124321,    -0.07475737198
      -1.824012675,        3.69874669,     0.07015509039,    -0.08125688751
       -1.85966431,       3.656763606,     0.08021685395,    -0.08767387622
      -1.818437244,       3.705289043,     0.09023005687,    -0.09383898537
      -1.880118055,       3.634325031,      0.1001868805,    -0.09980310044
      -1.920097263,       3.583951359,        0.11004296,     -0.1054663715
      -1.890761576,       3.621827932,      0.1198098163,     -0.1110078473
       -1.91505092,       3.590480411,      0.1294566122,     -0.1163995917
      -1.929715128,        3.57052102,      0.1389514904,      -0.121598399
      -1.898147581,       3.612808411,      0.1482454252,     -0.1266925748
      -1.925434658,       3.577648307,      0.1573019896,     -0.1314857633
      -1.948937987,       3.547765845,      0.1661277163,      -0.136002226
      -1.917572574,       3.590810378,       0.174682829,     -0.1401742542
       -1.94403934,       3.556323908,       0.182975128,     -0.1442081412
      -1.965082553,       3.528522346,      0.1909970621,     -0.1478484885
      -1.929374631,       3.578033723,      0.1987349026,     -0.1511498754
      -1.955419854,       3.543385102,      0.2061606501,     -0.1540565585
      -1.975562598,       3.516944999,      0.2132753741,     -0.1565530213
      -1.923170235,       3.586526518,      0.2200683428,     -0.1587042916
      -1.891071704,        3.62120783,      0.2264946277,     -0.1606201649
      -1.851196128,       3.667339599,      0.2325608313,     -0.1623266941
      -1.820563034,       3.704149408,      0.2383410235,     -0.1636467756
       -1.80788368,       3.715489509,      0.2436745125,     -0.1648448478
      -1.829105935,       3.692735791,      0.2486339502,     -0.1658009835
      -1.814640259,        3.71245289,      0.2530788306,     -0.1666922858
      -1.790286751,        3.73500866,      0.2570304482,     -0.1675489263
      -1.819266845,       3.703148997,      0.2605596627,     -0.1682983987
      -1.785283328,       3.742083018,      0.2637145134,     -0.1688100662
      -1.799366429,       3.726578155,       0.266498448,     -0.1690884912
      -1.825794031,       3.696408438,      0.2689654617,     -0.1691199089
      -1.798225525,       3.728376226,      0.2711205889,     -0.1688935713
      -1.811497485,       3.713877607,      0.2729805675,     -0.1684196901
      -1.832615712,       3.691351639,      0.2745633491,     -0.1676502373
      -1.844372221,       3.680703023,      0.2758917849,     -0.1667439306
      -1.873603014,       3.645970726,      0.2769859201,     -0.1657098917
      -1.876157012,       3.641959745,      0.2778577818,     -0.1645062084
      -1.836602845,       3.689188094,      0.2785288544,     -0.1630925263
       -1.83075712,       3.693946762,      0.2790153899,     -0.1615628655
      -1.833114883,       3.691218301,      0.2792908593,     -0.1598301412
      -1.836152295,       3.689972008,      0.2794084079,     -0.1580315581
      -1.834557824,       3.690184512,      0.2793870966,     -0.1560646272
      -1.859933152,       3.661058621,      0.2792353452,     -0.1539513745
      -1.839865846,       3.684788571,      0.2789698044,     -0.1518167777
      -1.849661055,       3.671666558,      0.2786110021,     -0.1497186685
      -1.852332138,       3.668697779,      0.2781677635,     -0.1476679198
       -1.82509175,       3.701707561,      0.2776589949,     -0.1456025614
      -1.829142621,       3.696907614,      0.2770933886,     -0.1435097061
      -1.879061662,       3.639059252,      0.2764811766,     -0.1414265448
       -1.86247548,       3.660454619,      0.2758270014,     -0.1393243108
      -1.866773577,       3.653832948,      0.2751379808,     -0.1372127539
      -1.845519659,       3.678374587,      0.2744169088,     -0.1351321316
      -1.838774106,       3.687359908,      0.2736663727,     -0.1331421061
      -1.844631186,       3.679693439,      0.2728997159,      -0.131105801
      -1.859147346,       3.662705562,      0.2721272148,     -0.1290667024
      -1.851248213,       3.673556995,      0.2713521419,     -0.1270172517
      -1.874397851,       3.644731877,      0.2705785817,     -0.1249679712
      -1.874059897,       3.645046267,      0.2698138355,     -0.1229040426
      -1.830655833,       3.695905085,      0.2690634294,     -0.1207902603
      -1.838984861,       3.686330708,      0.2683326894,     -0.1186800199
      -1.884169563,       3.633449192,      0.2676209673,     -0.1165888332
      -1.853124576,       3.671126669,      0.2669424727,     -0.1145706457
      -1.845242248,       3.678619112,      0.2662757187,     -0.1125344567
      -1.877052662,        3.64178888,      0.2656233556,     -0.1105584429
      -1.883251883,       3.637293973,      0.2649912551,     -0.1085254661
      -1.857205649,       3.665195596,      0.2643787183,     -0.1065334113
      -1.856414529,       3.665116607,      0.2637777567,     -0.1046201245
      -1.833543586,       3.692894579,      0.2631929939,     -0.1027851773
      -1.858205828,       3.663871111,      0.2626173599,     -0.1009150208
       -1.86810523,       3.652254955,      0.2620649663,    -0.09891731595
      -1.812967198,       3.714848889,      0.2615390646,    -0.09698443876
      -1.828529153,       3.696619149,      0.2610365744,    -0.09506996689
      -1.831084417,       3.693911354,      0.2605593068,    -0.09320652091
      -1.822050259,       3.707090768,      0.2601011477,    -0.09136375023
      -1.833701961,       3.691700868,      0.2596594583,    -0.08948838552
      -1.845137296,       3.678169657,      0.2592437224,    -0.08755342661
      -1.826458839,       3.701261601,      0.2588413498,    -0.08576981553
      -1.858423816,       3.665070147,       0.258469901,    -0.08410813451
      -1.867898868,       3.652336349,      0.2581190216,    -0.08262099174
      -1.828731289,       3.699089998,      0.2577849581,    -0.08120805373
      -1.855817415,       3.667709879,      0.2574652669,    -0.07992725802
      -1.885266933,        3.63422798,      0.2571575485,    -0.07864190777
      -1.817386391,       3.712206941,      0.2568642958,    -0.07738983402
      -1.853844661,       3.672411158,       0.256576166,    -0.07606858901
      -1.865987177,       3.657103507,      0.2562750549,    -0.07476691216
      -1.841105704,       3.687009991,      0.2559898276,     -0.0734685667
      -1.920464509,       3.599325867,       0.255668152,    -0.07228232506
      -1.975124697,       3.534431013,        0.25532564,     -0.0710202966
       -1.94769245,        3.57273897,       0.254957446,    -0.06966908599
      -1.951527966,        3.56441636,      0.2545649323,    -0.06836259072
       -1.95050875,       3.565295562,      0.2541451731,    -0.06706457905
      -1.911245743,        3.61268021,      0.2537130982,    -0.06562416125
      -1.971076107,        3.54438106,      0.2532595699,    -0.06414949991
      -1.982248272,       3.530675307,      0.2527612186,    -0.06276019789
      -1.949472799,        3.57315803,      0.2522068425,    -0.06145914514
      -1.973173538,       3.545077754,      0.2515931504,    -0.06014935617
      -1.947643881,       3.569987639,        0.25092521,    -0.05860357057
      -1.932823935,       3.593599417,      0.2502220722,    -0.05704260031
      -1.934161156,        3.58851505,      0.2494881492,    -0.05547849759
      -1.967988831,       3.552056322,      0.2486838939,    -0.05401606859
      -1.935240422,       3.590884221,      0.2478223373,    -0.05253033154
      -1.931257303,       3.590578203,      0.2468872228,    -0.05106918767
      -1.814367667,       3.715324601,      0.2459074037,    -0.04957689239
      -1.758951609,       3.776656646,      0.2448618437,    -0.04811220314
      -1.861623869,       3.667151796,      0.2437495878,    -0.04665406341
      -1.878358747,       3.647794567,      0.2425402278,    -0.04517772917
      -1.827480607,        3.70576937,      0.2412167844,    -0.04368171703
      -1.800577701,         3.7344568,      0.2397934168,    -0.04219905098
      -1.799944338,       3.730319132,      0.2382799203,    -0.04067959373
      -1.798783303,       3.733891799,      0.2366725847,    -0.03913810155
      -1.807810189,       3.721113443,      0.2349879083,    -0.03751995433
      -1.849419956,       3.680063033,      0.2332086824,    -0.03593717535
      -1.784336455,       3.750680835,      0.2313307836,    -0.03437540168
      -1.790016035,       3.742336018,      0.2293529247,    -0.03271269515
      -1.794679446,       3.736984085,       0.227289307,    -0.03092133379
        -1.7952218,       3.741508544,      0.2251354881,    -0.02914043816
       -1.82176742,       3.711649996,      0.2228946462,    -0.02733016216
      -1.830291252,        3.70339633,      0.2205558912,    -0.02562222342
      -1.805818951,       3.730251843,      0.2181385174,     -0.0239458116
      -1.845659539,       3.688600601,      0.2156217242,    -0.02228653411
      -1.825764984,       3.707554601,      0.2130270502,    -0.02050141096
      -1.807012498,       3.729421335,      0.2103576202,    -0.01863196127
      -1.826429256,       3.708354492,      0.2076125943,    -0.01674614265
      -1.799762181,       3.735767948,      0.2047953846,      -0.014896567
      -1.814926373,       3.722139539,      0.2019061736,    -0.01309694074
      -1.816100219,       3.718423769,      0.1989529292,    -0.01147179977
      -1.833829453,       3.699407479,      0.1959355205,   -0.009822175385
      -1.806339378,       3.731683009,      0.1928428822,   -0.008224602189
      -1.825455683,       3.710260744,      0.1896854211,       -0.00660872
      -1.845569992,       3.688387702,      0.1865052511,    -0.00509760053
      -1.832460038,       3.703577481,      0.1832943932,   -0.003501725921
      -1.854317239,       3.680551068,      0.1800398988,   -0.001811855721
      -1.818938615,       3.716531234,        0.17677159,  -0.0001709906037
      -1.790306311,       3.749011691,      0.1734357755,    0.001666290244
      -1.830290656,       3.705507842,      0.1701017682,    0.003407904674
      -1.852394995,        3.68187379,      0.1667166488,    0.005101514824
      -1.794079767,       3.745025044,      0.1633326562,    0.006752343136
      -1.802512248,       3.734773716,       0.159893624,    0.008384746315
      -1.823010811,       3.713344919,      0.1564534112,     0.00986096707
      -1.829954081,       3.708265278,      0.1529689207,     0.01133955528
      -1.862023958,       3.671718157,      0.1494724576,     0.01281119969
      -1.886473164,       3.644320208,      0.1459450968,     0.01428889701
       -1.88283956,       3.652736487,      0.1424184185,      0.0156764497
      -1.895461582,       3.638056506,      0.1388634729,     0.01710239886
      -1.919220493,       3.611786552,      0.1353179388,     0.01837445879
      -1.880231383,       3.655793185,      0.1317624627,     0.01968094908
      -1.894152415,       3.639506728,      0.1282088817,     0.02103503056
      -1.922013115,       3.608829524,      0.1246473017,     0.02245714349
      -1.889574838,       3.646588646,      0.1210902711,     0.02394962095
      -1.898065371,       3.635621309,      0.1175314082,     0.02553375804
      -1.923610947,        3.60786118,      0.1139837124,     0.02710293228
       -1.90736877,       3.628955678,      0.1104330891,     0.02876922781
      -1.929171626,       3.603764684,      0.1068849902,     0.03048907517
      -1.946648791,       3.582511271,      0.1033372695,     0.03227766183
      -1.907787158,       3.627759275,     0.09980176946,     0.03407114202
      -1.935943338,       3.595460294,     0.09626674562,     0.03577615213
      -1.952808442,       3.576416726,     0.09272412275,     0.03745178069
      -1.895575513,       3.639753389,     0.08918485508,      0.0391611921
      -1.928757582,       3.602242793,     0.08565345604,     0.04106499036
      -1.944553856,       3.584434329,      0.0821158774,     0.04284104777
      -1.849896487,       3.687768271,     0.07857269953,     0.04454259737
      -1.812265231,       3.725047744,     0.07504303276,     0.04609233253
      -1.842467241,       3.692071152,     0.07152584495,     0.04763594424
      -1.796895997,       3.739680186,     0.06800785962,     0.04918557973
      -1.818492844,       3.717100673,     0.06447118292,     0.05065349736
      -1.835921609,       3.699399365,     0.06093796391,     0.05211272632
      -1.734667111,       3.803647965,     0.05743200909,     0.05359624505
      -1.750508166,       3.788169124,     0.05392479521,     0.05493270174
       -1.80143006,       3.735002797,     0.05041404137,     0.05617395654
      -1.783546464,       3.753441519,     0.04689881311,       0.057383794
      -1.804093022,       3.732315436,     0.04337653341,     0.05844965384
      -1.786887951,       3.749075464,     0.03984369311,     0.05935206991
        -1.7584519,       3.781142296,     0.03630778708,     0.06009729892
      -1.780649172,       3.759121381,     0.03276193108,     0.06077050095
      -1.830747199,       3.707175508,     0.02920049698,      0.0613713512
      -1.816572486,       3.723810186,     0.02563971491,     0.06188630897
      -1.813105749,       3.726264885,     0.02206852277,      0.0622815302
      -1.832432184,        3.70637038,     0.01849726763,     0.06264716175
      -1.839804402,       3.700669692,      0.0149195902,     0.06285891307
      -1.844026743,       3.693698173,     0.01133202839,     0.06295262235
       -1.88255517,       3.654181127,    0.007737179995,     0.06311850755
      -1.879716042,       3.660328969,    0.004125992083,     0.06309773538
      -1.894503536,       3.644082476,   0.0005346909915,     0.06306054949
      -1.894277353,       3.641172924,   -0.003084056474,     0.06291321511
      -1.859575902,       3.680147138,   -0.006701765753,     0.06290048907
      -1.889513833,       3.647889579,    -0.01031157006,     0.06289201096
      -1.929808279,       3.607713538,    -0.01391249166,     0.06288654707
      -1.901517653,       3.640359225,    -0.01750205742,      0.0627195505
      -1.927325723,        3.61260636,     -0.0210757171,     0.06240918673
      -1.958854592,       3.577873072,    -0.02465605556,     0.06177968243
      -1.918452097,        3.62431504,    -0.02822347017,     0.06101418524
      -1.925824904,       3.614210713,    -0.03178549827,      0.0602715941
      -1.954076909,       3.584811137,    -0.03534076789,     0.05949254389
       -1.93212642,       3.611441755,    -0.03887304778,      0.0584671468
       -1.95192105,       3.589920733,    -0.04240909216,     0.05734515018
       -1.96478605,       3.574609652,    -0.04594105221,     0.05612822969
      -1.919677929,       3.625527477,    -0.04945635242,      0.0548294928
      -1.950339025,       3.591543347,     -0.0529245318,     0.05359753818
      -1.975380509,       3.566133043,    -0.05634903631,     0.05233168743
      -1.902179105,       3.643357373,    -0.05972132577,     0.05109194644
      -1.892756433,       3.650313413,    -0.06303476857,     0.04990571877
       -1.83574091,       3.707783846,    -0.06629989404,     0.04877810304
      -1.824140866,        3.72161955,    -0.06949973433,     0.04751073577
      -1.818657472,       3.723271216,    -0.07265440026,     0.04618930241
      -1.840189185,       3.702081077,    -0.07575307264,     0.04483972152
      -1.797462195,       3.747202174,    -0.07878189244,     0.04336796955
      -1.743780524,       3.797644116,    -0.08174131511,     0.04188215171
      -1.782526532,       3.760213093,    -0.08463389822,     0.04057605243
      -1.785867107,       3.758213742,    -0.08744989977,      0.0389966298
      -1.785504916,       3.756483762,    -0.09019347592,      0.0372844687
      -1.771854919,       3.769012109,      -0.092873272,     0.03549013136
      -1.775376641,       3.769715895,    -0.09544732124,     0.03380819253
      -1.810177643,       3.733605317,     -0.0979625649,      0.0320525217
      -1.848185349,        3.69308547,       -0.10037786,     0.03046558116
      -1.832752304,       3.712025053,     -0.1027276299,     0.02882773151
      -1.793272142,       3.750586702,     -0.1050073561,      0.0271049284
      -1.801937709,       3.740740526,     -0.1071761173,      0.0255098142
      -1.810648778,       3.733505592,     -0.1092711037,     0.02392829143
      -1.818446042,       3.723892637,     -0.1112868089,     0.02229918469
      -1.847633382,       3.694003497,     -0.1132063945,     0.02056099139
      -1.799137531,       3.743860293,     -0.1150009647,     0.01894444071
      -1.793040326,       3.748112693,     -0.1166999594,     0.01744974533
      -1.806548555,       3.733326357,     -0.1183019078,     0.01604419653
      -1.788711357,       3.755264578,     -0.1197756749,     0.01466951029
      -1.819677773,       3.721925689,     -0.1210932428,     0.01351533773
      -1.828504843,        3.71238051,       -0.12230599,     0.01235296138
       -1.80873136,       3.734444056,     -0.1233845946,     0.01131194827
      -1.820408165,       3.720608897,     -0.1243318784,     0.01024852548
      -1.795833358,       3.745273126,     -0.1251642501,    0.009275180385
      -1.794707746,       3.749206785,     -0.1258727451,    0.008342295243
      -1.825011495,       3.715757098,     -0.1264434543,    0.007473334054
      -1.823377954,       3.717062279,     -0.1268804257,    0.006642228963
      -1.813658657,       3.728361766,     -0.1271949692,    0.005749997238
       -1.83594085,        3.70352309,      -0.127391309,    0.004800593228
      -1.809719807,       3.729907422,     -0.1274711831,    0.003966011719
      -1.782941218,       3.759521698,     -0.1274092871,    0.003044918905
      -1.846712183,       3.692515063,     -0.1272177844,    0.002365156142
      -1.866212356,       3.670051552,     -0.1268882261,    0.001837039164
      -1.805175715,       3.735375809,     -0.1264312104,    0.001271065278
      -1.838113263,       3.699898466,     -0.1258674714,    0.000899489988
      -1.893566469,       3.640743971,     -0.1251435672,   0.0003784910964
      -1.832947754,         3.7065552,     -0.1242915754,   8.494338104e-05
      -1.835952484,       3.701993318,     -0.1233078056,  -0.0001615364608
      -1.868781309,       3.666532505,     -0.1222128091,  -0.0003257059861
      -1.873720978,       3.664696886,     -0.1210143817,  -0.0004220632514
      -1.845536633,       3.691157226,     -0.1196826653,  -0.0004773441116
      -1.845878201,       3.690726695,     -0.1182628649,  -0.0005960622846
      -1.822047676,       3.719185915,     -0.1167338576,  -0.0008267602016
      -1.867101421,       3.670540475,     -0.1150956288,  -0.0008998764551
      -1.902835161,       3.633069806,     -0.1133500277,   -0.001044160452
      -1.841983717,       3.696341807,      -0.111522546,   -0.001245892057
      -1.888526991,       3.645929444,     -0.1095967955,   -0.001440344902
      -1.919510032,       3.612974491,      -0.107597723,   -0.001574419084
      -1.885006724,        3.65275796,     -0.1055079959,   -0.001791560254
      -1.934548278,       3.599821479,     -0.1033657942,   -0.002176481588
       -1.94122147,       3.590651651,     -0.1011420945,   -0.002593192887
      -1.910930468,        3.62750834,    -0.09882213422,    -0.00311325816
      -1.947142311,       3.586813798,    -0.09645899892,   -0.003777267206
      -1.947295905,       3.584533937,    -0.09403061665,   -0.004438918254
      -1.880524821,       3.657193445,    -0.09155441525,   -0.005080795584
      -1.959168478,       3.571930895,    -0.08902018295,   -0.005758818041
      -1.931308107,       3.599420243,    -0.08644262083,   -0.006415848298
      -1.804767552,       3.733770089,    -0.08381614918,   -0.007075363053
      -1.792570834,       3.746399134,    -0.08116633663,   -0.007762060092
      -1.833129018,       3.703227424,    -0.07848726085,   -0.008500414581
       -1.79388117,       3.744895421,    -0.07579394883,   -0.009332166017
      -1.836075451,       3.699494184,    -0.07308111794,    -0.01013302147
      -1.840681795,       3.693787485,    -0.07035448954,    -0.01089665063
       -1.77569175,       3.763286954,    -0.06762310805,    -0.01167433382
       -1.74773955,       3.790604932,     -0.0648971191,    -0.01258578082
      -1.772293183,        3.76453199,    -0.06219607818,    -0.01352422986
      -1.715825365,       3.822569861,    -0.05949831846,    -0.01468638546
      -1.785412207,       3.750813984,    -0.05683068649,    -0.01584038255
       -1.77165409,       3.764652768,    -0.05418000543,    -0.01696089514
      -1.726857282,       3.812685959,    -0.05155572271,    -0.01809766735
      -1.795561702,       3.742053148,    -0.04895416784,    -0.01923267777
      -1.836503183,       3.698746664,    -0.04640738473,    -0.02035012248
       -1.78524592,       3.754446562,    -0.04388171216,    -0.02143241207
      -1.800545618,       3.737389604,    -0.04141612896,    -0.02233216192
      -1.818639331,       3.717153997,    -0.03897251945,    -0.02307934856
       -1.80096842,       3.738004415,    -0.03659266002,    -0.02383176086
      -1.822219973,       3.713387386,    -0.03427659321,    -0.02454890696
       -1.82823237,       3.707651154,    -0.03203405598,    -0.02525827844
      -1.812072544,       3.727359742,    -0.02982292529,     -0.0260560946
      -1.817616449,       3.719149742,    -0.02768082314,    -0.02672223733
      -1.857452684,       3.676790382,    -0.02559900322,    -0.02728216634
      -1.827611167,       3.708785857,     -0.0235845927,    -0.02789391166
      -1.863729469,       3.670986901,    -0.02164496128,    -0.02843648384
      -1.887143775,       3.645348626,    -0.01978254378,    -0.02889643807
      -1.864454093,       3.672989071,    -0.01799834278,    -0.02928711763
      -1.894696662,        3.63864833,    -0.01628335801,    -0.02942290178
       -1.89679918,       3.633371945,    -0.01463908015,    -0.02961336646
      -1.861026961,       3.674257664,    -0.01307157899,    -0.02980698352
      -1.870698132,        3.66173055,    -0.01157086393,    -0.02999379769
      -1.925993462,       3.601969446,    -0.01013019324,    -0.03016000888
      -1.891541933,       3.642551302,   -0.008740785956,    -0.03038544148
      -1.919568076,       3.610836365,   -0.007401571593,    -0.03042773552
      -1.943950235,       3.584698174,   -0.006127280652,    -0.03053777631
      -1.879983263,       3.655629068,   -0.004914438972,    -0.03044565295
      -1.895443849,       3.636084808,   -0.003764745376,    -0.03029123388
      -1.906231279,       3.623825827,   -0.002692423784,    -0.03007319492
      -1.868601658,       3.666331921,   -0.001691696227,    -0.02971631599
      -1.905638594,       3.626418875,  -0.0007501139567,    -0.02938937378
       -1.90853744,       3.621374325,   0.0001384161826,    -0.02886316335
      -1.886431272,       3.649566645,   0.0009741325846,    -0.02836232341
      -1.908484775,       3.623326399,    0.001735461451,    -0.02758206637
      -1.922156028,       3.608412755,    0.002430993739,     -0.0266859542
      -1.893565355,       3.641981124,    0.003074293895,    -0.02584096031
      -1.913979199,       3.618600975,    0.003679466505,    -0.02504694877
      -1.930983673,       3.598617214,    0.004213791366,    -0.02401180252
      -1.896577864,       3.639579087,    0.004695095235,    -0.02282297809
      -1.920128047,       3.611645813,    0.005127532141,    -0.02157368508
      -1.935766716,       3.594301935,     0.00551826836,    -0.02024405239
      -1.900866346,       3.634681663,    0.005860883259,    -0.01881369696
      -1.926977817,       3.604986161,    0.006147499438,     -0.0172545477
      -1.940200987,        3.58898899,    0.006392576635,     -0.0156267118
      -1.906881569,       3.628807541,    0.006592420343,    -0.01410035475
      -1.919012266,       3.612741731,    0.006751437967,    -0.01219765846
       -1.89826528,       3.633612529,    0.006873501359,    -0.01024730054
      -1.799359774,       3.739785915,    0.006953931854,   -0.008140921484
      -1.806061176,       3.730772187,    0.006990550969,    -0.00606075105
      -1.806364194,       3.728573918,    0.006996805792,   -0.003825317805
      -1.836058974,        3.70213895,    0.006978128189,   -0.001320749472
      -1.865030321,       3.668696309,     0.00693331281,    0.001400082581
      -1.789961335,       3.745562351,    0.006841235017,    0.004177190946
      -1.756619043,       3.780935947,    0.006715368569,    0.007027191175
      -1.783435193,       3.753884866,    0.006569482392,    0.009866714722
      -1.753410203,       3.783611918,    0.006395605391,     0.01268976673
      -1.773795656,       3.765900894,      0.0062176423,     0.01564262382
      -1.778267913,       3.758801018,    0.005993418691,     0.01853781576
      -1.769655208,       3.766060179,    0.005774596626,     0.02165083222
      -1.755968173,       3.783592755,    0.005527500654,     0.02495059953
      -1.773033057,       3.766225744,    0.005227790432,     0.02832067476
      -1.811333077,       3.725486199,    0.004905872469,     0.03154128199
      -1.801389874,       3.737351182,    0.004559615053,     0.03472204385
      -1.819084573,       3.717150743,    0.004234970281,     0.03802396858
      -1.812400394,       3.723652519,    0.003892745677,     0.04123907695
      -1.765715594,       3.773856822,    0.003542179719,     0.04453137695
      -1.778112938,       3.760343106,    0.003169711766,     0.04775437841
       -1.80780649,       3.728658806,    0.002793559722,     0.05104875036
      -1.785980667,       3.753433013,    0.002405050064,     0.05433915574
      -1.766547803,       3.771256348,    0.002009672049,     0.05760124144
      -1.798837267,       3.736877298,    0.001617693718,     0.06089044238
      -1.786406837,        3.75006099,    0.001210937525,     0.06402415201
       -1.81227957,       3.723303291,   0.0007934385915,     0.06704762133
      -1.785520595,       3.750716403,   0.0003758912958,     0.07013893824
      -1.768126399,       3.771786589,  -1.750205311e-05,     0.07319394368
      -1.811596877,       3.723508935,  -0.0004482123055,     0.07597926336
      -1.825549952,       3.708709984,  -0.0008667020335,      0.0787268254
      -1.789413549,        3.74857139,   -0.001296392288,     0.08141903947
      -1.789973551,        3.74771205,   -0.001718738414,     0.08403756887
      -1.799489496,       3.736325983,   -0.002132282611,     0.08662990608
      -1.783324255,       3.755918619,   -0.002553791414,     0.08912070131
      -1.783658526,       3.753450239,   -0.002977349009,      0.0914222127
      -1.812445267,       3.723073479,    -0.00336811912,     0.09370964995
      -1.785384355,       3.752830127,   -0.003792089347,     0.09579321129
      -1.789232374,       3.748592875,   -0.004235358412,     0.09766364441
      -1.814148782,       3.719935016,   -0.004670494719,     0.09929289067
      -1.796381818,       3.741533362,   -0.005116680309,      0.1007028264
      -1.813133746,       3.721383577,   -0.005576804714,      0.1019901342
      -1.809807049,       3.725327393,   -0.006052056194,      0.1031409151
      -1.783382683,       3.755514028,   -0.006529316916,      0.1042268166
      -1.817395052,       3.717135878,   -0.006988172095,      0.1052023807
      -1.820190387,       3.712400028,    -0.00743894774,       0.106064216
       -1.79449966,       3.743201573,   -0.007910281606,        0.10678262
      -1.814973238,       3.718830999,   -0.008393046439,      0.1073413651
      -1.807831836,       3.726569216,   -0.008883941444,      0.1076385711
      -1.774272522,       3.764827676,   -0.009373088051,      0.1078917906
      -1.808278651,       3.726162536,   -0.009842475514,      0.1080819815
      -1.834951447,       3.696744752,    -0.01031518022,      0.1082414239
      -1.806549159,        3.72844721,     -0.0108094324,      0.1082653565
      -1.849604418,       3.680782528,    -0.01129414187,      0.1083241539
      -1.842445965,       3.688282316,    -0.01178972226,      0.1082988351
      -1.840500078,       3.691475695,    -0.01225772849,      0.1083140071
      -1.859363166,       3.668575487,    -0.01272764413,      0.1082067752
      -1.869438665,       3.655661209,    -0.01318298577,      0.1080752175
      -1.844909486,       3.685343657,    -0.01363002539,      0.1079717085
      -1.869478684,        3.65635377,    -0.01405703665,      0.1078909607
       -1.88663025,       3.636457745,    -0.01447314365,      0.1077401879
      -1.863448658,        3.66499306,     -0.0148780906,      0.1075303592
      -1.885247927,        3.63870359,    -0.01528582092,       0.107248183
      -1.904451208,       3.615804995,    -0.01568976184,      0.1069888915
      -1.875150063,       3.651554779,    -0.01608662688,      0.1067380644
      -1.879189014,       3.644427255,    -0.01646734521,      0.1065071643
      -1.857862058,        3.66611061,    -0.01685931014,      0.1062331281
      -1.792345723,       3.740648278,    -0.01722376184,      0.1060312391
      -1.819208965,       3.709867879,    -0.01756471755,      0.1059097781
      -1.807854374,       3.720043122,    -0.01788519141,      0.1057344772
      -1.789973218,       3.742762421,     -0.0181821521,      0.1055647909
      -1.802250856,       3.729983726,    -0.01846345717,       0.105442892
       -1.79867392,        3.73018862,    -0.01872145572,      0.1053712876
      -1.806247191,        3.72369715,    -0.01895926473,      0.1053369468
      -1.816635976,       3.711552222,    -0.01917657013,      0.1053421205
      -1.816981382,       3.710916273,     -0.0193743798,      0.1054001826
      -1.788984585,       3.743536552,    -0.01954965236,      0.1054423365
      -1.805509147,       3.725949729,    -0.01970859983,      0.1054878123
      -1.832737242,       3.694368645,    -0.01985067339,       0.105499816
      -1.845992642,       3.684263784,    -0.01997553028,      0.1055160436
      -1.867589526,       3.660300429,    -0.02007696751,      0.1055387356
      -1.882686529,       3.644112879,    -0.02015818463,      0.1055778796
      -1.836012379,       3.697639652,     -0.0202365822,      0.1056694207
      -1.846433296,       3.685941849,    -0.02027085808,      0.1056367121
      -1.897692565,       3.630141914,    -0.02027885715,      0.1057109436
      -1.881581775,       3.650969647,    -0.02026801612,      0.1058656044
      -1.875821401,       3.656736272,     -0.0201947788,      0.1059127534
       -1.87696257,       3.654987483,    -0.02008483983,      0.1058183982
      -1.874976191,       3.660227798,    -0.01993525217,       0.105715101
      -1.882132769,       3.651667543,     -0.0197485813,      0.1056240633
      -1.883487456,       3.651502294,    -0.01953244098,      0.1055438999
      -1.826762393,       3.713360638,    -0.01929063532,      0.1054129149
      -1.876930694,       3.660492395,    -0.01901477941,      0.1051973343
      -1.896079819,       3.639145721,     -0.0187104572,      0.1049841121
      -1.889810036,       3.650088619,    -0.01837106854,      0.1046914565
      -1.874367085,       3.665465718,    -0.01800390166,      0.1043687026
      -1.889620064,        3.65045908,    -0.01760537956,      0.1039682803
      -1.863102085,       3.680821671,    -0.01717752583,      0.1035202285
      -1.917717189,       3.622378416,    -0.01671208522,      0.1030353774
      -1.897907509,       3.642502686,    -0.01620010605,      0.1024928847
      -1.850584216,       3.694193052,    -0.01565531861,      0.1018470271
      -1.898081276,       3.645496517,    -0.01506968092,      0.1011436696
      -1.903931211,       3.636670241,    -0.01445731344,      0.1003503953
      -1.873320883,       3.671963901,    -0.01379355031,     0.09944820668
      -1.854747765,       3.689500081,    -0.01311192433,      0.0985004461
      -1.863091074,       3.681498291,    -0.01239162005,     0.09741700425
       -1.85368971,       3.691028637,     -0.0116467532,     0.09642603977
      -1.887902132,       3.656100301,    -0.01087739599,     0.09537295579
      -1.904151785,       3.638536108,    -0.01006994127,     0.09427365691
        -1.8741052,       3.671152658,   -0.009227303362,     0.09302256724
      -1.890897105,       3.651485686,   -0.008367335274,     0.09172840478
      -1.892970998,       3.649433989,   -0.007491535529,     0.09045222096
      -1.860450413,       3.685063032,   -0.006595007342,     0.08908376891
      -1.866474813,       3.678889637,   -0.005682042283,     0.08763248893
       -1.86783741,       3.675542403,   -0.004741079371,     0.08605696243
      -1.827307401,       3.718149961,   -0.003786533847,       0.084405004
      -1.875165455,       3.668364122,   -0.002812211619,     0.08263563063
      -1.896283774,       3.645016718,   -0.001822053754,     0.08084534536
      -1.911589663,       3.632071592,  -0.0008033224606,     0.07893957225
      -1.898461802,       3.643423685,   0.0002445384677,     0.07698105988
      -1.900095153,       3.641812138,     0.00131410362,      0.0749586024
      -1.873057748,       3.669297865,     0.00240093932,     0.07297725588
      -1.954086394,       3.583539496,    0.003525990781,     0.07094053369
      -2.002948274,       3.531361197,    0.004688869732,     0.06886248411
      -1.966813541,       3.573692857,    0.005864227787,     0.06689045749
      -1.965348497,       3.572438964,    0.007057461759,     0.06497562524
      -1.994583857,       3.539493196,    0.008277123614,     0.06306445207
      -1.941436527,       3.597737414,    0.009514055144,     0.06130515287
      -1.955737303,       3.581707701,     0.01076602312,     0.05952392013
      -1.980293493,       3.555760922,     0.01203220503,     0.05781829171
       -1.96466394,       3.578167552,     0.01330881059,     0.05622198506
      -2.010797585,       3.525093725,     0.01459400897,     0.05478381341
      -2.060641746,       3.470176417,     0.01589735651,      0.0533555317
      -2.024271641,       3.513031458,     0.01721545378,     0.05196403556
      -2.031919397,       3.503216502,      0.0185375756,     0.05062500646
      -2.017489811,       3.516045038,     0.01985548563,     0.04941701886
      -1.940987016,       3.598263042,      0.0211827338,     0.04831851067
      -1.878020933,       3.661109577,     0.02251857028,     0.04735977513
      -1.845654733,       3.692089071,     0.02386742002,     0.04657468073
      -1.802173813,       3.737723418,     0.02522916951,     0.04599978511
      -1.806455968,       3.732481729,     0.02661188748,     0.04545193853
      -1.856523042,       3.682490766,     0.02799922047,     0.04502217673
      -1.784909744,       3.754478152,     0.02940227716,     0.04457872073
      -1.795329838,       3.742706909,     0.03081002129,      0.0442960386
      -1.805542189,       3.731562899,     0.03223720774,     0.04409749879
      -1.803445273,       3.736691053,     0.03366470399,     0.04411399416
      -1.822698075,       3.715873232,     0.03510774694,     0.04424077886
      -1.782193507,       3.754671834,     0.03656586138,     0.04452998708
      -1.782139789,       3.758493584,     0.03804210139,     0.04494513565
      -1.816338929,       3.724209668,      0.0395325249,     0.04548346724
       -1.87119553,       3.666795034,     0.04103386819,     0.04605615274
      -1.844278577,       3.696231712,     0.04254982367,     0.04670256216
      -1.850942304,       3.687696451,     0.04407147799,     0.04761922078
      -1.866731645,       3.671604461,     0.04560803319,     0.04860413827
      -1.815574867,        3.72551609,     0.04715618736,     0.04961464936
      -1.805662919,       3.734932158,     0.04871942329,     0.05066552836
      -1.864459704,       3.674087083,     0.05029082517,     0.05176075387
      -1.859289175,       3.681888933,     0.05187978395,     0.05295419167
      -1.859169321,       3.682055918,     0.05348757955,     0.05420871693
      -1.843792275,       3.694242389,     0.05511153577,     0.05549571176
      -1.788641043,       3.752165846,     0.05674901295,      0.0568226255
      -1.807508801,       3.731941785,     0.05840358699,     0.05812672767
      -1.866122584,       3.671771384,     0.06006927891,     0.05952227271
      -1.886159119,       3.653555067,     0.06175008388,     0.06101039647
      -1.875768544,       3.660936483,     0.06344191829,     0.06247283997
       -1.88338297,       3.654135277,     0.06514880273,     0.06392150149
      -1.849584364,       3.691096382,     0.06686633943,     0.06534642896
      -1.849715193,       3.688941419,     0.06859417852,     0.06676410877
       -1.83781394,        3.70178982,     0.07033267251,     0.06822923122
      -1.825051583,       3.716033446,      0.0720712248,      0.0697483585
      -1.865650188,       3.673447584,       0.073812174,     0.07135309343
      -1.880944259,       3.657384941,     0.07556530622,     0.07299902406
      -1.835676565,       3.705937653,     0.07732843346,     0.07471692591
       -1.86188519,       3.677938597,     0.07910057019,     0.07650401362
      -1.909459297,       3.628137992,     0.08088385607,     0.07824700252
      -1.916855664,       3.624524434,      0.0826745324,     0.07997865837
      -1.941684509,       3.596638861,     0.08447059107,     0.08174869229
      -1.956779729,        3.58062592,     0.08626955344,     0.08345916892
      -1.950673211,       3.589697841,     0.08806355758,     0.08507314845
      -1.927362979,       3.611673613,     0.08985366732,     0.08663867797
      -1.965556121,       3.573295984,       0.091648008,      0.0881010781
      -1.937142943,       3.607316491,     0.09344762368,     0.08944919776
      -1.972622842,       3.568779708,     0.09524284734,     0.09070547947
      -2.012694275,       3.525865908,     0.09703322553,     0.09186984266
      -1.988835636,       3.555152092,      0.0988177863,     0.09301116988
      -1.967010216,        3.57224958,      0.1005981315,     0.09414983312
      -2.013359584,       3.522055734,      0.1023692551,     0.09522167458
      -1.947307117,       3.593710731,      0.1041370438,     0.09620654573
      -1.988097087,       3.546361716,      0.1059019475,     0.09715654928
      -2.032268625,       3.500598587,      0.1076697487,     0.09807225242
      -1.982584171,       3.556207009,      0.1094190898,     0.09886862338
      -1.954909754,       3.581579309,      0.1111608787,     0.09958220441
       -1.90165892,        3.63448812,      0.1128841744,      0.1001756008
      -1.786846782,       3.753281691,      0.1145930012,      0.1006112326
      -1.883159749,       3.653239738,      0.1162893497,       0.100988987
      -1.853819383,       3.681278776,      0.1179751189,      0.1013798891
      -1.832015903,       3.706413049,      0.1196412079,       0.101787427
      -1.836253864,       3.702209037,      0.1212856529,      0.1021271291
      -1.788408782,       3.747680113,       0.122891569,      0.1023910584
      -1.766547344,         3.7733118,      0.1244508956,      0.1025517697
      -1.775079086,       3.761900383,      0.1259627732,       0.102583742
       -1.84753407,       3.684077872,      0.1274305605,        0.10256782
      -1.807067532,       3.729624927,      0.1288487347,      0.1024940009
      -1.779910766,       3.755959228,      0.1302274411,      0.1024276516
      -1.775191986,       3.761444246,      0.1315684334,      0.1023780447
      -1.785238006,       3.756180528,      0.1328624774,      0.1022754394
      -1.886217518,       3.650832867,      0.1341054033,      0.1022009513
      -1.858444027,       3.679788635,      0.1353094045,      0.1021083902
      -1.796609514,       3.743999605,      0.1364502119,      0.1019012655
      -1.843712549,       3.695897587,      0.1375320466,      0.1016190298
       -1.84246396,       3.694634848,      0.1385578504,      0.1013059535
      -1.804935597,        3.73552726,      0.1395195091,      0.1009028471
      -1.810723369,          3.729624,      0.1404052727,      0.1004335237
      -1.806655261,       3.733157724,      0.1412318904,     0.09991361029
      -1.840618788,       3.700303273,      0.1419957495,     0.09934323498
      -1.844276715,       3.693525678,      0.1426957096,     0.09869063961
      -1.806714379,       3.733267189,      0.1433347708,     0.09799340116
      -1.816567453,        3.72550682,      0.1439119362,       0.097277181
      -1.866459585,       3.674364069,      0.1444206645,     0.09651349806
      -1.890768112,       3.649218257,      0.1448595474,     0.09564670528
       -1.84757989,       3.694633892,       0.145236623,      0.0946809382
      -1.871107548,        3.66897384,      0.1455534103,     0.09367000982
      -1.914308718,        3.62642655,      0.1458065685,     0.09263166081
      -1.840119172,       3.704713197,       0.145986996,     0.09155692178
      -1.911927854,       3.631020903,      0.1460984286,         0.0904359
      -1.977828761,         3.5639274,      0.1461356292,     0.08929479327
      -1.887163843,       3.657531187,      0.1460956718,     0.08812212049
      -1.915182899,       3.627618984,      0.1459780078,     0.08686935957
      -1.937628579,       3.605063097,       0.145791062,       0.085506353
      -1.892600301,       3.653157417,      0.1455380813,      0.0840771483
      -1.957152399,       3.588051193,      0.1452128522,     0.08259398446
      -1.948888516,       3.595975053,      0.1448117582,     0.08106834661
      -1.978808734,       3.566325992,      0.1443370587,     0.07949442533
      -1.971948192,       3.575751156,       0.143788024,     0.07785877629
      -1.964171282,       3.584238913,      0.1431655794,     0.07617423913
      -1.958148054,       3.587619799,      0.1424706381,     0.07447567132
      -2.034219889,       3.511945906,      0.1417072407,     0.07279064029
      -1.952162436,       3.596604107,      0.1408848704,     0.07106448536
      -1.956921365,       3.586914052,      0.1400001494,     0.06932179305
      -1.996082764,       3.547411265,      0.1390396883,     0.06758863055
      -1.938034693,        3.60864766,      0.1380097785,     0.06584685793
      -2.015069709,        3.52874599,      0.1369113605,     0.06417535652
      -1.988916455,       3.553826099,      0.1357469982,      0.0625402043
      -1.950763437,       3.596641779,      0.1345067427,     0.06093008671
      -2.015125127,       3.525281928,      0.1332023034,     0.05937421768
      -1.962833705,       3.581595306,       0.131815515,     0.05785077494
      -1.944698407,        3.59836057,      0.1303568282,     0.05637212414
      -2.054771643,       3.485533191,      0.1288224906,     0.05502669993
      -2.032074973,       3.507010079,      0.1272319028,     0.05374159241
      -1.936370399,       3.607219346,      0.1255709796,     0.05256854197
      -1.953705146,       3.587246747,      0.1238480263,     0.05146422874
       -1.96294187,       3.576452407,      0.1220567808,     0.05044144193
      -1.990256915,       3.550169307,      0.1202103009,     0.04950645522
      -2.006514597,        3.53057766,      0.1182960985,     0.04864192189
      -1.980421057,       3.560486301,      0.1163171312,     0.04780875702
      -1.999788902,       3.537356188,      0.1142780105,     0.04710972853
      -1.982475452,        3.55640096,      0.1121862063,      0.0464999956
       -1.99408467,       3.544681042,      0.1100325957,     0.04596798718
      -1.964012112,       3.575600731,      0.1078236088,     0.04547061557
      -1.966992809,       3.569838253,      0.1055575179,     0.04503293324
      -2.032124584,       3.506667913,      0.1032360223,     0.04464576048
      -2.001255012,       3.536045465,      0.1008550291,     0.04432546858
       -1.94506554,       3.592250383,     0.09841702346,     0.04407598979
      -1.967078057,       3.568970543,     0.09591872334,     0.04389670366
      -1.926418632,       3.614298119,     0.09335950727,     0.04376071147
      -2.002767138,       3.533912529,     0.09073129991,      0.0436158429
      -2.004264008,        3.53034021,     0.08805063086,     0.04353447184
      -1.896641708,       3.644955252,     0.08532076273,      0.0434945221
       -1.83434772,       3.704137513,     0.08253844319,     0.04342331553
      -1.793021467,       3.746899688,     0.07972101406,     0.04346124185
      -1.872727804,       3.668470029,      0.0768627152,     0.04357724988
      -1.845172409,       3.695276518,     0.07396774622,     0.04368543563
      -1.840307842,       3.699692143,     0.07103296313,     0.04382201673
      -1.773356514,       3.769656249,     0.06804385713,     0.04393675676
      -1.808055187,       3.731975843,     0.06502903799,     0.04408808586
      -1.793286349,       3.746129884,     0.06199637176,     0.04425515148
      -1.791070346,       3.751388099,     0.05893008083,     0.04445535985
      -1.752311549,       3.785278419,      0.0558322583,     0.04475303627
      -1.804943447,        3.73694762,     0.05270616988,     0.04515032389
       -1.78664547,       3.756769646,     0.04955877332,     0.04548846966
      -1.851801549,       3.689704204,     0.04638604183,      0.0457523096
      -1.851596938,       3.689411766,     0.04319507058,      0.0460140512
      -1.803852777,       3.740438602,     0.03998664085,     0.04631553524
      -1.810860983,       3.730868841,     0.03676164286,     0.04657731806
      -1.760486825,       3.779980935,      0.0335223129,     0.04688275686
      -1.792209661,       3.750269893,     0.03027084968,     0.04714495949
      -1.817118472,        3.72522748,     0.02702540484,        0.04742462
      -1.839814317,       3.702514865,     0.02377062591,     0.04764346839
      -1.834272212,       3.706980792,     0.02051658501,     0.04782930246
      -1.805946987,       3.737371276,     0.01726862558,     0.04795477564
      -1.847712267,        3.69454815,     0.01404341148,     0.04809551198
      -1.822701003,       3.718289171,      0.0108395206,     0.04828949897
      -1.830865504,       3.711221476,    0.007647496467,     0.04853039062
      -1.795951792,       3.749220781,    0.004472342125,     0.04876179289
      -1.808924154,       3.735488782,    0.001314310078,     0.04899257101
      -1.844507496,        3.69701741,   -0.001831030343,     0.04929177509
       -1.83768878,       3.707404727,   -0.004954636142,     0.04964941829
      -1.845436043,       3.694339983,   -0.008044985746,     0.05007368831
       -1.85537037,       3.686789722,    -0.01109712574,     0.05047530583
      -1.818886548,       3.721534387,    -0.01411305379,     0.05086803404
      -1.846806002,       3.696793293,    -0.01709550777,     0.05124225357
      -1.891874511,       3.649331496,    -0.02003036036,     0.05162496148
      -1.894666844,       3.648456463,    -0.02290923676,     0.05204739753
      -1.883761845,       3.657658783,    -0.02573884346,      0.0524568916
      -1.852867939,       3.693928527,    -0.02851058181,     0.05293033572
      -1.884623099,       3.659296308,    -0.03122824499,     0.05354370706
      -1.891009491,       3.650303199,    -0.03390278696,     0.05410540061
      -1.884847854,       3.661992882,    -0.03651600144,     0.05464450127
      -1.874972725,       3.668030428,    -0.03907520468,     0.05510230872
      -1.853792547,       3.690359867,     -0.0415682988,      0.0556398244
      -1.854698789,       3.688999872,    -0.04400240686,     0.05617120114
       -1.83729186,       3.708855474,    -0.04637569106,     0.05669044504
      -1.956597037,       3.587231306,    -0.04867361197,     0.05725585508
      -1.896609522,        3.64580262,    -0.05091579853,     0.05775954544
      -1.899466199,       3.645296112,    -0.05309058612,     0.05805185995
       -1.90480812,       3.638653203,    -0.05520758532,     0.05830602935
      -1.892141404,       3.651273043,    -0.05726026808,     0.05854157875
      -1.929634856,        3.61204731,    -0.05925463634,     0.05873294773
      -1.934750223,       3.615887297,    -0.06120290194,     0.05885083295
      -1.961644693,       3.583523826,    -0.06309537145,     0.05884200829
       -2.02619717,       3.513370389,    -0.06493312149,     0.05868605864
      -1.941417848,       3.605046992,    -0.06672552379,     0.05846694193
      -1.973681902,       3.568974852,     -0.0684706643,     0.05807697481
      -1.932989283,       3.607578022,    -0.07017189219,     0.05744521608
      -1.941587805,       3.604887484,    -0.07182024142,     0.05678525977
      -1.986537518,       3.555042319,    -0.07342783487,     0.05604093797
      -2.058206444,       3.483097911,    -0.07499062807,     0.05509284557
      -1.938146177,       3.607397936,     -0.0765089874,     0.05399389277
      -1.975381132,       3.566547981,    -0.07799054132,     0.05271928348
      -1.979475854,       3.562280507,    -0.07943961314,     0.05135840118
      -1.948405279,       3.598724515,    -0.08084823442,     0.04989535933
      -1.975519799,       3.568044435,    -0.08222740927,     0.04811425364
      -1.938616979,        3.60456599,    -0.08356822297,     0.04621818931
      -1.920466731,       3.625738985,    -0.08487476994,     0.04424437471
      -2.013981329,       3.529613689,     -0.0861580501,      0.0420651704
      -2.014219596,       3.526969815,    -0.08741130986,     0.03982598986
      -1.987816055,       3.559869963,    -0.08864597966,     0.03748457442
       -1.96887809,       3.573094158,    -0.08985442306,     0.03503344865
      -1.939386288,       3.602013032,    -0.09103219089,     0.03258949865
       -1.92946976,       3.616837923,    -0.09218968845,     0.03007340256
       -1.95288256,       3.590038211,     -0.0933253018,     0.02743266368
      -1.999741072,       3.540548623,    -0.09444306945,     0.02476147327
      -1.952457291,       3.593209933,    -0.09554402691,     0.02197468614
      -2.000812538,       3.540034983,    -0.09662298977,     0.01913437441
      -1.990569095,       3.550267611,    -0.09768117583,     0.01624244343
      -1.961665566,       3.581346014,    -0.09871921114,      0.0133217328
      -1.996184735,        3.54453673,    -0.09974169016,     0.01039800131
      -1.952803403,       3.588832942,     -0.1007406858,     0.00746725464
      -1.948283066,       3.594764229,     -0.1017159438,    0.004566769227
      -2.011553767,       3.535191162,     -0.1026610436,    0.001806189618
        -1.9771356,       3.565862025,     -0.1035899093,   -0.001007579413
      -1.974137551,       3.569421784,     -0.1044869394,   -0.003681412015
      -2.009040125,       3.532896089,     -0.1053593411,   -0.006172984535
      -1.949811365,       3.589413012,     -0.1062113439,   -0.008587075548
      -1.904502867,       3.638965924,     -0.1070441617,    -0.01088710691
      -1.864916565,       3.676951732,      -0.107856838,    -0.01302009064
      -1.789767241,       3.751517808,     -0.1086441983,    -0.01496507717
      -1.868073955,       3.673116232,     -0.1094176011,    -0.01679975368
        -1.8408675,       3.702623252,     -0.1101631727,    -0.01849825015
      -1.846003498,       3.696965828,     -0.1108822157,    -0.01995017898
      -1.782820648,       3.757431344,     -0.1115809552,     -0.0212203303
      -1.779838933,       3.764006358,     -0.1122510922,    -0.02233022623
      -1.765901111,       3.777126334,     -0.1129062884,    -0.02330099096
      -1.781738046,        3.75936285,     -0.1135389874,    -0.02411393678
      -1.847354356,       3.692658684,     -0.1141501758,    -0.02479428382
      -1.759775733,       3.782624272,     -0.1147318334,    -0.02529945887
      -1.808899196,       3.732067299,     -0.1152818601,    -0.02570361922
      -1.819477095,       3.722491802,     -0.1158258186,    -0.02597107998
      -1.793226353,       3.752176776,     -0.1163478616,    -0.02602519895
      -1.824520538,       3.720120562,     -0.1168432402,    -0.02589482427
        -1.8264046,       3.715376541,     -0.1173085502,    -0.02561482218
      -1.828145062,       3.718030978,     -0.1177572448,    -0.02517346662
      -1.833667443,       3.707577478,      -0.118190594,    -0.02458320723
       -1.84884063,       3.694108236,     -0.1185976682,    -0.02379201812
      -1.819533645,       3.725250545,     -0.1189854322,    -0.02285998134
      -1.820692303,       3.722727369,     -0.1193623811,    -0.02176112719
      -1.820725439,       3.719758324,     -0.1197216948,    -0.02051548076
      -1.774875815,       3.770159875,     -0.1200516383,    -0.01911361817
      -1.839409416,       3.704121742,     -0.1203508675,    -0.01755355884
      -1.858019483,       3.683118702,      -0.120623362,    -0.01590820238
      -1.819817328,       3.725949287,     -0.1208499802,    -0.01409886603
      -1.820698114,       3.722258568,     -0.1210751254,    -0.01235005303
      -1.818548843,       3.725455609,      -0.121283876,    -0.01046171354
      -1.805790132,       3.740314735,     -0.1214642842,   -0.008574736661
       -1.79384909,       3.749144002,     -0.1216213785,   -0.006704801709
      -1.809714309,       3.733605102,     -0.1217524365,   -0.004860895257
      -1.837022941,        3.70781563,     -0.1218582351,   -0.002928032745
      -1.839606627,       3.702624973,     -0.1219454076,   -0.001014241102
      -1.842142479,       3.698763195,     -0.1220050313,   0.0008532266155
      -1.814162503,       3.731713312,     -0.1220356442,    0.002737156701
        -1.8077773,       3.736009181,     -0.1220514423,    0.004567039384
      -1.867848259,       3.673409846,     -0.1220458707,    0.006346088254
      -1.834965622,       3.708421238,     -0.1220193513,    0.008077267227
      -1.854780523,       3.690482391,     -0.1219733304,    0.009746337676
      -1.831866965,        3.71232811,     -0.1219066154,     0.01134902216
      -1.843708603,        3.70340518,      -0.121817272,     0.01292325404
      -1.863807239,       3.678520932,     -0.1216921806,     0.01444041192
      -1.872456926,       3.669366619,     -0.1215283519,     0.01584580175
       -1.84356335,       3.700050699,     -0.1213453512,     0.01713554296
      -1.905654433,        3.63558048,     -0.1211548967,     0.01825177541
      -1.864898069,       3.675378688,     -0.1209435402,     0.01928767217
      -1.834459037,       3.709874543,     -0.1206979933,     0.02035479512
      -1.872961687,        3.66903112,     -0.1204251092,     0.02133514307
      -1.877390756,       3.662382232,     -0.1201233055,     0.02227114223
      -1.915392087,       3.628779545,     -0.1198073048,     0.02314571956
      -1.934818265,       3.605941283,     -0.1194704221,     0.02395554846
      -1.946294423,       3.593624519,     -0.1191110718,     0.02468482831
      -1.912909934,       3.630533303,     -0.1187190852,     0.02533760007
      -1.929730416,       3.610873808,      -0.118286771,     0.02589579824
      -1.938457347,       3.602323281,     -0.1178252734,     0.02637112589
      -1.928849696,       3.616384693,      -0.117322587,     0.02684117025
      -1.985403385,        3.55742855,     -0.1167865373,     0.02722556331
      -2.022627118,       3.518835381,     -0.1162156112,     0.02758639661
      -1.980546809,       3.566734238,     -0.1156141287,     0.02796893258
      -1.962112347,       3.580230669,     -0.1149767094,     0.02831108529
      -1.957559687,       3.584220789,     -0.1143090006,     0.02867021695
      -1.931066175,       3.615102861,     -0.1135988548,     0.02907471164
       -1.95421667,       3.587837679,     -0.1128490312,     0.02945167241
      -1.991962956,       3.549989352,     -0.1120581876,     0.02987321372
      -1.936807384,         3.6091355,     -0.1112255341,      0.0303203202
      -1.982134002,       3.560176482,     -0.1103584433,     0.03072039436
      -2.014062252,       3.525147872,     -0.1094574594,     0.03116380187
      -1.961048952,        3.58466956,     -0.1085228731,     0.03165407877
      -1.993743493,       3.545840702,     -0.1075519823,      0.0321596429
      -1.968719474,       3.570941251,     -0.1065319289,     0.03277066441
      -1.935274581,       3.608553315,     -0.1054649651,     0.03351282568
      -1.979024928,       3.561357819,     -0.1043586841,     0.03425683495
      -1.980903431,       3.556567747,     -0.1032189784,     0.03506163409
      -1.945595397,       3.597820208,     -0.1020412406,      0.0359677697
      -1.977070378,       3.560668149,     -0.1008291076,     0.03694704691
      -1.990136773,       3.546255637,    -0.09957356667,     0.03791985903
      -1.949130131,       3.592761835,     -0.0982699494,     0.03893872023
      -1.978619561,         3.5592994,    -0.09691710075,     0.04009895004
      -1.998844244,       3.536444218,     -0.0955279219,     0.04150868374
      -1.951955909,       3.591076295,    -0.09409362155,     0.04310796947
      -1.974888919,       3.567106591,    -0.09264461648,     0.04473725277
      -1.990131421,       3.548698074,    -0.09115539065,     0.04643160157
      -1.947041068,       3.595939505,    -0.08963504828,     0.04821409293
      -1.980190632,       3.558517406,     -0.0880758079,     0.05002595455
      -1.998483044,        3.53697626,    -0.08649076731,     0.05187272376
      -1.953845837,       3.588864108,    -0.08488233545,      0.0537555213
       -1.98654244,       3.551281386,    -0.08325173851,     0.05556778105
      -2.002661265,       3.533939267,    -0.08159624205,     0.05738062023
      -1.956955112,       3.585737524,    -0.07991025894,     0.05920850936
      -1.987489664,       3.551592485,    -0.07820289547,     0.06101464921
      -2.006753524,       3.529351078,    -0.07647777086,     0.06290407564
      -1.958046935,       3.585294057,    -0.07473076585,     0.06485011483
      -1.941005493,       3.597902889,    -0.07295669774,     0.06682734292
      -1.873894448,       3.665927946,    -0.07116307579,     0.06873603463
      -1.771181814,       3.770853362,    -0.06935031937,     0.07061580177
      -1.846394857,       3.695179919,     -0.0675259234,     0.07249340277
      -1.834309882,       3.706138135,    -0.06569168527,     0.07443323549
      -1.841925649,       3.703712664,     -0.0638541741,     0.07631524248
      -1.780099482,       3.760534753,    -0.06201743906,     0.07817481547
      -1.810932961,       3.730035479,    -0.06018724369,     0.07996308783
      -1.785199752,       3.757775717,    -0.05836508139,     0.08172146862
      -1.825379882,       3.715562857,     -0.0565532235,     0.08343794308
      -1.829849516,       3.709135845,    -0.05474201902,     0.08506424904
        -1.7643324,       3.776331628,    -0.05294217892,     0.08659900464
       -1.81354627,       3.727159018,     -0.0511614748,     0.08809245681
      -1.842530759,        3.69998657,    -0.04939469953,     0.08947920308
      -1.786872132,       3.758190303,      -0.047636323,     0.09077737656
      -1.802729981,       3.742067296,    -0.04589096095,     0.09194984833
      -1.875012666,       3.667311716,    -0.04416098128,     0.09306740899
      -1.839501536,       3.705681476,    -0.04244067739,     0.09403323324
      -1.798661375,       3.743528627,    -0.04072769783,     0.09499590214
      -1.825146938,       3.717261196,    -0.03902740832,     0.09585838555
      -1.831472316,       3.712364359,    -0.03733887354,     0.09661052447
      -1.843950251,       3.699887766,    -0.03566782544,     0.09721219256
      -1.803022007,       3.738242485,    -0.03401611734,     0.09769812068
      -1.777548435,       3.767325425,    -0.03238560709,     0.09806394268
      -1.844604384,       3.698281565,    -0.03076957036,     0.09835709914
        -1.8613595,       3.680963438,    -0.02916557867,     0.09853962055
      -1.836095676,       3.709440598,    -0.02756994586,     0.09862720783
      -1.830689802,       3.712745736,     -0.0259850022,     0.09858902048
      -1.861829216,       3.681621018,     -0.0244188966,     0.09850320521
      -1.814279448,       3.731168095,    -0.02287191776,     0.09835696052
      -1.811658908,       3.733928699,    -0.02133406216,     0.09810024683
      -1.819319046,       3.724261058,     -0.0198019696,     0.09777112771
       -1.81838026,         3.7275141,    -0.01827059052,      0.0973797573
      -1.860033931,       3.682000855,    -0.01674091825,     0.09693655402
       -1.87772716,       3.664818711,    -0.01521831375,     0.09643803872
       -1.80662916,       3.740378747,    -0.01370547489,     0.09597863068
      -1.845064293,       3.698425067,    -0.01219576412,     0.09548373717
      -1.898925997,       3.642957158,    -0.01068653378,     0.09498008323
      -1.821868338,       3.723425898,   -0.009176450253,     0.09439285231
      -1.828210729,       3.716324014,    -0.00767103659,     0.09374811583
      -1.828948752,       3.712319105,   -0.006173655022,     0.09309324222
      -1.797645998,       3.748618996,   -0.004677943674,     0.09243506144
      -1.789945122,       3.753524497,   -0.003177723091,     0.09174966184
      -1.815530274,       3.728114262,    -0.00166710951,     0.09103216069
      -1.791246347,       3.753949213,   -0.000149703665,     0.09029514584
      -1.829698435,       3.714773546,    0.001376702729,     0.08947620272
      -1.852562116,       3.689044291,    0.002910034686,     0.08856400593
      -1.840496496,       3.703353191,    0.004441057218,     0.08766436525
       -1.89807644,       3.642676158,    0.005973442137,     0.08674587517
      -1.854623959,       3.688325535,    0.007504726404,     0.08587191073
      -1.866070187,       3.678385037,    0.009042546975,     0.08495793014
      -1.916405178,        3.62404322,     0.01058672976,     0.08398937412
      -1.946324175,       3.591548101,     0.01213951155,     0.08301118864
      -1.903729611,       3.638704498,     0.01369604255,     0.08202490237
      -1.909850981,       3.629161373,       0.015266465,      0.0810757531
      -1.904001472,       3.634650754,     0.01684087696,     0.08014702185
      -1.909974943,       3.632884793,     0.01842366004,     0.07927472565
      -1.951796359,       3.588983184,     0.02000653981,     0.07843374916
      -1.958919995,       3.580558953,     0.02159307803,     0.07756576271
      -1.958802436,       3.586292047,     0.02318054661,     0.07667231976
       -1.99027041,       3.551529443,     0.02478673422,     0.07563103847
      -2.015314412,       3.523819574,     0.02639576687,     0.07453496954
      -1.976661418,       3.568336248,     0.02800801283,     0.07338675156
       -1.95076633,       3.591561417,     0.02961913195,     0.07218676016
      -1.976846054,       3.561711811,     0.03124004862,     0.07088162245
      -1.931974389,       3.612204492,     0.03286139797,     0.06949403918
      -1.961849319,       3.577029517,     0.03446743273,      0.0681528285
      -2.003451746,       3.532417692,     0.03606112237,     0.06687878846
      -1.938279396,       3.603701905,     0.03764117101,     0.06558867337
      -1.984045554,       3.553347293,     0.03921949601,     0.06422683867
      -2.021143125,       3.512952062,     0.04079121205,     0.06281885474
      -1.963219824,       3.578435266,     0.04236040154,     0.06134539858
      -1.990961574,       3.546046911,     0.04392799074,     0.05977518199
      -1.976126793,       3.559210785,     0.04549363299,     0.05809370748
      -1.958248095,       3.582764143,     0.04705510002,     0.05632882882
      -1.977717403,       3.562111093,     0.04861279093,      0.0544832796
      -1.974476981,       3.561348473,     0.05017269793,     0.05249778031
      -1.966605134,       3.574652203,     0.05172606953,     0.05046561942
      -1.998424539,       3.538306969,     0.05328084589,     0.04833329363
      -2.025196246,       3.507603529,     0.05483491049,     0.04608915103
      -1.986832343,       3.553466378,     0.05638287298,     0.04383467408
      -1.968977897,       3.568001604,     0.05792493449,     0.04157071299
      -1.998020855,       3.535778748,     0.05945810749,     0.03930933079
      -1.949140305,       3.593038203,     0.06097513982,     0.03707136059
      -1.935635298,       3.602675759,      0.0624884841,     0.03479474087
      -1.915475687,       3.622640592,     0.06399563866,     0.03250035765
      -1.835956125,       3.707229723,      0.0654979186,     0.03021338676
      -1.864538263,       3.678296591,     0.06698775376,     0.02792733313
      -1.840537494,       3.698401207,     0.06847451827,     0.02562272937
      -1.841547782,       3.701236664,     0.06994994771,     0.02337626512
      -1.876757936,       3.664239568,     0.07142882243,     0.02118521641
      -1.822994033,       3.715962787,     0.07291015824,     0.01900211154
      -1.785714838,       3.757579453,     0.07439298348,     0.01682323588
      -1.788827458,       3.752693345,     0.07588054044,     0.01469524476
       -1.81964059,       3.720003337,     0.07736773228,     0.01264394548
      -1.803812618,       3.738827572,     0.07885745716,     0.01062731336
      -1.785980112,       3.754285386,     0.08034450879,    0.008659926464
      -1.827162809,       3.713993625,     0.08182758603,    0.006749503218
      -1.797972668,        3.74808317,     0.08331770861,    0.004884616643
      -1.824946173,       3.718479593,     0.08480440645,    0.003046397851
         -1.892471,       3.649897766,     0.08628165314,    0.001314077312
      -1.863996392,       3.681504335,     0.08775868435,  -0.0002683880654
      -1.858890687,       3.685518177,     0.08923951771,   -0.001766303773
      -1.827934872,       3.714513245,     0.09073135809,   -0.003192119681
       -1.79385672,        3.75225203,     0.09223575019,   -0.004448622321
      -1.854933542,       3.689349256,        0.09372968,   -0.005608817521
      -1.861088516,       3.682755085,     0.09521677325,   -0.006646842214
       -1.81434001,        3.73162258,     0.09668893832,   -0.007637217906
      -1.813324996,       3.730179125,     0.09815491844,   -0.008570184877
      -1.833584843,       3.707941014,     0.09960740259,   -0.009400724246
      -1.857490129,       3.688296541,      0.1010555767,    -0.01012668679
      -1.843960869,       3.698743797,      0.1024937552,    -0.01079239708
      -1.845659386,       3.698123702,      0.1039325291,        -0.0114133
       -1.81873775,       3.726413729,      0.1053555521,    -0.01192974883
      -1.841965104,       3.703769006,       0.106769082,    -0.01236153384
      -1.864072208,       3.678361757,      0.1081786482,    -0.01278736803
      -1.845342432,       3.700471529,      0.1095835616,    -0.01316047824
      -1.860980165,       3.681772848,      0.1109882079,    -0.01347262973
      -1.861164728,       3.682525734,      0.1123890324,    -0.01379662789
      -1.834695579,       3.710103886,      0.1137839539,    -0.01406335039
      -1.860982735,       3.682897564,      0.1151619071,    -0.01426129563
      -1.852289882,       3.691033439,      0.1165235572,    -0.01444611933
      -1.835316641,       3.711696738,      0.1178675868,    -0.01462887871
      -1.833906243,       3.709013757,      0.1191869428,    -0.01486829277
      -1.844751642,       3.697948544,      0.1204852819,    -0.01509221551
      -1.866183001,       3.678806904,      0.1217623838,    -0.01533358979
      -1.895682147,       3.646654486,      0.1230163025,    -0.01562264415
      -1.886561231,       3.655259706,      0.1242495337,    -0.01596672678
      -1.856655035,       3.688208963,      0.1254556597,    -0.01638937994
      -1.872703245,       3.669167596,      0.1266211013,    -0.01688135683
      -1.880714988,       3.659958074,      0.1277469822,    -0.01740892948
      -1.901809561,       3.642909091,      0.1288248168,    -0.01802927638
      -1.910683554,        3.63284396,      0.1298618822,    -0.01860117781
      -1.955867198,       3.585025047,      0.1308516075,    -0.01913824339
      -1.901227008,        3.64341408,      0.1317955183,    -0.01970684797
      -1.928244967,       3.612711096,       0.132681583,    -0.02031307253
      -1.963251775,       3.576662433,      0.1335166828,    -0.02096299155
      -1.936688087,       3.609008884,      0.1342924165,    -0.02169893248
       -1.96763095,       3.574538218,      0.1350136787,    -0.02244965595
      -1.954321046,       3.587085409,      0.1356785862,    -0.02324412878
      -1.954231306,        3.59116901,      0.1362882633,    -0.02407618686
      -1.997765661,       3.544786551,      0.1368455074,    -0.02493999008
      -1.975920133,       3.564776143,      0.1373497355,    -0.02583229978
      -1.973051147,       3.573134616,      0.1378026937,    -0.02673724631
      -2.001267106,       3.540951465,      0.1382072433,    -0.02772366095
      -2.021056002,       3.518313785,      0.1385560546,    -0.02869232458
      -1.979551513,        3.56517588,      0.1388517203,    -0.02970080669
      -1.966114364,        3.57481838,      0.1390912704,     -0.0307655849
      -2.015195295,       3.521171769,      0.1392809645,    -0.03186347989
      -1.965003008,       3.578379415,      0.1394141543,    -0.03300942121
      -1.962539418,       3.577155217,      0.1394943908,    -0.03423593158
      -2.035214922,        3.50108029,      0.1395237602,    -0.03552605765
      -1.979720276,       3.563193544,      0.1395031445,    -0.03688264387
      -2.006748257,       3.532164833,       0.139433804,    -0.03824041301
      -2.039409979,       3.495383098,      0.1393128497,    -0.03958939899
      -1.948703815,       3.594052233,       0.139140893,    -0.04096146933
      -1.991302136,       3.546611774,      0.1389185778,    -0.04234972171
      -2.015738531,       3.520289293,      0.1386426561,    -0.04375645576
      -1.937406174,       3.605114045,      0.1383134562,    -0.04514289221
      -1.997004318,       3.542548985,      0.1379284472,    -0.04655311901
      -2.033138277,       3.502589267,      0.1374898138,    -0.04797504145
      -1.974099089,       3.569500741,      0.1369977923,    -0.04942560239
      -2.009614397,       3.528908395,      0.1364610758,    -0.05087316774
      -2.001309723,       3.535212335,      0.1358857179,    -0.05226347973
      -1.938942761,       3.604562547,      0.1352674321,    -0.05361001343
       -1.99621225,       3.543874852,      0.1346004147,    -0.05496278357
      -2.005270864,       3.531204981,      0.1338942826,    -0.05630641257
      -1.885393356,       3.658373464,      0.1331518468,    -0.05765454731
      -1.850272646,       3.691184911,      0.1323701754,    -0.05897548056
      -1.877153949,       3.662812775,      0.1315522283,    -0.06025578621
      -1.814897946,       3.726730698,      0.1307039206,    -0.06151631821
      -1.873752282,       3.667677617,      0.1298278276,    -0.06276145757
      -1.889017065,       3.651140404,      0.1289272561,    -0.06399767463
      -1.790261429,        3.75222657,      0.1279984687,    -0.06518821219
      -1.791478772,       3.750262443,      0.1270479302,    -0.06628046508
      -1.788362329,       3.752744037,      0.1260795384,    -0.06731467107
      -1.817648587,       3.726731266,      0.1250858062,    -0.06824883878
      -1.815329951,       3.726148813,      0.1240739739,    -0.06912082162
      -1.754186582,       3.785580518,      0.1230434467,    -0.06990805303
      -1.789428482,       3.755333783,      0.1219953765,    -0.07060969002
      -1.844556487,       3.700359991,      0.1209293892,     -0.0712288848
      -1.855564964,       3.688649776,      0.1198511477,    -0.07180124301
      -1.843787003,       3.703490407,      0.1187598472,     -0.0722913502
      -1.825950035,       3.718838822,      0.1176626528,    -0.07270071891
      -1.820766033,       3.724242509,      0.1165632014,    -0.07300559067
      -1.810897181,        3.73488889,      0.1154596636,    -0.07323884772
      -1.820128869,       3.724028399,      0.1143543865,    -0.07335650064
      -1.854761163,       3.689686178,       0.113247934,    -0.07336358639
      -1.833281092,       3.712384463,      0.1121417705,    -0.07325522058
      -1.842130685,        3.69984454,      0.1110359098,    -0.07304116209
      -1.831209034,       3.709385063,      0.1099327684,    -0.07271624043
      -1.839572664,       3.705838083,      0.1088331907,    -0.07227878254
      -1.856277189,       3.687904751,      0.1077368274,    -0.07172876795
      -1.852624728,       3.692848226,      0.1066439913,    -0.07107422706
      -1.831513714,        3.71522391,      0.1055570741,    -0.07033310879
      -1.836748267,       3.707839956,      0.1044802452,    -0.06951660549
      -1.849549233,       3.692761425,      0.1034157562,    -0.06859382964
      -1.845696994,       3.700448139,      0.1023634348,    -0.06755294329
      -1.845594409,       3.698625479,      0.1013191127,    -0.06639259235
      -1.820079061,       3.723844496,      0.1002842076,    -0.06517185091
      -1.796916335,       3.749096902,     0.09925944524,    -0.06390963919
      -1.817671368,       3.727790472,      0.0982445948,    -0.06258978088
      -1.844032895,       3.700643375,     0.09722993142,    -0.06124667225
       -1.84042213,       3.707708823,     0.09622225699,    -0.05981822976
      -1.882254245,       3.661361537,     0.09521925973,    -0.05834168981
       -1.84828612,       3.693146997,     0.09422548157,    -0.05680672837
      -1.829938181,       3.715723566,      0.0932424883,    -0.05519703064
      -1.805516575,       3.740274496,     0.09226800517,    -0.05350809733
      -1.866513553,       3.675279196,     0.09130608251,    -0.05180798292
      -1.840109281,       3.706026648,     0.09035474195,    -0.05006862075
      -1.866757494,       3.677169805,     0.08941519697,    -0.04830060107
      -1.896371086,       3.644642021,     0.08848142259,    -0.04650351906
       -1.85262787,       3.692393378,     0.08754801737,    -0.04469996216
       -1.81366252,       3.729222346,     0.08660947423,    -0.04286585755
      -1.861928182,       3.678864634,     0.08566797756,    -0.04105854112
       -1.80626048,       3.737225159,     0.08473145361,    -0.03918551133
      -1.888744135,       3.653577823,     0.08378439233,    -0.03732977569
      -1.888578392,        3.65162347,     0.08283453918,    -0.03546757768
      -1.887072402,       3.656454027,     0.08188787607,    -0.03355856332
      -1.982365706,       3.556052638,     0.08093660984,    -0.03164742464
      -1.967545574,       3.570749934,     0.07997987836,    -0.02974974713
      -1.946175722,        3.59936415,     0.07901713471,    -0.02788885737
      -1.941056266,       3.601608365,     0.07804349645,    -0.02607902873
      -2.000099623,       3.539929946,     0.07706804203,    -0.02427861476
      -1.923057011,       3.622583454,      0.0760745774,    -0.02256680616
      -1.880427713,       3.663823882,     0.07507143902,    -0.02087760779
      -1.873889129,       3.670526489,     0.07406284256,    -0.01921250938
      -1.875939411,       3.671287217,     0.07305515327,    -0.01757673967
       -1.87424726,       3.671239248,      0.0720372372,    -0.01599382174
      -1.974088282,       3.568700734,     0.07100622997,    -0.01451131395
      -1.913607936,       3.632678839,     0.06995566565,    -0.01313175454
      -1.965048023,       3.578134114,     0.06888742518,    -0.01182504892
      -1.984035477,       3.558330488,     0.06780462953,    -0.01057609086
      -1.909979607,       3.635668457,     0.06670480765,   -0.009407331027
      -1.964456017,       3.578651165,     0.06558556198,   -0.008280427821
      -1.981543033,       3.559430501,     0.06444122772,    -0.00721330525
       -1.97342519,       3.573887608,     0.06327439306,   -0.006213791715
      -1.996254882,       3.545970271,     0.06208743269,   -0.005270637171
      -2.020184218,       3.521117643,     0.06087810795,   -0.004376812279
      -1.958509509,       3.587551569,     0.05964319954,   -0.003532541729
        -1.9914227,       3.551356106,     0.05838461653,   -0.002719392596
      -2.035785243,       3.502701017,     0.05710256835,   -0.001956991787
      -1.983282519,       3.561510962,     0.05579535639,   -0.001258334331
      -1.967692796,       3.573636148,     0.05447000921,  -0.0006068261345
      -2.001433431,       3.539419781,     0.05311675503,  -1.065283584e-05
      -1.956989326,       3.588879252,     0.05173724285,    0.000551359131
      -1.983808088,       3.558619009,     0.05033132293,    0.001048500994
       -2.09249854,       3.442956566,     0.04889825654,    0.001506463039
      -1.949063867,       3.595943392,     0.04743223071,    0.001910253207
      -2.020128364,        3.52153122,     0.04593511285,    0.002270021792
      -1.988218029,       3.552474531,     0.04440655858,    0.002593396641
       -1.97643479,       3.568789646,     0.04284740612,    0.002891354926
      -2.014808823,       3.527457746,     0.04126281142,    0.003197144319
      -1.980787569,       3.561277301,     0.03964780013,    0.003474519997
      -1.943050152,        3.60244844,     0.03800537687,    0.003731737873
       -2.01280472,       3.529184849,     0.03633412699,    0.003962623696
      -1.945925246,       3.593210921,     0.03464039479,    0.004206894155
      -1.967492236,       3.577800827,     0.03292074458,    0.004440089033
      -1.978075554,       3.561623719,     0.03118555454,    0.004728224984
      -1.942235205,        3.59805093,     0.02942725771,    0.005021174017
      -1.956550462,       3.585210044,     0.02765227306,    0.005359602167
      -1.939187714,       3.603078307,     0.02585582728,    0.005711411206
      -1.953998694,       3.586925229,     0.02404619516,    0.006124759618
       -1.87770108,       3.663757395,     0.02222315076,    0.006593607695
       -1.83870901,       3.703966457,     0.02039180937,    0.007150521751
      -1.807778846,       3.733192205,     0.01854938572,     0.00779000373
      -1.853393425,       3.688799606,     0.01670108178,    0.008526156311
      -1.811985693,       3.733304831,       0.014847332,    0.009311856687
      -1.854370514,       3.689324831,     0.01299799593,     0.01020468242
      -1.853465927,       3.687117647,     0.01114617404,     0.01116352538
      -1.855236239,       3.683781272,    0.009307509896,     0.01216157381
      -1.748682688,       3.793034026,    0.007467512522,     0.01328404982
      -1.796439888,       3.745575472,    0.005636829257,     0.01456253141
      -1.819217868,       3.721134782,    0.003813318565,     0.01594535789
      -1.788096142,       3.756040539,     0.00199565251,     0.01748550145
      -1.813104656,       3.729344359,   0.0001820274341,     0.01912457267
      -1.850250304,       3.693781509,   -0.001615240502,      0.0208267377
      -1.841139523,       3.705714219,   -0.003400157222,      0.0226690073
      -1.841343667,       3.704810816,   -0.005169482293,     0.02464251935
       -1.86009571,       3.682904005,   -0.006921518595,     0.02673762887
      -1.807287427,       3.738519765,   -0.008654838809,     0.02898536948
      -1.812283963,       3.731819603,    -0.01037279109,     0.03142885859
      -1.828248732,       3.714940889,    -0.01206389764,     0.03400623209
      -1.808583832,       3.738891503,    -0.01371968369,     0.03667621703
      -1.843531652,       3.699158145,    -0.01534588446,     0.03951271288
      -1.857898025,       3.681902065,    -0.01693273293,     0.04238535247
      -1.787726108,       3.757967282,    -0.01848779188,     0.04537010239
      -1.830236636,       3.713728153,    -0.02000901998,      0.0484627572
      -1.845076738,       3.700447847,    -0.02149766714,     0.05166493372
      -1.832025808,       3.713686556,    -0.02295295226,     0.05497974475
      -1.858611273,       3.686676659,    -0.02437370537,      0.0584120815
      -1.896240633,       3.646654634,    -0.02575735436,     0.06192431653
      -1.869633399,       3.676835346,    -0.02710339491,     0.06552199772
      -1.821466582,       3.723878756,    -0.02841263175,     0.06918945458
      -1.812261666,       3.733416929,    -0.02968392867,     0.07290519779
      -1.875153378,       3.671068205,    -0.03091943555,     0.07665074918
      -1.838865421,        3.70556503,     -0.0321144269,     0.08042992423
      -1.836378811,       3.706523845,     -0.0332742624,     0.08425380771
      -1.839668042,       3.706525119,    -0.03439325973,     0.08810136169
      -1.851537439,       3.691679158,    -0.03547170378,     0.09195536803
      -1.885588873,       3.657922626,    -0.03651180343,      0.0958516269
      -1.828470685,       3.717327806,    -0.03752905856,     0.09982024966
      -1.874762372,       3.669916352,    -0.03850393528,      0.1037986712
      -1.901467866,       3.642729248,    -0.03943343319,      0.1076947058
       -1.88346437,       3.662790262,     -0.0403265644,      0.1115610384
      -1.891382772,       3.654590896,    -0.04117999767,      0.1153055107
      -1.849915489,       3.693833229,     -0.0419990935,      0.1189715413
      -1.824056318,       3.721775735,    -0.04278168975,      0.1225085093
      -1.915616982,         3.6291727,     -0.0435325423,      0.1259627354
      -1.913054553,       3.632142481,    -0.04425307431,      0.1293070402
      -1.926873403,       3.620085621,    -0.04494736115,      0.1325700437
      -1.970337823,       3.574005153,    -0.04561297899,      0.1356916845
      -1.977396479,       3.565675742,    -0.04625170459,          0.138703
      -1.924904761,       3.622660703,    -0.04686510899,      0.1415889816
      -1.972959078,       3.571929876,     -0.0474546632,       0.144351024
      -1.987974537,       3.556514205,    -0.04802426983,      0.1469849424
      -1.946745361,       3.602781831,    -0.04857710385,      0.1494724944
      -2.022891513,       3.522764882,    -0.04911339807,      0.1518018219
      -1.988717092,        3.55504934,    -0.04963601901,      0.1539776606
      -1.926850849,         3.6209551,     -0.0501462911,      0.1559960499
      -1.992657621,       3.552602615,    -0.05064373833,         0.1578452
      -2.019029323,       3.524465283,    -0.05112919094,      0.1595189676
