    "rms[Rho]"    ,    "rms[RhoE]"   ,       "CD"       ,       "CL"       
      -2.484724628,       2.998120994,     0.09427536327,      0.0974743882
      -2.593370512,       2.898730813,      0.1429741943,      0.1379742867
      -2.630584039,       2.854567791,      0.1820436552,       0.169301596
      -2.669393068,        2.81353194,      0.2121050708,      0.1954247766
      -2.704886314,       2.776536528,      0.2339193592,      0.2166913296
      -2.733857451,       2.745392394,      0.2489868363,       0.232982661
      -2.753493159,        2.72350494,      0.2588231195,      0.2444642044
      -2.765921469,       2.709942685,      0.2645765411,      0.2515514959
      -2.777717762,       2.698019617,      0.2673756335,      0.2557845325
      -2.788036533,       2.687743824,      0.2679249051,      0.2579545653
      -2.795643221,       2.680295713,      0.2668017128,      0.2588240935
      -2.800198191,       2.676186032,       0.264629885,       0.258710232
      -2.803637925,        2.67318243,      0.2616203796,      0.2588981561
      -2.806215572,       2.670963128,      0.2579771715,      0.2594673861
      -2.809208758,        2.66804863,      0.2539920841,      0.2597199843
      -2.812981675,       2.664100546,      0.2497980994,      0.2592623683
      -2.817795299,       2.658930188,      0.2454659884,      0.2584496909
      -2.822813215,       2.653327355,       0.241089752,      0.2576641299
      -2.827155455,       2.648353784,      0.2367865785,      0.2567127025
      -2.830928663,       2.643919739,      0.2326716064,      0.2555241415
      -2.833892504,       2.640424829,      0.2287309608,      0.2543926971
      -2.836693705,       2.637146683,      0.2250068526,      0.2536533977
      -2.839295862,       2.634064946,      0.2215218712,      0.2530084505
       -2.84215885,       2.630722406,      0.2182765378,      0.2523106136
      -2.845104635,       2.627311321,      0.2152340576,      0.2516212683
      -2.848208741,       2.623758277,      0.2123266818,      0.2508916395
      -2.851143734,       2.620389777,      0.2095461946,      0.2502183723
      -2.853812406,       2.617320036,      0.2068521786,      0.2496214231
      -2.856859313,       2.613931422,      0.2042796308,      0.2491706807
      -2.859875203,       2.610574074,      0.2017778022,      0.2487471774
      -2.862771345,       2.607367673,      0.1993440316,      0.2484511175
      -2.865360323,       2.604524215,      0.1969967516,      0.2480417059
      -2.867935184,       2.601684539,      0.1947135545,      0.2475494856
      -2.870563948,       2.598803054,      0.1925228311,      0.2472170982
      -2.873067487,       2.596052217,      0.1903705232,      0.2467785489
      -2.875380969,       2.593482689,      0.1882737549,      0.2462155481
      -2.877486013,       2.591099697,       0.186215345,      0.2455585159
      -2.879388274,       2.588957928,      0.1841993931,      0.2446433907
      -2.881122218,       2.586973645,       0.182269445,       0.243825936
      -2.882394713,       2.585467526,       0.180402102,      0.2431335022
      -2.883375708,       2.584249854,      0.1785830001,      0.2425656197
      -2.884110261,       2.583301927,      0.1768194149,      0.2420856885
      -2.884590622,       2.582622312,      0.1750875684,      0.2415512305
      -2.884839263,        2.58213734,      0.1733880767,      0.2409220686
      -2.884825485,       2.581908933,      0.1717106832,      0.2401433271
       -2.88463909,       2.581898146,      0.1700833338,      0.2394607843
      -2.884627401,       2.581739041,       0.168508156,      0.2388388425
       -2.88449155,        2.58169038,      0.1669785484,      0.2383163224
      -2.884390896,       2.581618918,      0.1654847699,      0.2378453321
      -2.884234397,       2.581598094,      0.1640278753,      0.2375196426
       -2.88408475,       2.581585857,      0.1626060283,      0.2372951403
      -2.883978318,       2.581545341,      0.1612208099,      0.2370638626
      -2.884013482,       2.581346946,      0.1598510229,      0.2369466718
      -2.884054554,       2.581140741,      0.1585056938,      0.2367616725
       -2.88406212,       2.581003413,      0.1571810364,      0.2365619044
      -2.884097941,       2.580839835,      0.1558824513,      0.2361326964
      -2.884144614,       2.580655042,      0.1546043941,      0.2356776177
      -2.884195918,       2.580457266,      0.1533578835,      0.2352342353
      -2.884097523,        2.58041255,      0.1521299745,       0.234785665
      -2.883951028,       2.580425016,       0.150924897,      0.2344257474
      -2.883739989,       2.580492677,      0.1497310333,      0.2341497225
       -2.88345757,       2.580617495,      0.1485517214,       0.233900747
      -2.883102299,        2.58081023,      0.1473942793,      0.2334795069
      -2.882667897,       2.581089625,      0.1462555889,       0.233118483
      -2.882250899,       2.581342654,      0.1451365513,      0.2327164499
      -2.881788922,       2.581630836,      0.1440252956,      0.2321734699
      -2.881198482,       2.582055424,      0.1429081187,      0.2315315615
      -2.880520258,        2.58257757,      0.1418087586,      0.2309669097
      -2.879762683,       2.583173163,      0.1407216118,      0.2304493757
      -2.878963726,       2.583819259,      0.1396937624,      0.2301373375
      -2.878141541,       2.584475974,      0.1386647343,      0.2298601204
      -2.877273594,       2.585184775,      0.1376439853,      0.2294317351
      -2.876461043,       2.585835039,      0.1366662144,       0.229063817
      -2.875569771,       2.586563584,      0.1356970298,      0.2287000677
      -2.874689356,       2.587269311,      0.1347267041,      0.2282764317
      -2.873882825,       2.587879219,      0.1337543414,      0.2278160265
      -2.873057993,       2.588507104,      0.1327958176,      0.2273538038
      -2.872168392,       2.589205779,      0.1318640858,      0.2269273156
       -2.87123228,       2.589948717,      0.1309530571,      0.2264494654
      -2.870466604,       2.590506588,      0.1300461821,       0.225939801
      -2.869726746,       2.591044029,      0.1291449743,      0.2253507917
      -2.868998095,       2.591592728,      0.1282542001,      0.2246684538
      -2.868224289,       2.592196222,       0.127371145,      0.2241383651
      -2.867532262,       2.592709011,      0.1264994913,      0.2236532344
      -2.866853908,       2.593204201,      0.1256424226,      0.2231127541
      -2.866188433,       2.593697633,      0.1247908894,      0.2225939003
      -2.865539965,       2.594183624,      0.1239369275,      0.2220561854
      -2.864882609,       2.594677101,      0.1231040436,      0.2217202496
      -2.864230825,        2.59515215,      0.1222721549,      0.2214210445
      -2.863565603,       2.595634906,      0.1214457366,      0.2211207572
      -2.862817099,       2.596210727,      0.1206220248,      0.2208724536
      -2.862064039,        2.59678927,       0.119800746,      0.2206116116
      -2.861268852,       2.597400057,      0.1189885151,      0.2201809244
      -2.860460738,       2.598007298,      0.1181900146,      0.2196339852
      -2.859513478,       2.598761239,       0.117384712,      0.2191707785
      -2.858502322,       2.599583025,      0.1165802362,      0.2187641729
      -2.857483858,       2.600410979,      0.1157866677,      0.2182374897
      -2.856462724,        2.60123052,      0.1150013899,      0.2176585774
      -2.855443115,       2.602055906,      0.1142143839,      0.2170700955
      -2.854447887,       2.602856878,      0.1134246538,      0.2164415474
      -2.853497659,       2.603618767,      0.1126428006,       0.215768077
      -2.852531656,       2.604398585,      0.1118708318,      0.2151568084
        -2.8515947,       2.605144568,      0.1110912943,      0.2148030147
      -2.850767287,       2.605770885,      0.1103268886,      0.2143048967
      -2.849980567,       2.606354409,      0.1095757597,      0.2137356734
       -2.84924282,       2.606891011,      0.1088314756,      0.2132588821
       -2.84849241,        2.60743878,      0.1080883499,      0.2127229591
      -2.847732466,       2.607993086,      0.1073331432,      0.2121630617
      -2.846975568,       2.608540026,      0.1065939152,      0.2117567788
      -2.846197686,       2.609102987,      0.1058836197,      0.2112073686
      -2.845374805,       2.609703326,      0.1051768172,      0.2106796282
      -2.844491469,       2.610356731,      0.1044709042,      0.2101762697
      -2.843637351,       2.610970695,      0.1037515657,      0.2096044505
      -2.842719518,       2.611652782,       0.103030086,      0.2090661083
       -2.84175559,        2.61239333,      0.1023160584,      0.2084895282
      -2.840794067,       2.613135188,      0.1016065406,      0.2079029482
      -2.839841362,       2.613868099,       0.100910437,      0.2073218598
      -2.838916031,       2.614571848,      0.1002156011,      0.2067884747
      -2.837937294,       2.615338313,     0.09950997366,       0.206235333
      -2.836902415,       2.616163956,     0.09881423988,      0.2055763765
      -2.835918886,       2.616930414,      0.0981264306,      0.2050230917
      -2.834977493,       2.617640021,     0.09743838027,      0.2045645858
      -2.833994934,       2.618394732,     0.09675591607,      0.2041143599
      -2.832978405,       2.619190723,      0.0960819797,      0.2035915742
      -2.831984571,       2.619966683,     0.09541326674,      0.2030189986
      -2.830982854,       2.620742677,      0.0947427874,      0.2024622646
      -2.830019462,       2.621467384,      0.0940736713,      0.2018868066
      -2.829033532,        2.62221099,     0.09341618607,      0.2012718948
      -2.828018194,       2.622982198,     0.09276045568,      0.2005925263
      -2.827024769,       2.623734314,     0.09210790267,      0.1998594026
      -2.826052674,       2.624460655,     0.09146280887,      0.1991784807
      -2.825032935,       2.625235729,     0.09081800667,      0.1985617895
      -2.823995098,       2.626031156,     0.09017181957,      0.1980208677
      -2.822922909,       2.626862175,     0.08953374429,      0.1974940637
      -2.821805946,       2.627741533,      0.0889004068,      0.1970975077
      -2.820707113,       2.628595265,     0.08826873327,      0.1967262897
      -2.819553135,       2.629506364,     0.08763998619,      0.1963337564
      -2.818406337,       2.630407122,     0.08701110782,      0.1959111738
      -2.817176831,       2.631391499,     0.08637184477,      0.1953932296
       -2.81589852,       2.632423601,     0.08573247658,      0.1949386629
      -2.814625108,       2.633448983,     0.08511241037,      0.1945007682
      -2.813337328,       2.634494017,     0.08450181313,      0.1940619977
      -2.812012083,       2.635583827,     0.08389159292,      0.1936547646
      -2.810686475,        2.63668077,     0.08328322063,      0.1932432829
      -2.809336737,       2.637808217,     0.08267213999,      0.1928386579
      -2.807980737,       2.638955416,     0.08206725916,      0.1925885563
      -2.806650434,       2.640087511,     0.08147881308,      0.1922711908
      -2.805351263,       2.641194877,     0.08089465304,      0.1918696318
      -2.803979428,        2.64239392,     0.08032229389,      0.1915057781
      -2.802582612,       2.643630423,     0.07975440862,      0.1911354353
      -2.801192417,       2.644872947,     0.07918669749,       0.190770594
      -2.799809585,       2.646119535,     0.07861857442,      0.1902985139
      -2.798430137,       2.647370833,     0.07804671982,      0.1898080773
       -2.79698675,       2.648696064,     0.07747248072,       0.189340215
      -2.795483738,        2.65008926,     0.07689317395,      0.1888356621
      -2.793955706,       2.651512762,     0.07633007047,      0.1884659277
      -2.792385802,       2.652983877,     0.07577655657,      0.1881386655
      -2.790794146,       2.654479496,     0.07522830397,      0.1877717034
      -2.789179791,       2.655996529,     0.07468566385,      0.1872879054
      -2.787510437,       2.657568794,     0.07415047866,      0.1867666969
      -2.785856172,       2.659125933,     0.07360963782,      0.1863038103
      -2.784209457,       2.660675565,     0.07304931569,      0.1857737514
      -2.782612557,       2.662176768,     0.07250315954,      0.1852922574
      -2.781009806,       2.663685181,     0.07197167075,      0.1848608886
      -2.779434347,       2.665165781,     0.07145147363,      0.1843953612
      -2.777913041,       2.666586045,     0.07094139567,      0.1839860884
      -2.776439495,       2.667956005,     0.07043895407,      0.1836030455
       -2.77498831,       2.669310414,     0.06993520753,      0.1832664664
      -2.773589428,       2.670615382,     0.06943104541,      0.1827947588
      -2.772252504,       2.671853521,     0.06893223093,      0.1824467189
      -2.770982245,        2.67302946,     0.06842826462,      0.1820317209
      -2.769763383,       2.674153543,     0.06793479929,      0.1814929709
      -2.768601723,        2.67521781,     0.06745320863,      0.1809993599
      -2.767490829,       2.676226765,     0.06697675079,      0.1805464714
      -2.766429492,       2.677186618,     0.06650008979,      0.1802486886
      -2.765407968,       2.678104566,     0.06602906936,      0.1800488144
      -2.764405332,       2.679001111,     0.06556818692,      0.1797881541
      -2.763409863,       2.679889905,     0.06511509749,      0.1794611222
      -2.762432199,       2.680755002,     0.06466023538,      0.1791525187
      -2.761464652,       2.681600963,     0.06421161266,      0.1788414429
      -2.760454844,       2.682489336,     0.06376315372,      0.1785484956
      -2.759436966,       2.683379911,     0.06332826661,      0.1781268881
      -2.758409808,       2.684271249,     0.06289731699,      0.1776228653
      -2.757309181,       2.685235262,     0.06247182551,       0.177105165
      -2.756141373,       2.686265929,     0.06204196853,      0.1766658048
      -2.754926923,       2.687344906,     0.06160894858,      0.1763284447
      -2.753669642,       2.688471949,     0.06118675298,      0.1758025261
      -2.752354725,       2.689663504,     0.06076628834,      0.1752760242
      -2.751028522,       2.690863222,     0.06034595332,       0.174754737
      -2.749709828,        2.69205433,     0.05993001916,      0.1741993336
       -2.74840615,       2.693234193,     0.05951379682,      0.1737384244
      -2.747085847,        2.69443999,     0.05910521756,      0.1732329422
       -2.74573335,       2.695692544,     0.05870064491,      0.1727835486
      -2.744373553,       2.696962754,     0.05830155606,       0.172344791
      -2.743070091,       2.698177048,     0.05790008858,      0.1719227413
      -2.741841017,       2.699317253,     0.05750505597,      0.1714231443
      -2.740614887,       2.700466733,     0.05711780857,      0.1709255573
      -2.739389491,       2.701632144,     0.05674550465,      0.1704295438
      -2.738154428,        2.70282362,     0.05638466287,      0.1698429284
      -2.736956404,       2.703987109,     0.05602449597,      0.1692755083
      -2.735854654,       2.705053713,     0.05566490731,      0.1687223985
      -2.734796876,       2.706081279,      0.0553108493,      0.1681874715
       -2.73375909,       2.707103439,     0.05496185721,        0.16755377
      -2.732695258,       2.708162593,      0.0546187081,      0.1669847282
      -2.731650471,       2.709205452,     0.05428797559,      0.1664104404
      -2.730661743,       2.710193714,     0.05398315345,      0.1658151564
      -2.729706618,        2.71114526,     0.05369159816,      0.1652105773
      -2.728714239,       2.712141214,     0.05341501114,      0.1645549843
      -2.727662301,        2.71321201,     0.05312945932,       0.163745844
       -2.72658118,       2.714313131,     0.05285430788,      0.1628899317
      -2.725543808,       2.715362255,     0.05261102777,      0.1621733386
      -2.724522635,       2.716383672,     0.05237643154,      0.1614232075
      -2.723475508,       2.717432555,     0.05215004868,       0.160729067
      -2.722337472,       2.718583351,     0.05192717835,      0.1599752701
      -2.721156868,       2.719783053,     0.05172112171,      0.1592690529
      -2.720021813,       2.720924588,     0.05152936915,      0.1585804512
      -2.718909499,       2.722033664,     0.05135835979,      0.1580354085
      -2.717822462,       2.723107975,     0.05119888191,      0.1575844658
      -2.716696354,       2.724225823,     0.05105166077,      0.1571004132
      -2.715538689,       2.725380801,     0.05090641553,      0.1565917633
      -2.714374426,       2.726545607,     0.05078029651,      0.1560493509
      -2.713246893,       2.727669367,     0.05065701913,      0.1555341472
      -2.712153715,       2.728749765,     0.05055057789,       0.155020864
      -2.711096528,       2.729787121,     0.05047685749,      0.1546866589
        -2.7100716,       2.730790719,     0.05042724547,       0.154423809
      -2.709059026,       2.731780234,     0.05039517118,      0.1541344155
      -2.708082259,       2.732729512,     0.05037129091,      0.1538280024
      -2.707127221,       2.733656312,     0.05036154387,      0.1534872946
      -2.706218281,       2.734529364,     0.05036552849,      0.1531523758
      -2.705341909,       2.735363655,     0.05038111197,      0.1528243124
      -2.704495469,       2.736160939,     0.05041064279,      0.1524820817
      -2.703686965,       2.736919755,     0.05043814006,      0.1520751457
      -2.702914758,       2.737640645,     0.05046408611,        0.15161824
      -2.702185433,       2.738313345,     0.05049995868,      0.1512130828
      -2.701477857,       2.738961251,     0.05053950162,      0.1508801714
      -2.700806513,       2.739565774,     0.05059291083,      0.1506780774
       -2.70015348,       2.740154748,     0.05065111519,      0.1505022757
      -2.699491038,       2.740762008,      0.0507219116,      0.1504065648
      -2.698843052,       2.741353208,     0.05079521634,      0.1503617492
      -2.698190117,       2.741947417,     0.05088118353,      0.1502936332
      -2.697535431,       2.742539192,     0.05097569963,      0.1502532878
      -2.696913399,       2.743100701,     0.05107569304,      0.1501642251
      -2.696256358,       2.743708089,      0.0511844424,      0.1501059882
      -2.695581504,       2.744338604,     0.05129094428,      0.1500269168
      -2.694875788,       2.745003573,     0.05140163334,      0.1500210844
      -2.694164912,        2.74567171,     0.05151550752,      0.1500247079
       -2.69344045,       2.746356146,     0.05163113566,      0.1500214821
      -2.692671087,       2.747095046,     0.05174960896,      0.1499526427
      -2.691892741,        2.74785104,     0.05186698438,       0.149829587
      -2.691052027,       2.748682863,     0.05197685106,       0.149728508
      -2.690158328,        2.74957405,      0.0520810093,      0.1496662762
      -2.689248889,       2.750484563,      0.0521794742,       0.149606392
      -2.688343805,       2.751389399,     0.05227694165,      0.1494938627
      -2.687386272,       2.752356372,     0.05237210207,      0.1493801336
      -2.686385622,       2.753376457,     0.05246586412,      0.1492829111
      -2.685323132,       2.754467742,     0.05255511795,      0.1491606815
      -2.684227899,       2.755594495,     0.05263964301,      0.1490207868
      -2.683127346,       2.756728879,     0.05272101539,      0.1488467283
      -2.682022696,       2.757874692,     0.05279943947,      0.1486845885
      -2.680884655,       2.759061269,     0.05287200753,       0.148484997
      -2.679739308,        2.76026203,     0.05294063812,      0.1482755908
       -2.67857177,        2.76149466,     0.05300517155,      0.1481013998
       -2.67740286,       2.762737272,     0.05306632215,      0.1479808185
      -2.676237492,       2.763980656,      0.0531222866,      0.1478809043
      -2.675092632,       2.765208532,     0.05317062524,      0.1478115549
      -2.673922327,       2.766474854,     0.05321231486,      0.1477371504
      -2.672771078,       2.767734196,     0.05324040928,       0.147736822
      -2.671639618,       2.768981761,     0.05326011128,      0.1477291809
      -2.670530745,       2.770211254,     0.05327109343,      0.1476918734
      -2.669419986,       2.771446013,     0.05327409215,      0.1476504342
      -2.668304301,       2.772693935,     0.05326376909,      0.1476675663
      -2.667200001,       2.773936606,     0.05324358254,      0.1476586525
      -2.666098972,        2.77517845,     0.05320964614,       0.147648266
      -2.664993724,       2.776436387,     0.05316223629,      0.1476576967
      -2.663882529,       2.777702254,     0.05310361916,      0.1476893788
      -2.662779833,       2.778962652,     0.05303989757,      0.1477368063
      -2.661683856,       2.780218724,     0.05296422907,      0.1478116827
      -2.660584013,       2.781481556,     0.05287989563,      0.1478737569
      -2.659482937,       2.782751811,     0.05278023852,      0.1478996469
      -2.658400975,        2.78400724,     0.05266853629,      0.1479458101
      -2.657325397,       2.785258917,     0.05254527705,      0.1479666365
      -2.656254317,       2.786506867,     0.05241377271,      0.1479983375
      -2.655202726,       2.787741411,     0.05226994629,       0.148015948
      -2.654167853,       2.788961161,     0.05211724518,      0.1480610147
      -2.653151714,       2.790162635,     0.05195481943,      0.1481029951
      -2.652144493,        2.79136018,     0.05178021717,      0.1481535932
      -2.651150604,       2.792544991,     0.05159306959,      0.1481984021
      -2.650177897,       2.793706906,     0.05139676423,      0.1482493633
      -2.649200311,       2.794875984,     0.05119367335,      0.1482884699
      -2.648234741,       2.796031953,     0.05098427164,       0.148360877
      -2.647297354,       2.797151969,     0.05076509111,      0.1484659465
      -2.646363891,       2.798260401,     0.05053660619,      0.1485952765
      -2.645437217,       2.799353955,     0.05030183928,      0.1486782713
      -2.644531529,       2.800412983,      0.0500575063,      0.1487678674
      -2.643642727,       2.801442757,     0.04981527986,       0.148882188
      -2.642769156,       2.802442592,     0.04956139618,      0.1489816678
      -2.641903825,       2.803417079,     0.04929733377,      0.1491034833
      -2.641065778,       2.804347216,      0.0490293904,      0.1492109213
      -2.640284868,       2.805194322,      0.0487508153,      0.1493161042
      -2.639527785,       2.805991581,     0.04846513092,      0.1494269464
      -2.638815906,       2.806714862,     0.04818063494,      0.1495759917
       -2.63812969,        2.80738338,     0.04789056356,      0.1497146279
      -2.637486483,       2.807975198,     0.04759718192,      0.1498469632
      -2.636901272,       2.808471223,     0.04730145434,      0.1499803754
      -2.636382358,       2.808858131,     0.04700421692,      0.1500787641
      -2.635920862,       2.809144541,     0.04670323644,      0.1501514726
      -2.635520429,       2.809323844,     0.04639385731,      0.1502386102
      -2.635193738,       2.809377982,     0.04607687993,      0.1503290807
      -2.634920351,       2.809326895,     0.04575462481,      0.1503947283
      -2.634728772,       2.809139422,     0.04542964096,      0.1504256686
      -2.634604566,       2.808833771,     0.04510133678,      0.1504191773
       -2.63457519,       2.808377405,     0.04477125134,      0.1503920382
      -2.634634278,       2.807772319,     0.04443737259,       0.150361628
      -2.634763585,       2.807037998,     0.04410127798,      0.1503570328
      -2.634983045,       2.806155138,     0.04376045258,      0.1503902787
      -2.635260307,       2.805158232,        0.04341535,      0.1504210209
      -2.635594579,       2.804049903,     0.04306901521,      0.1504745965
      -2.635998547,       2.802814053,      0.0427194817,      0.1505477862
      -2.636460106,        2.80146742,     0.04236438044,      0.1506033685
         -2.636973,        2.80002133,      0.0420047374,       0.150656182
      -2.637530013,       2.798485909,     0.04164397067,      0.1506865644
      -2.638111101,       2.796885922,     0.04128382481,       0.150701392
      -2.638711471,       2.795231162,     0.04092528664,      0.1506746247
      -2.639319742,       2.793538746,     0.04056717626,      0.1506551921
       -2.63993482,       2.791819764,     0.04021174171,      0.1506182202
      -2.640583029,       2.790051425,     0.03985402379,       0.150627041
      -2.641271133,       2.788232156,     0.03950317863,      0.1505740922
      -2.641934221,       2.786442503,     0.03915575005,      0.1505346165
      -2.642583127,       2.784677126,     0.03880858066,      0.1505247543
      -2.643237349,       2.782922574,     0.03845980277,      0.1504920599
      -2.643897721,       2.781182104,      0.0381155822,      0.1504989687
      -2.644540051,       2.779490324,     0.03776658142,      0.1505198283
      -2.645174864,       2.777841749,     0.03741486465,       0.150575665
      -2.645781642,       2.776263088,      0.0370637189,      0.1506334248
      -2.646345427,       2.774776662,     0.03671467518,      0.1506342911
      -2.646876521,       2.773380227,     0.03636326774,      0.1506177634
      -2.647378628,       2.772069049,     0.03600802154,      0.1505814944
      -2.647854243,       2.770836918,     0.03564481636,        0.15052885
      -2.648308612,       2.769682314,     0.03527622828,      0.1503910828
      -2.648751197,       2.768593817,     0.03490392236,      0.1501996542
      -2.649136343,       2.767625547,     0.03453872402,      0.1500727278
      -2.649495122,       2.766739825,     0.03418220438,      0.1499626593
      -2.649822012,       2.765940507,     0.03382989458,      0.1498762026
      -2.650109976,       2.765226734,     0.03348358267,      0.1498463725
      -2.650344943,       2.764614688,     0.03313382958,      0.1498176642
      -2.650544058,       2.764080793,     0.03278300638,      0.1497470508
      -2.650718361,       2.763603146,     0.03243129611,       0.149668344
      -2.650858917,       2.763183563,     0.03208070991,      0.1496018931
      -2.650953786,       2.762839164,     0.03172879809,      0.1495379306
       -2.65102228,       2.762541642,     0.03137743354,      0.1495086383
      -2.651058776,       2.762290325,     0.03103005044,      0.1495030917
      -2.651067956,       2.762078537,     0.03068435561,      0.1494909395
      -2.651054189,       2.761903147,     0.03033973411,      0.1494702878
      -2.651019609,       2.761762672,     0.02999279661,      0.1494337588
      -2.650955623,       2.761665537,     0.02964127589,      0.1493642979
      -2.650860086,       2.761612861,     0.02928088585,       0.149260312
      -2.650797033,       2.761521464,     0.02891593725,      0.1491697684
      -2.650722045,       2.761447082,     0.02855655976,      0.1491401118
      -2.650639737,       2.761390155,     0.02819415387,      0.1491001351
      -2.650579568,       2.761320277,     0.02782625904,      0.1490496508
      -2.650525835,       2.761249947,     0.02745341759,       0.148983118
      -2.650438691,       2.761227038,       0.027079816,      0.1489114127
      -2.650374459,       2.761180316,     0.02670473786,      0.1488310007
      -2.650331591,       2.761112023,     0.02632925597,      0.1487416241
      -2.650313977,        2.76101821,     0.02595000095,      0.1486120378
      -2.650303578,       2.760929506,     0.02557041971,      0.1484677073
      -2.650292006,       2.760851333,     0.02518999471,      0.1483098003
      -2.650266796,       2.760795447,     0.02480603676,      0.1481393702
      -2.650284244,       2.760696128,     0.02441723684,      0.1479350686
      -2.650292759,       2.760616631,     0.02403826441,      0.1477897832
      -2.650296315,       2.760544071,     0.02365759976,      0.1476714671
      -2.650323436,       2.760450704,     0.02327551337,      0.1476128229
      -2.650336285,       2.760377918,     0.02288765313,      0.1475348299
      -2.650362212,       2.760291563,     0.02249842391,      0.1474503235
      -2.650432046,       2.760158318,     0.02210123881,      0.1473437778
      -2.650507439,        2.76002254,     0.02170346205,      0.1472453006
      -2.650572167,       2.759905173,     0.02130053014,      0.1471313964
      -2.650602051,       2.759830067,     0.02090059257,      0.1470239844
      -2.650607168,       2.759785768,     0.02049918635,      0.1468944896
      -2.650645096,       2.759694133,     0.02010224296,        0.14677645
       -2.65065649,       2.759629673,     0.01970125425,      0.1466624078
      -2.650614521,       2.759627847,     0.01930324247,      0.1466033012
      -2.650520806,       2.759689446,     0.01890409325,      0.1465204147
      -2.650377355,       2.759807806,     0.01850688575,       0.146479591
      -2.650205524,       2.759958568,     0.01810826392,      0.1464596343
      -2.650009384,       2.760134105,      0.0177041618,      0.1464259897
      -2.649790709,       2.760334735,     0.01729953093,      0.1464168742
      -2.649541018,       2.760570807,      0.0168884273,       0.146390051
      -2.649266492,       2.760835253,     0.01647738911,      0.1463452295
      -2.648954432,        2.76114441,     0.01607915381,      0.1463180467
      -2.648607424,       2.761497254,     0.01568382551,      0.1462640239
      -2.648244056,       2.761877437,      0.0152878636,      0.1462420394
      -2.647873949,       2.762276735,     0.01489219586,      0.1461877616
      -2.647530249,       2.762646346,     0.01449287365,      0.1460941931
      -2.647205128,       2.762996132,     0.01409098946,      0.1459941676
       -2.64689603,        2.76333177,     0.01368364782,      0.1458932712
      -2.646628885,       2.763613221,     0.01327549529,      0.1458196812
      -2.646334819,       2.763933854,     0.01286410873,      0.1457468274
      -2.646040754,       2.764259544,     0.01245830161,      0.1457440135
      -2.645728871,       2.764614766,     0.01204526686,      0.1457125167
      -2.645396209,        2.76499759,      0.0116346518,      0.1456856879
      -2.645083459,       2.765341151,     0.01122567717,      0.1456690041
      -2.644756922,       2.765688583,     0.01081772757,      0.1456453316
      -2.644374728,       2.766096467,     0.01040481545,      0.1455944768
      -2.643951741,       2.766543189,    0.009987392992,      0.1455151333
      -2.643486993,       2.767027135,    0.009561410599,       0.145393961
       -2.64297581,       2.767559409,    0.009134651491,      0.1452955112
      -2.642398684,       2.768163582,    0.008707400068,      0.1452297999
      -2.641821974,       2.768750008,    0.008280897264,      0.1451781014
       -2.64123208,       2.769346518,    0.007853282227,        0.14512504
      -2.640642614,       2.769934514,    0.007422496658,      0.1450544119
      -2.640016756,       2.770562169,    0.006985537105,      0.1449478996
      -2.639399075,       2.771184214,    0.006539537586,      0.1447890405
      -2.638756008,       2.771838409,    0.006091321048,      0.1446255184
      -2.638145932,       2.772444355,    0.005647485559,      0.1444952303
      -2.637557089,       2.773034851,    0.005202760094,      0.1443631345
      -2.636965935,       2.773638461,     0.00475821121,      0.1442344243
      -2.636409323,       2.774203258,    0.004315348231,      0.1441225232
      -2.635885341,       2.774741222,    0.003871763086,      0.1440169949
      -2.635359206,       2.775288211,     0.00342901763,       0.143918897
      -2.634864757,       2.775809383,    0.002975762309,        0.14374667
       -2.63438819,       2.776325141,    0.002519814719,      0.1435376085
      -2.633965512,       2.776784389,    0.002056703145,      0.1432687212
      -2.633600828,       2.777184646,    0.001599908738,      0.1430267659
      -2.633255984,       2.777567681,    0.001143483839,      0.1427813842
      -2.632897386,       2.777984865,   0.0006873151204,      0.1425349113
      -2.632539317,       2.778412793,    0.000227667622,       0.142252274
      -2.632203309,       2.778825944,  -0.0002343583928,      0.1419438636
      -2.631884475,        2.77922803,  -0.0007037550611,      0.1416731685
      -2.631570445,       2.779634354,   -0.001175595118,      0.1413835437
      -2.631257595,        2.78004374,   -0.001642844924,      0.1410821255
      -2.630978177,       2.780395094,   -0.002109230383,       0.140766044
       -2.63071086,       2.780725591,   -0.002575955356,      0.1404692148
      -2.630498526,        2.78099591,   -0.003045222305,      0.1401814342
       -2.63017975,       2.781402528,   -0.003521476461,       0.139843814
      -2.629783427,       2.781893153,   -0.003997325245,      0.1394961877
      -2.629323431,       2.782441833,    -0.00446967761,      0.1391876325
      -2.628943432,       2.782856289,   -0.004944881885,      0.1388657383
      -2.628605102,       2.783217805,   -0.005425398382,      0.1385049159
       -2.62817306,       2.783687534,   -0.005906257199,      0.1381426502
       -2.62763692,       2.784276008,   -0.006386086927,      0.1377867018
      -2.627013725,       2.784956808,   -0.006863028809,      0.1374446297
      -2.626524997,        2.78542774,   -0.007337503979,      0.1371131072
      -2.626009407,       2.785944191,   -0.007808224229,      0.1368107455
      -2.625439782,       2.786520788,   -0.008275756523,      0.1365412343
      -2.624831336,       2.787139579,   -0.008743269909,      0.1362761443
      -2.624169731,       2.787816915,    -0.00921039604,       0.136010432
      -2.623654839,       2.788271771,   -0.009676498428,      0.1357444876
      -2.623121108,       2.788775705,    -0.01014023513,        0.13548516
      -2.622542001,       2.789340101,    -0.01060271623,      0.1352254517
      -2.621950212,       2.789917422,    -0.01106334438,      0.1349664244
      -2.621383739,        2.79045409,      -0.011523715,      0.1346681152
      -2.620817249,       2.790988594,    -0.01198073248,      0.1343369584
      -2.620300141,       2.791461929,    -0.01243433232,      0.1340015718
      -2.619804461,        2.79191659,    -0.01288873936,      0.1337077928
      -2.619290454,       2.792388912,    -0.01333891469,      0.1333242043
      -2.618740071,       2.792914048,    -0.01379541012,      0.1329486842
      -2.618196526,       2.793432107,    -0.01424436467,      0.1325753596
      -2.617648071,         2.7939524,    -0.01469282672,      0.1322444071
      -2.617092678,       2.794489024,    -0.01514333191,      0.1319701764
      -2.616571095,       2.794989798,     -0.0155863455,      0.1317180626
      -2.616033514,       2.795510326,    -0.01602473901,      0.1314338998
      -2.615444491,       2.796096293,    -0.01645837468,      0.1312357953
      -2.614953864,       2.796530316,    -0.01688982313,      0.1310166426
      -2.614492815,       2.796949257,    -0.01732844807,      0.1308011405
      -2.614008738,        2.79741554,    -0.01776365029,      0.1305820019
      -2.613484617,       2.797939356,    -0.01819332916,      0.1303776556
      -2.612870228,       2.798588242,    -0.01861242834,      0.1301477535
      -2.612386954,       2.799025935,     -0.0190194755,      0.1299421663
       -2.61198147,       2.799370689,    -0.01942069513,      0.1297403219
      -2.611531992,       2.799794799,    -0.01981705438,      0.1295173944
      -2.611042441,       2.800278217,    -0.02021314501,      0.1292934278
      -2.610512123,       2.800813517,    -0.02061080304,      0.1290186699
      -2.609992749,       2.801334607,     -0.0209883076,      0.1287651839
      -2.609557958,       2.801715548,    -0.02137159982,      0.1284645566
      -2.609097146,       2.802168469,    -0.02174901741,      0.1281738391
      -2.608621102,       2.802640975,    -0.02212260939,      0.1278894373
      -2.608133925,       2.803134614,     -0.0224888176,      0.1276214373
      -2.607724653,       2.803507983,    -0.02284458414,      0.1273649651
      -2.607320873,       2.803879975,    -0.02319208465,      0.1271174607
      -2.606852895,       2.804359279,     -0.0235354349,      0.1268998026
      -2.606381018,       2.804851082,     -0.0238723619,      0.1266684982
      -2.605926106,       2.805311178,    -0.02419259249,      0.1264588881
      -2.605538292,       2.805669724,    -0.02450831434,       0.126152964
      -2.605135258,       2.806060758,    -0.02481494532,      0.1258456768
      -2.604683432,       2.806524986,     -0.0251181073,      0.1255533748
      -2.604166645,       2.807067117,    -0.02540683071,      0.1252727279
      -2.603673066,       2.807556284,    -0.02568223285,      0.1249925077
      -2.603178201,       2.808057567,    -0.02594355884,      0.1247360582
      -2.602612176,       2.808644948,    -0.02619832531,      0.1244777076
      -2.602013832,       2.809270153,    -0.02643431953,      0.1242195785
      -2.601418927,       2.809889694,    -0.02665550402,      0.1239505774
      -2.600780045,       2.810563939,    -0.02687061521,      0.1236339675
      -2.600151578,       2.811225552,    -0.02706808816,       0.123373016
        -2.5994388,       2.811996132,    -0.02725329346,       0.123126222
      -2.598679566,       2.812820697,    -0.02742627911,      0.1228342854
      -2.597897201,       2.813673822,    -0.02757962065,      0.1225192515
      -2.597051178,       2.814611152,    -0.02772056979,      0.1222071956
      -2.596179045,        2.81558699,     -0.0278486214,       0.121880673
      -2.595335675,       2.816524387,    -0.02796194278,      0.1214620024
      -2.594473134,       2.817486976,    -0.02805911136,      0.1210514147
      -2.593537023,       2.818546782,    -0.02813719682,      0.1206461522
      -2.592527036,       2.819699909,    -0.02819622942,      0.1202276692
       -2.59145844,       2.820933953,    -0.02823893061,      0.1198692301
      -2.590388756,         2.8221776,    -0.02827319662,      0.1194121195
      -2.589320121,       2.823426548,    -0.02828161601,      0.1188860377
      -2.588228175,       2.824697498,    -0.02827684781,      0.1183549639
      -2.587070728,       2.826061507,    -0.02825424391,      0.1178438108
      -2.585855885,       2.827497842,    -0.02821225986,       0.117340612
      -2.584630387,       2.828961005,    -0.02815216163,      0.1168318557
      -2.583457852,       2.830354441,    -0.02807147483,      0.1162855676
      -2.582309031,       2.831724784,     -0.0279697213,      0.1157754682
       -2.58107973,       2.833197625,    -0.02785113113,      0.1152871169
      -2.579819647,       2.834711208,    -0.02771677636,      0.1147711952
      -2.578534108,       2.836252958,    -0.02757374997,      0.1142037517
      -2.577310655,        2.83772145,    -0.02741238912,      0.1136304138
      -2.576115907,       2.839142734,    -0.02723792968,      0.1130626059
      -2.574889755,       2.840611128,     -0.0270512335,      0.1125057902
      -2.573622586,       2.842123604,    -0.02683890257,      0.1119424724
      -2.572341014,       2.843648969,    -0.02660915465,       0.111438571
      -2.571082183,       2.845142145,    -0.02637070315,      0.1109147497
      -2.569836376,       2.846609281,    -0.02612277309,      0.1104241393
      -2.568611867,       2.848046313,    -0.02585401023,      0.1099424589
      -2.567383175,       2.849482154,     -0.0255670846,      0.1094309537
      -2.566148282,       2.850916907,    -0.02527015439,      0.1089332343
      -2.564881831,       2.852384468,     -0.0249591336,      0.1084333987
      -2.563632311,       2.853823996,    -0.02463972224,      0.1079563185
      -2.562428191,       2.855206396,    -0.02430529148,      0.1074497851
      -2.561284471,       2.856497437,    -0.02396109459,      0.1069346204
      -2.560118094,       2.857815683,    -0.02360660227,      0.1064001282
      -2.558939476,       2.859132679,    -0.02324162332,      0.1058369835
      -2.557768168,       2.860432059,    -0.02286616327,      0.1052792667
      -2.556574241,       2.861755171,     -0.0224846432,      0.1047591043
      -2.555413373,       2.863033017,    -0.02209458942,      0.1042747875
      -2.554299576,       2.864245082,    -0.02169666999,      0.1038250446
      -2.553210156,       2.865419293,    -0.02129024851,      0.1034011755
      -2.552103524,        2.86660274,    -0.02087989412,      0.1030082131
      -2.551011969,       2.867763203,    -0.02046771228,      0.1026357422
      -2.549915578,       2.868926906,    -0.02005058847,      0.1022550306
      -2.548862691,       2.870038111,    -0.01962709096,      0.1018707965
      -2.547856606,       2.871086159,    -0.01920266168,      0.1015226288
       -2.54687359,       2.872104648,    -0.01877899232,      0.1012344243
      -2.545894358,       2.873102532,    -0.01835529839,      0.1009501935
      -2.544917586,       2.874100365,    -0.01792580606,      0.1006515439
      -2.543964781,       2.875071337,    -0.01749265151,      0.1004167076
      -2.543047599,       2.875999065,    -0.01705657415,      0.1002037048
      -2.542189083,       2.876855313,    -0.01662239633,      0.1000352132
      -2.541384913,       2.877647118,    -0.01618527432,     0.09991467868
      -2.540592112,       2.878420266,    -0.01574849166,     0.09980554564
      -2.539816438,       2.879179508,    -0.01531288248,     0.09972004644
       -2.53906511,       2.879912162,    -0.01488134947,      0.0996676289
      -2.538333804,        2.88062436,    -0.01445279662,     0.09965191074
      -2.537644856,       2.881283428,    -0.01402225236,     0.09961797067
      -2.536978863,       2.881914768,    -0.01359990324,     0.09961512883
      -2.536332501,       2.882526235,    -0.01318450031,     0.09963310623
      -2.535716782,       2.883108477,    -0.01277527054,     0.09967889071
      -2.535124944,       2.883669704,    -0.01237164358,     0.09975818978
      -2.534587282,       2.884170864,    -0.01197143677,     0.09986480774
      -2.534074662,       2.884643578,    -0.01157468121,     0.09998230711
      -2.533587801,       2.885081863,    -0.01118439316,      0.1001510715
      -2.533092079,       2.885541458,    -0.01079687993,      0.1003229122
      -2.532616593,       2.885984442,     -0.0104140948,      0.1005057854
      -2.532162929,       2.886404141,    -0.01003660405,      0.1007033413
      -2.531752203,       2.886781709,   -0.009663466431,      0.1009026908
      -2.531377481,       2.887118862,   -0.009296182987,       0.101121869
      -2.531035224,        2.88741556,   -0.008933010427,      0.1013611702
      -2.530696171,       2.887715721,   -0.008570087824,      0.1016198234
      -2.530376945,       2.888001413,   -0.008208923738,      0.1018791382
      -2.530074879,       2.888267212,   -0.007852350094,      0.1021466815
      -2.529798073,        2.88851154,   -0.007500525885,      0.1024192874
      -2.529571753,       2.888699988,   -0.007150983234,      0.1026909811
      -2.529362107,       2.888875772,    -0.00680696282,      0.1029860074
      -2.529179766,       2.889025238,   -0.006468197561,      0.1032882785
      -2.529014982,       2.889164861,   -0.006133977823,      0.1035942273
      -2.528883376,       2.889271054,   -0.005802340591,      0.1039176668
      -2.528796807,       2.889335071,   -0.005473823382,       0.104265324
      -2.528771492,       2.889331671,    -0.00514884385,      0.1046509118
      -2.528774663,       2.889306694,   -0.004827676148,      0.1050619801
      -2.528811684,       2.889256018,   -0.004508869478,      0.1055061849
      -2.528862088,        2.88920431,   -0.004193934701,      0.1059855346
      -2.528948637,       2.889120589,   -0.003878386836,      0.1064678274
      -2.529106837,        2.88896234,   -0.003565481259,       0.106984271
      -2.529348222,       2.888713302,   -0.003252529867,      0.1075029987
      -2.529637207,       2.888421699,   -0.002941358218,      0.1080315676
      -2.529969868,       2.888095198,   -0.002630709665,      0.1085676736
      -2.530325955,       2.887755019,    -0.00232125766,      0.1091308772
      -2.530740453,       2.887358817,    -0.00201103058,      0.1096974271
      -2.531220356,       2.886901013,   -0.001701203646,      0.1102905251
      -2.531817949,       2.886315634,   -0.001391826514,      0.1108888227
       -2.53247537,       2.885668073,    -0.00108195769,      0.1115138978
      -2.533191852,       2.884965701,  -0.0007718671977,       0.112141622
      -2.533981474,       2.884190291,  -0.0004636135037,       0.112809576
      -2.534823201,       2.883368464,  -0.0001542128259,      0.1134744713
      -2.535760598,       2.882448358,   0.0001572462323,      0.1141330046
      -2.536800486,       2.881419612,   0.0004702596223,      0.1147876149
      -2.537936685,       2.880279962,   0.0007823141209,      0.1154352728
      -2.539127268,       2.879092911,    0.001095572925,      0.1160974768
      -2.540383971,       2.877837948,    0.001409455143,      0.1167676871
      -2.541692662,       2.876536386,     0.00172486571,      0.1174751131
      -2.543078874,       2.875150468,    0.002041543985,      0.1181892939
      -2.544602008,       2.873614132,    0.002362892827,      0.1188979848
      -2.546240363,       2.871945261,    0.002689737839,      0.1196281131
      -2.547965311,        2.87018563,    0.003020878116,      0.1203785342
      -2.549748764,       2.868349836,    0.003356970288,       0.121142709
      -2.551590846,       2.866460924,    0.003697490839,      0.1219197027
      -2.553473352,       2.864529384,    0.004041276788,      0.1227202163
      -2.555470315,       2.862465509,    0.004388544744,      0.1235375323
      -2.557507114,       2.860351598,    0.004740228266,      0.1243775399
      -2.559631835,       2.858132091,    0.005095710846,      0.1252277967
      -2.561789022,        2.85586853,    0.005453029389,      0.1260936402
      -2.563954107,       2.853592773,    0.005813747231,       0.126982684
      -2.566100701,       2.851329128,    0.006178729126,      0.1278870967
       -2.56837995,       2.848918345,    0.006548062041,       0.128806695
      -2.570693675,        2.84643578,    0.006919664855,      0.1297372792
      -2.572997142,        2.84395029,    0.007295136917,      0.1307169523
      -2.575230579,       2.841541089,    0.007673178934,      0.1317126719
      -2.577445613,       2.839143714,    0.008058100438,      0.1327285781
       -2.57964297,       2.836754993,    0.008445559189,      0.1337142163
      -2.581877185,       2.834312007,    0.008840323868,      0.1347191333
      -2.584141197,       2.831821038,      0.0092442535,      0.1357288992
      -2.586295343,        2.82945024,    0.009655738944,      0.1367258973
      -2.588569915,       2.826940696,     0.01007390242,      0.1376968273
      -2.590724392,       2.824544623,     0.01049859281,      0.1386627474
      -2.592841284,        2.82220322,     0.01093055824,      0.1396479257
      -2.595034484,       2.819779299,     0.01137045145,      0.1406378389
      -2.597145154,       2.817452195,     0.01181865039,      0.1416374612
      -2.599267743,       2.815121101,     0.01227332775,      0.1426459625
      -2.601427957,       2.812754482,     0.01273379546,        0.14367683
      -2.603604178,       2.810385544,     0.01320169153,      0.1447083669
      -2.605707956,       2.808121941,     0.01367681407,      0.1457407579
      -2.607941856,       2.805728197,     0.01415931437,      0.1467734919
      -2.610110824,        2.80342091,     0.01464730082,      0.1478306129
      -2.612525958,       2.800865499,     0.01514066964,      0.1488982526
      -2.614924804,       2.798349864,     0.01563944062,      0.1499716764
       -2.61738508,         2.7957911,     0.01614143931,      0.1510497575
      -2.619819328,       2.793303838,     0.01664905593,       0.152121021
      -2.622440201,       2.790635583,     0.01716279707,      0.1531789662
       -2.62510427,       2.787940853,      0.0176813658,      0.1542266444
      -2.627816011,       2.785216345,     0.01820400985,      0.1552863389
       -2.63065956,       2.782380108,     0.01873013852,      0.1563535428
      -2.633497161,       2.779585507,     0.01925956481,      0.1574177507
      -2.636372099,       2.776775511,     0.01979191793,      0.1584762951
       -2.63937892,       2.773853543,     0.02032554876,      0.1595290415
      -2.642493705,       2.770839016,     0.02086077363,      0.1605834831
      -2.645734644,       2.767711398,      0.0213986961,      0.1616502993
      -2.649060369,       2.764508419,     0.02193739763,      0.1627363031
      -2.652486474,        2.76122351,     0.02247650805,      0.1638218897
      -2.656047785,       2.757806258,     0.02301536541,      0.1648938303
        -2.6597549,       2.754235698,     0.02355465581,      0.1659733757
      -2.663547997,       2.750600716,     0.02409285675,      0.1670691971
      -2.667372983,       2.746955634,     0.02462965938,      0.1681794664
      -2.671361195,       2.743150731,     0.02516360562,       0.169274597
      -2.675357177,       2.739373456,     0.02569347138,      0.1703360432
       -2.67959466,       2.735333745,     0.02621785257,      0.1714077897
       -2.68377163,       2.731382317,      0.0267395266,      0.1724563577
      -2.688251215,       2.727115819,     0.02725643414,      0.1734819178
      -2.692683929,       2.722933447,     0.02776794297,      0.1745177445
      -2.697421054,       2.718422105,      0.0282739159,      0.1755596469
      -2.702083419,       2.714019343,     0.02877448209,      0.1765887408
      -2.707098956,       2.709238345,     0.02926740652,       0.177621501
      -2.712023997,       2.704587258,     0.02975132686,      0.1786680824
      -2.717274835,        2.69960115,     0.03022549586,       0.179707217
      -2.722445546,        2.69472466,     0.03068876788,      0.1807331105
       -2.72791648,       2.689545184,     0.03114103624,      0.1817457299
        -2.7332961,       2.684486145,     0.03158049288,      0.1827648971
       -2.73895012,       2.679158943,     0.03200430655,      0.1838120833
      -2.744530186,       2.673927861,     0.03241297754,      0.1848757475
      -2.750348931,       2.668470757,     0.03280785891,      0.1859196644
      -2.756114732,       2.663085245,        0.03318809,       0.186943495
      -2.762063695,       2.657534084,     0.03355186278,      0.1879698284
      -2.768013373,       2.651998543,     0.03389800778,      0.1890037401
      -2.774075286,       2.646369033,     0.03422627177,      0.1900457867
      -2.780173052,       2.640719349,     0.03453761968,      0.1910966158
      -2.786334703,       2.635024824,     0.03483666648,      0.1920845769
       -2.79253802,       2.629306198,     0.03511775724,      0.1930635427
       -2.79878386,       2.623565768,     0.03537866145,       0.194032224
      -2.805052047,       2.617825068,     0.03561973274,      0.1950209909
      -2.811333939,       2.612091934,     0.03584290122,      0.1960327929
      -2.817621428,       2.606374445,     0.03604513688,      0.1970557671
      -2.823911196,       2.600675567,     0.03622628193,      0.1980652399
      -2.830195897,       2.595002718,      0.0363855136,      0.1990572469
      -2.836468445,       2.589363752,     0.03652586452,      0.2000732691
      -2.842723153,       2.583764341,     0.03664494116,      0.2011192851
      -2.848956575,       2.578208404,     0.03674395211,      0.2021547724
      -2.855164361,       2.572700139,     0.03682199298,      0.2031765643
      -2.861340133,       2.567246261,     0.03687926539,      0.2041851258
      -2.867481554,       2.561848522,     0.03691621371,      0.2051905181
      -2.873586403,       2.556509438,     0.03693264032,      0.2062115323
       -2.87965057,       2.551233057,     0.03692765391,      0.2072644939
      -2.885670893,       2.546021153,     0.03690346727,      0.2083151089
      -2.891645466,       2.540876745,     0.03686016788,      0.2093518001
      -2.897571953,       2.535803042,     0.03679647514,      0.2103872145
      -2.903451985,       2.530796748,     0.03671333328,      0.2114190544
      -2.909284706,       2.525857536,      0.0366117961,      0.2124388775
      -2.915068262,       2.520989759,     0.03649254187,      0.2134397189
      -2.920800456,       2.516195911,     0.03635755222,       0.214398075
      -2.926479538,       2.511475897,      0.0362028862,      0.2153740188
       -2.93210753,       2.506826452,     0.03602872835,      0.2163636869
      -2.937679418,       2.502252463,      0.0358397575,      0.2173528744
      -2.943189582,       2.497760168,     0.03563695824,      0.2183410419
      -2.948640012,       2.493345499,     0.03541914608,      0.2193429767
       -2.95402698,       2.489011423,     0.03518956458,      0.2203199686
       -2.95934749,       2.484760357,     0.03494484351,      0.2213021395
      -2.964598675,       2.480595396,     0.03468666125,      0.2222836099
      -2.969776236,       2.476520565,     0.03441426217,      0.2232720116
      -2.974869845,       2.472547457,     0.03412860228,      0.2242785442
      -2.979875073,       2.468678888,     0.03383302452,      0.2252727008
      -2.984787454,       2.464917724,     0.03352590738,      0.2262924689
      -2.989597434,       2.461274823,     0.03320554712,       0.227360997
      -2.994305112,       2.457747607,     0.03287522662,      0.2283669215
      -2.998898346,        2.45434798,     0.03253458181,      0.2293425169
      -3.003375514,       2.451075741,     0.03218875675,      0.2303249962
      -3.007728407,       2.447937279,     0.03183821742,      0.2313240046
      -3.011949292,       2.444939265,     0.03148245014,      0.2323145806
      -3.016034644,       2.442083159,     0.03112016941,      0.2332495663
      -3.019978087,       2.439370605,     0.03075263969,      0.2341631245
      -3.023777055,       2.436803343,     0.03038244904,      0.2350594464
       -3.02742716,       2.434385237,     0.03001023747,      0.2359451011
      -3.030927386,       2.432114267,     0.02963865094,      0.2367887514
      -3.034271506,       2.429994268,     0.02926419799,      0.2376329474
      -3.037463363,       2.428016612,     0.02889297848,      0.2384492886
      -3.040507727,       2.426180518,     0.02852511521,      0.2392391684
       -3.04340481,       2.424474422,     0.02815867556,       0.240020452
      -3.046157618,       2.422897204,     0.02779507508,      0.2407697402
       -3.04877208,       2.421437814,     0.02743514056,      0.2415130551
      -3.051249261,       2.420095537,      0.0270804315,      0.2422468984
       -3.05360144,       2.418854211,     0.02673078155,      0.2429823569
      -3.055831464,       2.417706427,     0.02638872179,      0.2437041762
      -3.057949048,       2.416641148,     0.02605247309,      0.2444243288
      -3.059960251,       2.415650809,     0.02572614594,      0.2451321364
       -3.06187179,       2.414726469,     0.02540946219,      0.2458648405
      -3.063701005,       2.413851561,     0.02510236284,      0.2465753278
      -3.065453162,       2.413020027,     0.02480112923,      0.2472810285
      -3.067138058,       2.412220213,     0.02450918185,      0.2479629587
      -3.068763311,       2.411443651,     0.02423026454,      0.2486413757
      -3.070334517,       2.410683648,     0.02396334365,      0.2493272396
      -3.071862367,       2.409928047,     0.02370719436,      0.2499989141
      -3.073356376,       2.409167425,     0.02346238595,      0.2506501979
      -3.074826373,       2.408391158,     0.02323008524,      0.2512670446
      -3.076278263,       2.407593779,     0.02300859736,      0.2518684902
      -3.077716655,       2.406769576,     0.02279815037,       0.252457601
      -3.079142619,       2.405915385,     0.02260389751,      0.2529902195
      -3.080565909,       2.405020789,     0.02242298267,      0.2535047253
      -3.081987163,       2.404084723,     0.02225457301,      0.2539911657
      -3.083417792,       2.403099082,     0.02210020846,      0.2544651569
      -3.084857176,       2.402064073,     0.02196083126,      0.2549301312
      -3.086301515,       2.400983021,     0.02183701084,      0.2553623817
       -3.08775259,       2.399854115,     0.02172816558,      0.2557785996
      -3.089203097,       2.398682586,     0.02163632427,      0.2561907679
      -3.090660614,       2.397461431,      0.0215622152,      0.2566077505
       -3.09212071,       2.396193545,     0.02150516715,      0.2570344845
      -3.093584344,       2.394878209,      0.0214656844,      0.2574602393
      -3.095049806,         2.3935163,     0.02144424319,      0.2578704483
      -3.096501351,       2.392117255,      0.0214399893,      0.2582684252
      -3.097956669,       2.390672675,     0.02145237327,      0.2586555466
      -3.099408202,       2.389190405,     0.02148101075,       0.259025387
      -3.100844033,       2.387672356,     0.02152533772,      0.2593723115
      -3.102264546,       2.386121558,     0.02158348782,       0.259713689
      -3.103660181,       2.384548941,     0.02165470857,      0.2600603158
      -3.105026482,       2.382959418,     0.02174302824,      0.2603653492
      -3.106362844,       2.381354232,      0.0218479832,      0.2606328182
       -3.10767852,       2.379722983,     0.02196641858,      0.2608934814
      -3.108948808,       2.378091338,     0.02210028751,      0.2611227679
      -3.110182227,        2.37644976,     0.02224914634,      0.2613283239
      -3.111371428,       2.374806978,     0.02241441784,      0.2615056346
      -3.112504121,       2.373174105,     0.02259419546,      0.2616687875
      -3.113557546,       2.371570932,     0.02278763777,      0.2618206506
      -3.114627603,       2.369919676,     0.02299334048,      0.2619603157
      -3.115610395,       2.368304677,     0.02321139589,      0.2620758201
      -3.116536233,       2.366704091,     0.02344244288,      0.2621726392
      -3.117397701,       2.365127103,     0.02368573172,      0.2622567342
      -3.118207495,       2.363560065,     0.02394145486,      0.2623267699
      -3.118948893,       2.362023149,     0.02420938495,      0.2623862212
      -3.119633127,       2.360507994,     0.02448923036,      0.2624345108
      -3.120262154,       2.359013883,     0.02478007742,      0.2624784351
      -3.120832066,       2.357545894,      0.0250827037,      0.2625053999
      -3.121343271,       2.356104965,     0.02539513904,      0.2625261534
       -3.12179741,       2.354691568,     0.02571739551,      0.2625230243
      -3.122148524,       2.353347734,     0.02604725039,      0.2625112484
      -3.122533126,       2.351954218,     0.02638602293,       0.262478876
      -3.122822202,       2.350626863,     0.02673221375,      0.2624409939
      -3.123058116,       2.349330403,     0.02708609277,      0.2623869193
      -3.123243043,       2.348064382,     0.02744722307,      0.2623057378
       -3.12338415,       2.346824198,      0.0278146561,      0.2622093829
      -3.123483206,       2.345610149,     0.02818828607,      0.2621033395
      -3.123541819,       2.344421106,     0.02856725972,      0.2619932017
      -3.123531004,       2.343287831,     0.02895272275,      0.2618606129
      -3.123537179,       2.342131328,     0.02934332831,      0.2617152189
      -3.123485388,       2.341021848,     0.02973913523,      0.2615516006
      -3.123403675,       2.339937549,     0.03013995678,      0.2613670689
      -3.123287457,       2.338881031,     0.03054596212,      0.2611555205
        -3.1231498,       2.337844774,     0.03095507384,      0.2609376985
      -3.123001003,       2.336818293,     0.03136702357,      0.2607096203
      -3.122829634,       2.335813917,     0.03178146291,      0.2604688875
      -3.122642225,       2.334826249,     0.03219757924,      0.2602186458
      -3.122435815,       2.333860726,     0.03261503505,      0.2599584423
      -3.122209017,       2.332922367,     0.03303388447,      0.2596815301
       -3.12197765,       2.331996485,     0.03345352167,      0.2593958652
      -3.121732849,       2.331093785,     0.03387363544,      0.2591064832
      -3.121475582,        2.33021503,     0.03429434539,      0.2588083085
       -3.12120825,       2.329359461,     0.03471510367,      0.2584992889
      -3.120929668,       2.328530355,     0.03513664227,       0.258172237
      -3.120645608,       2.327723477,     0.03555674855,      0.2578478843
        -3.1203527,       2.326942779,      0.0359764834,      0.2575106085
      -3.120060236,        2.32618072,     0.03639596451,      0.2571550825
      -3.119764756,       2.325441915,      0.0368144924,      0.2567887509
      -3.119468116,       2.324724655,     0.03723169115,      0.2564088171
      -3.119168794,        2.32403277,     0.03764577591,      0.2560427842
      -3.118867881,       2.323365151,     0.03805729238,      0.2556736125
      -3.118570571,       2.322718315,     0.03846665462,      0.2552905706
      -3.118275008,       2.322092824,     0.03887393962,      0.2548890789
      -3.117981737,       2.321490558,     0.03927886122,      0.2544702415
       -3.11769573,       2.320905451,     0.03968014202,       0.254051683
      -3.117414143,       2.320343517,     0.04007723006,      0.2536396635
      -3.117139169,       2.319801956,     0.04047163258,      0.2532129433
      -3.116866902,        2.31928744,     0.04086246552,      0.2527825528
      -3.116597029,       2.318800844,     0.04125068472,      0.2523300578
      -3.116331106,       2.318340569,       0.041636038,      0.2518542679
      -3.116069474,       2.317905952,     0.04201907559,       0.251357024
      -3.115820273,       2.317488857,     0.04239883002,      0.2508451481
      -3.115576111,        2.31709604,     0.04277641113,      0.2503088548
      -3.115338485,       2.316726892,     0.04315056244,       0.249764145
      -3.115111802,       2.316377437,     0.04352127961,      0.2492103117
      -3.114889548,        2.31605547,     0.04388829514,       0.248652286
      -3.114666718,       2.315766007,     0.04425208434,      0.2480840717
      -3.114445486,       2.315505628,       0.044612631,      0.2475148168
      -3.114228252,       2.315269909,     0.04497019301,       0.246933561
      -3.114010457,       2.315065225,     0.04532124698,      0.2463966411
      -3.113796486,       2.314883479,     0.04567119725,      0.2458296348
       -3.11357863,       2.314734721,     0.04601829254,      0.2452603453
      -3.113357695,       2.314617652,     0.04636323289,      0.2446726869
      -3.113137587,       2.314528999,     0.04670607201,      0.2440738936
      -3.112924714,       2.314460756,     0.04704564759,       0.243472695
      -3.112710725,       2.314422255,     0.04738069837,       0.242888486
      -3.112499125,       2.314408349,     0.04771300403,      0.2422905669
      -3.112286807,       2.314420568,     0.04804020773,      0.2417230941
      -3.112071956,       2.314462216,     0.04836480041,      0.2411511931
      -3.111863444,       2.314520043,     0.04868714313,      0.2405746838
       -3.11165427,       2.314602246,     0.04900544738,      0.2400227183
      -3.111445456,       2.314706542,     0.04932085562,      0.2394823621
      -3.111235332,       2.314830899,     0.04963322376,      0.2389559549
      -3.111029888,       2.314970065,     0.04994240181,      0.2384419754
      -3.110835671,          2.315117,     0.05024861814,      0.2379333213
      -3.110652722,       2.315268756,     0.05055181873,       0.237428662
       -3.11048227,       2.315422265,     0.05085212722,      0.2369229605
      -3.110325298,       2.315576655,     0.05115018427,      0.2364098567
      -3.110181073,       2.315731345,      0.0514459375,      0.2358936439
       -3.11004939,       2.315885242,     0.05173928016,      0.2353758461
      -3.109935123,        2.31603056,      0.0520309557,      0.2348485337
       -3.10984373,       2.316158967,     0.05231998543,      0.2343244704
        -3.1097813,       2.316264792,     0.05260660134,      0.2337957688
      -3.109745077,       2.316348693,     0.05288929706,       0.233282498
      -3.109743247,       2.316400105,      0.0531705293,      0.2327609848
      -3.109778137,       2.316415508,     0.05345000979,      0.2322360032
      -3.109851837,       2.316392379,     0.05372656636,      0.2317189121
      -3.109968615,       2.316322616,     0.05400003433,      0.2312107303
      -3.110131393,       2.316201108,     0.05427063955,      0.2307096556
       -3.11034451,       2.316022235,     0.05453840401,      0.2302141414
      -3.110610428,         2.3157832,     0.05480329089,      0.2297224019
      -3.110935454,       2.315476668,     0.05506512982,      0.2292354067
      -3.111320453,       2.315100377,     0.05532351649,      0.2287552972
      -3.111766625,       2.314650715,     0.05557835758,      0.2282863906
      -3.112278929,       2.314121216,     0.05582948318,      0.2278296753
      -3.112861896,       2.313506519,     0.05607652871,      0.2273877429
      -3.113516002,       2.312804873,     0.05631947718,      0.2269607255
      -3.114240722,       2.312015446,     0.05655833696,      0.2265468899
      -3.115041742,       2.311131426,     0.05679285959,      0.2261450567
        -3.1159205,       2.310150511,     0.05702253886,      0.2257586303
      -3.116879425,       2.309067792,     0.05724735755,      0.2253857006
      -3.117919826,       2.307883672,     0.05746788629,      0.2250146936
      -3.119041252,       2.306597158,     0.05768354987,      0.2246516791
      -3.120244681,       2.305206891,     0.05789368408,      0.2243085878
      -3.121530483,       2.303712579,     0.05809913804,      0.2239768684
      -3.122898622,       2.302112651,     0.05829982164,      0.2236572463
      -3.124348806,       2.300405846,     0.05849580738,      0.2233435972
      -3.125876667,       2.298597866,     0.05868742364,      0.2230272916
      -3.127481344,       2.296688388,     0.05887385486,      0.2227149851
      -3.129157984,       2.294683803,     0.05905510754,      0.2223990056
      -3.130906291,       2.292583309,     0.05923028971,      0.2220935039
      -3.132723248,        2.29039027,      0.0593996296,       0.221789353
       -3.13460394,       2.288110737,     0.05956230905,      0.2214958381
      -3.136543328,       2.285750639,     0.05971875055,      0.2212053094
      -3.138533811,       2.283319762,     0.05986855089,      0.2209264442
      -3.140571872,       2.280821866,     0.06001088221,      0.2206645639
       -3.14265048,       2.278265789,     0.06014632555,      0.2204019656
      -3.144763557,       2.275657695,     0.06027292211,      0.2201643239
       -3.14690721,       2.273001695,     0.06039265674,      0.2199271349
      -3.149072228,       2.270310503,     0.06050549732,      0.2196942979
      -3.151247801,       2.267598152,     0.06060939693,      0.2194867771
      -3.153428977,       2.264871877,     0.06070346013,      0.2193020135
      -3.155606623,       2.262142529,     0.06078928191,      0.2191141169
      -3.157767857,       2.259427128,     0.06086597891,      0.2189319207
      -3.159906342,       2.256734209,     0.06093279031,      0.2187581318
      -3.162010565,       2.254077196,     0.06098890244,      0.2185904952
      -3.164065918,       2.251472694,     0.06103392583,       0.218424141
      -3.166087207,        2.24891283,     0.06106762237,      0.2182651349
      -3.168048157,       2.246429056,     0.06109007173,      0.2181105304
      -3.169938438,       2.244034019,     0.06110142839,      0.2179601029
      -3.171748642,        2.24174387,     0.06110141579,      0.2178145598
      -3.173457352,       2.239583972,     0.06108991761,      0.2176785896
      -3.175077291,       2.237537682,     0.06106726563,      0.2175471923
       -3.17659318,       2.235627255,     0.06103341249,      0.2174218022
      -3.177992951,       2.233869194,     0.06098832167,      0.2173015652
      -3.179272831,       2.232269568,     0.06093179027,      0.2171878245
       -3.18043056,       2.230831685,      0.0608636893,      0.2170773908
       -3.18145877,       2.229566956,     0.06078389674,      0.2169695925
      -3.182354651,       2.228479289,     0.06069219431,      0.2168646913
      -3.183111973,       2.227576818,     0.06058824503,      0.2167660545
      -3.183721759,       2.226871821,     0.06047178317,      0.2166780863
      -3.184181987,        2.22636729,     0.06034295034,      0.2165948927
      -3.184495569,       2.226058303,     0.06020165473,      0.2165130814
      -3.184667132,       2.225936896,     0.06004767535,      0.2164297094
      -3.184693361,       2.226006437,     0.05988078956,      0.2163470658
      -3.184571176,       2.226269557,     0.05970035469,      0.2162738333
      -3.184298976,       2.226727304,     0.05950624298,      0.2162092786
      -3.183659796,       2.227592508,     0.05929845555,      0.2161572393
      -3.183112344,       2.228396102,     0.05907669734,      0.2161213305
      -3.182601011,       2.229200221,     0.05884154392,      0.2160883593
      -3.181942502,       2.230183777,     0.05859304128,      0.2160597209
      -3.181149734,        2.23132844,      0.0583306673,      0.2160397175
      -3.180264884,       2.232591759,     0.05805490179,      0.2160199229
      -3.179285054,       2.233972229,     0.05776611053,       0.215996412
      -3.178219357,       2.235460829,     0.05746422821,      0.2159705567
      -3.177070297,       2.237045919,      0.0571498498,      0.2159328827
       -3.17585854,        2.23869899,     0.05682235393,      0.2158958911
      -3.174590129,       2.240413433,     0.05648201485,      0.2158522138
      -3.173278307,       2.242173326,     0.05612904783,      0.2157984985
      -3.171933673,       2.243962818,     0.05576282796,      0.2157493333
      -3.170562504,        2.24577359,     0.05538361127,      0.2157011738
      -3.169175338,       2.247591486,     0.05499132467,      0.2156583167
      -3.167774203,       2.249412477,     0.05458674391,      0.2156074913
      -3.166368372,       2.251224395,     0.05416950334,       0.215560196
      -3.164965297,         2.2530165,     0.05374032476,      0.2155028592
      -3.163589404,       2.254761903,     0.05329887722,      0.2154593471
      -3.162231891,       2.256466688,     0.05284693062,      0.2154035931
      -3.160903885,       2.258118027,     0.05238340838,      0.2153512339
      -3.159604871,       2.259714239,     0.05190896595,      0.2152907885
      -3.158339343,       2.261251653,     0.05142063307,      0.2152785402
      -3.157117577,       2.262721928,     0.05092101647,      0.2152772228
      -3.155966346,       2.264091434,     0.05041030054,      0.2152975545
      -3.154855198,       2.265391363,     0.04989155248,      0.2152979896
      -3.153812388,       2.266591722,      0.0493628999,      0.2153144012
      -3.152829443,         2.2677033,      0.0488262718,      0.2153194039
      -3.151905395,       2.268730447,     0.04828040119,      0.2153358503
      -3.151047598,       2.269656484,     0.04772640308,      0.2153544545
      -3.150270479,       2.270466085,     0.04716356807,      0.2153884268
      -3.149567101,        2.27116935,     0.04659353599,       0.215408006
      -3.148934864,       2.271770674,     0.04601669147,      0.2154172308
      -3.148374467,       2.272270564,     0.04543265735,      0.2154195563
      -3.147887753,       2.272666114,     0.04483970748,      0.2154464847
      -3.147476123,        2.27295586,     0.04423934065,      0.2154744167
      -3.147136862,        2.27314283,     0.04363091274,      0.2155190719
      -3.146866737,       2.273231242,     0.04301646579,      0.2155558843
      -3.146669449,       2.273216673,     0.04239450106,      0.2156159653
      -3.146544076,       2.273102618,     0.04176838053,      0.2156527322
      -3.146488634,       2.272890866,     0.04113668196,      0.2156965248
      -3.146497492,       2.272588515,     0.04050103598,      0.2157286457
      -3.146574819,       2.272190994,     0.03986189478,      0.2157586809
      -3.146715622,       2.271706669,     0.03922035962,      0.2157745702
      -3.146913122,       2.271145624,     0.03857778827,      0.2157618819
      -3.147056897,       2.270590949,     0.03793262281,      0.2157466093
      -3.147093363,       2.270113854,     0.03728479593,      0.2157348922
      -3.147479819,       2.269300281,     0.03663511464,       0.215719269
      -3.147965065,       2.268392162,     0.03598380671,      0.2157076591
      -3.148463092,       2.267457748,      0.0353315167,      0.2157035787
      -3.148988541,        2.26647831,     0.03467710483,      0.2157261682
      -3.149539842,        2.26545871,     0.03402155411,      0.2157663777
      -3.150119667,       2.264398406,     0.03336697168,        0.21579712
      -3.150726746,       2.263300616,     0.03271240244,      0.2158368462
       -3.15135321,       2.262178504,     0.03205819628,       0.215883983
      -3.151998546,       2.261033984,     0.03140791819,      0.2159041854
      -3.152660727,       2.259870408,     0.03075990606,      0.2159223116
       -3.15333124,       2.258700243,     0.03011484705,      0.2159302009
      -3.154012999,       2.257521748,     0.02947252212,      0.2159341325
      -3.154700624,       2.256342802,     0.02883318418,      0.2159358863
      -3.155392411,       2.255167664,     0.02819805757,      0.2159263575
      -3.156085231,       2.254002908,     0.02756680355,      0.2159154527
      -3.156774002,        2.25285575,     0.02693925468,      0.2159132792
      -3.157456728,       2.251728207,     0.02631505486,      0.2159277289
      -3.158129844,        2.25062644,     0.02569532746,      0.2159475749
      -3.158787703,       2.249557592,     0.02508031433,      0.2159774506
       -3.15943834,       2.248516793,     0.02447098278,       0.216009149
      -3.160071775,       2.247515322,     0.02386602938,      0.2160640882
      -3.160687145,       2.246557396,     0.02326621681,      0.2161390871
      -3.161280379,       2.245643117,     0.02267437942,      0.2161923011
      -3.161851347,       2.244777768,     0.02208904636,      0.2162445994
      -3.162402129,       2.243958536,     0.02150871815,      0.2163183221
      -3.162929837,       2.243189962,     0.02093742844,      0.2163560076
      -3.163433656,       2.242472197,     0.02037416645,      0.2163832578
      -3.163906004,       2.241813782,     0.01981448285,      0.2164646268
      -3.164353113,       2.241208436,     0.01926373844,      0.2165398624
       -3.16477995,        2.24065238,     0.01872557877,      0.2165729448
      -3.165179113,       2.240152289,     0.01819711452,      0.2166011492
      -3.165554418,       2.239703728,     0.01767840541,      0.2166251948
      -3.165907057,       2.239304238,     0.01716824886,      0.2166636083
      -3.166220466,       2.238972506,     0.01666795634,      0.2166982383
       -3.16651921,       2.238678752,     0.01617855224,      0.2167154748
       -3.16679498,       2.238433808,     0.01569930868,      0.2167303424
      -3.167049584,       2.238235086,     0.01523057665,      0.2167457134
       -3.16728091,       2.238081246,     0.01477217547,      0.2167679878
      -3.167485853,        2.23797647,     0.01432411129,       0.216797855
      -3.167682657,       2.237899434,     0.01388586978,      0.2168402779
       -3.16786034,       2.237861035,      0.0134581725,      0.2168847845
      -3.168026205,       2.237851206,     0.01304104783,      0.2169296265
      -3.168175319,       2.237874917,     0.01263407039,      0.2169809722
      -3.168311818,       2.237925192,     0.01223717599,      0.2170391748
      -3.168442902,       2.237993619,     0.01185112891,      0.2170973325
      -3.168563824,       2.238083695,     0.01147619423,      0.2171517637
      -3.168678667,        2.23818912,     0.01111189127,      0.2172114578
      -3.168789364,       2.238306725,     0.01075887909,      0.2172683276
      -3.168896244,       2.238435897,      0.0104172262,      0.2173218748
      -3.168998414,       2.238573506,     0.01008692389,      0.2173726788
      -3.169099443,       2.238715479,    0.009767524754,      0.2174240808
      -3.169201207,       2.238858854,    0.009459370337,      0.2174713767
      -3.169305267,       2.239001346,    0.009162709056,      0.2175110663
      -3.169411695,       2.239141828,     0.00887747022,      0.2175415405
      -3.169521953,       2.239278158,    0.008604320639,      0.2175555561
      -3.169634695,       2.239410797,    0.008343719292,      0.2175507963
      -3.169751403,       2.239537927,    0.008094833515,      0.2175383229
      -3.169872417,       2.239658482,    0.007857326943,      0.2175202064
      -3.169998481,       2.239770476,    0.007631296864,      0.2174921574
      -3.170129693,       2.239872763,    0.007415776112,      0.2174609976
      -3.170267462,       2.239965038,    0.007211074627,      0.2174248737
      -3.170414214,       2.240045028,    0.007017307267,      0.2173811189
      -3.170569394,       2.240112321,    0.006833107858,      0.2173442921
       -3.17072945,       2.240170407,    0.006659167479,      0.2173048072
      -3.170895201,       2.240218602,    0.006496215806,      0.2172509119
      -3.171066694,       2.240256963,    0.006344478651,       0.217179229
      -3.171242027,       2.240287833,     0.00620311692,      0.2170957657
      -3.171420601,       2.240312113,    0.006071275467,       0.217007419
      -3.171599177,       2.240334543,    0.005948542345,      0.2169157811
      -3.171777859,       2.240354625,    0.005835512479,      0.2168179611
        -3.1719546,       2.240374725,     0.00573231648,      0.2167104774
      -3.172126404,       2.240398425,    0.005638782893,      0.2165924513
      -3.172299856,       2.240419289,     0.00555486146,      0.2164641534
      -3.172473046,        2.24044032,    0.005480332205,       0.216326042
      -3.172638591,       2.240470027,    0.005413812965,      0.2161801581
      -3.172802356,        2.24050442,    0.005355255922,      0.2160271249
      -3.172959117,       2.240548261,    0.005304851587,      0.2158648518
      -3.173104037,        2.24060823,    0.005262470412,      0.2156908025
      -3.173235453,       2.240685547,    0.005228011848,       0.215505558
      -3.173357879,       2.240776382,    0.005201470682,      0.2153092903
      -3.173463771,       2.240890307,    0.005182950527,      0.2150993906
      -3.173551943,       2.241026844,    0.005172434792,      0.2148746641
      -3.173631769,       2.241176563,    0.005169812129,      0.2146348446
      -3.173696087,       2.241348007,    0.005174989599,      0.2143798839
      -3.173740972,       2.241545737,    0.005188069953,      0.2141071173
      -3.173766012,       2.241770434,    0.005209296562,      0.2138118174
       -3.17377075,       2.242022796,    0.005238644827,      0.2134930001
      -3.173753988,       2.242303999,    0.005275881455,      0.2131533465
      -3.173716776,       2.242612687,    0.005320764428,      0.2127983556
      -3.173657258,       2.242951343,     0.00537319021,      0.2124381713
      -3.173574833,       2.243320381,    0.005433416255,      0.2120714944
      -3.173468413,       2.243721585,    0.005501301604,      0.2117027934
      -3.173339593,       2.244152728,    0.005576328617,      0.2113363103
      -3.173188021,       2.244613979,    0.005658541754,       0.210971599
      -3.173013984,       2.245104456,    0.005745199609,      0.2105905565
      -3.172817445,       2.245621928,    0.005838488394,      0.2102049076
       -3.17259585,       2.246169879,    0.005938241421,      0.2098122886
      -3.172365931,       2.246732061,    0.006044718126,      0.2094109825
      -3.172112312,       2.247322778,    0.006158056397,      0.2090010692
      -3.171841243,       2.247936539,    0.006278209547,      0.2085822492
      -3.171554147,       2.248570183,    0.006404741051,      0.2081552536
      -3.171241381,       2.249233347,    0.006537044314,      0.2077216036
      -3.170924312,       2.249902701,    0.006674966994,      0.2072811393
      -3.170581629,       2.250600905,    0.006818584334,      0.2068374019
      -3.170230102,       2.251307034,    0.006968208953,      0.2063918727
      -3.169852563,       2.252039117,    0.007123907326,      0.2059456777
      -3.169457596,       2.252787003,    0.007285608786,      0.2055001716
      -3.169077326,       2.253520819,    0.007453199548,      0.2050558037
      -3.168696052,       2.254253646,     0.00762654972,      0.2046123153
      -3.168309522,       2.254988431,    0.007805201795,      0.2041685781
       -3.16791905,       2.255723405,    0.007988690796,      0.2037235404
      -3.167521741,       2.256462147,    0.008177184273,      0.2032795383
        -3.1671243,       2.257194417,     0.00837112885,      0.2028403551
      -3.166727837,       2.257920162,    0.008570916171,      0.2024073096
      -3.166332016,       2.258639288,    0.008775923516,      0.2019762964
      -3.165937954,       2.259350337,    0.008984556835,       0.201540128
      -3.165545434,       2.260053452,    0.009195946729,      0.2010991989
      -3.165155202,       2.260747251,     0.00941079594,      0.2006538855
      -3.164767126,       2.261432306,    0.009628541424,       0.200198906
      -3.164379441,       2.262111054,    0.009848510669,      0.1997236273
      -3.163994403,       2.262780726,     0.01007043409,      0.1992303414
      -3.163613026,       2.263440196,     0.01029460786,      0.1987228129
      -3.163235129,       2.264089782,     0.01052121795,      0.1982047007
      -3.162858115,       2.264732742,     0.01075037056,      0.1976801751
      -3.162488918,       2.265359913,     0.01098477797,      0.1971668427
      -3.162119007,        2.26598284,     0.01122380548,      0.1966612369
      -3.161750902,       2.266598657,     0.01146751204,      0.1961649496
      -3.161384523,       2.267207813,     0.01171606682,      0.1956804225
      -3.161019982,       2.267809965,      0.0119699126,      0.1952091506
      -3.160655822,       2.268407361,     0.01222878057,      0.1947481703
      -3.160290871,       2.269001662,     0.01249172927,      0.1942910695
      -3.159925015,       2.269593494,     0.01275773732,      0.1938311409
      -3.159556887,       2.270185249,     0.01302644651,      0.1933676049
      -3.159185333,       2.270779039,     0.01329735231,      0.1928979646
       -3.15880866,        2.27137614,     0.01356902418,      0.1924163179
      -3.158427118,       2.271976466,     0.01384159032,      0.1919264423
      -3.158042352,       2.272580186,      0.0141160468,      0.1914376149
      -3.157656706,       2.273185166,     0.01439296942,      0.1909508421
      -3.157263709,       2.273798515,     0.01467258258,      0.1904630286
      -3.156863849,       2.274420314,     0.01495477758,      0.1899759886
        -3.1564582,       2.275049322,     0.01524021071,      0.1894952687
      -3.156049746,       2.275682526,     0.01552979911,      0.1890253404
      -3.155632913,       2.276327582,     0.01582101336,      0.1885498215
       -3.15521568,       2.276974192,     0.01611604261,      0.1880808009
      -3.154796126,       2.277625669,     0.01641399582,      0.1876152799
       -3.15437105,       2.278286334,     0.01671544436,      0.1871602804
      -3.153942154,       2.278954989,     0.01702055563,      0.1867177117
      -3.153511521,       2.279629613,     0.01732972713,      0.1862761982
       -3.15308077,       2.280308473,     0.01764300546,      0.1858368055
      -3.152649867,       2.280991608,     0.01795998751,      0.1854098494
      -3.152221247,       2.281677016,     0.01828058649,      0.1849941027
      -3.151797037,       2.282362244,     0.01860516079,      0.1845791311
      -3.151376307,       2.283049124,     0.01893312241,       0.184167149
      -3.150962154,       2.283734167,     0.01926414948,      0.1837543393
      -3.150560067,       2.284410558,     0.01960043904,      0.1833334015
      -3.150166403,       2.285083642,     0.01994041856,      0.1829228117
      -3.149784754,       2.285749254,       0.020284068,      0.1825247923
      -3.149417715,       2.286404533,      0.0206312703,      0.1821400574
      -3.149068092,       2.287046637,     0.02098141646,      0.1817719058
      -3.148738164,       2.287673341,     0.02133483246,      0.1814247437
      -3.148429311,       2.288282965,     0.02168741395,      0.1810752438
      -3.148143037,       2.288874169,     0.02204162848,      0.1807454958
      -3.147883338,       2.289442173,     0.02239660234,      0.1804237012
      -3.147651931,        2.28998542,     0.02275267351,      0.1801002987
      -3.147450379,       2.290502362,     0.02311232118,       0.179788233
       -3.14728102,       2.290990406,      0.0234746897,      0.1794851085
      -3.147146791,       2.291445634,     0.02383649438,      0.1791865606
      -3.147047398,       2.291868909,     0.02419910131,      0.1788877029
      -3.146986015,        2.29225648,     0.02456294272,      0.1785928602
      -3.146963622,       2.292607695,     0.02492755394,      0.1783105473
      -3.146981128,       2.292921705,     0.02529260006,      0.1780503227
      -3.147038982,       2.293197793,     0.02565724049,      0.1777980065
      -3.147139519,       2.293433491,     0.02602164819,      0.1775508164
      -3.147285973,       2.293625896,     0.02638613064,      0.1772998894
      -3.147475259,       2.293778058,     0.02675111457,      0.1770554811
      -3.147697934,       2.293900287,     0.02711638432,      0.1768066547
      -3.147963549,       2.293981741,     0.02748173794,      0.1765820109
       -3.14831524,       2.293972408,     0.02784706274,      0.1763586305
      -3.148690959,        2.29394371,     0.02821175084,      0.1761512193
       -3.14911089,       2.293873951,     0.02857382952,      0.1759494764
      -3.149583725,       2.293754038,     0.02893323731,       0.175730469
      -3.150089522,       2.293603366,     0.02929114223,      0.1755236316
      -3.150655822,       2.293397912,     0.02964801638,      0.1753334381
      -3.151252767,        2.29316191,     0.03000365603,      0.1751594347
      -3.151906205,       2.292870525,     0.03035757882,       0.175001503
      -3.152600079,       2.292544101,     0.03070949672,      0.1748689611
      -3.153327944,       2.292186506,     0.03105849274,      0.1747507352
      -3.154107768,       2.291782403,     0.03140452841,      0.1746560589
      -3.154906834,       2.291361105,     0.03174726075,      0.1745848771
      -3.155760768,       2.290892749,     0.03208645121,      0.1745431945
       -3.15663347,       2.290404971,     0.03242154092,      0.1745302651
      -3.157551544,       2.289876864,     0.03275268182,      0.1745342792
      -3.158489902,       2.289332867,     0.03307940161,      0.1745575479
      -3.159466507,       2.288755561,     0.03340108748,      0.1745960566
      -3.160474254,       2.288152433,     0.03371696135,      0.1746504393
      -3.161501609,       2.287533317,     0.03402672842,      0.1747119204
      -3.162554596,       2.286894221,     0.03433007992,      0.1747833338
      -3.163618962,       2.286246782,     0.03462727201,      0.1748656112
      -3.164710637,       2.285578216,     0.03491860621,       0.174962897
      -3.165795923,       2.284920213,     0.03520569688,      0.1750894406
       -3.16692247,       2.284226535,     0.03548580421,      0.1752308967
      -3.168032372,       2.283551329,     0.03576155568,       0.175402661
      -3.169160839,       2.282863991,     0.03602808061,      0.1755768089
      -3.170281479,       2.282184615,     0.03629287385,      0.1757982668
      -3.171414712,        2.28149818,     0.03655402772,      0.1760371685
      -3.172538762,       2.280823349,     0.03680906336,      0.1763225805
      -3.173675291,       2.280140341,     0.03705482184,      0.1766113902
      -3.174794302,        2.27947592,     0.03729174853,      0.1769013422
       -3.17591102,       2.278816637,     0.03751920729,      0.1771970109
      -3.177010181,       2.278175561,     0.03774050536,      0.1775105414
      -3.178100778,        2.27754294,     0.03795278688,      0.1778378205
      -3.179174797,       2.276926455,     0.03815749258,      0.1781806741
      -3.180234716,        2.27632386,     0.03835494629,      0.1785356011
       -3.18127585,       2.275738268,     0.03854509128,      0.1789009631
      -3.182297256,       2.275170536,     0.03872837556,      0.1792817301
      -3.183301766,       2.274616182,     0.03890808089,      0.1797004437
      -3.184286661,       2.274077465,     0.03908053105,      0.1801453414
      -3.185244444,       2.273562474,     0.03924998757,      0.1806375987
       -3.18617904,       2.273065157,     0.03941276569,       0.181151159
      -3.187086797,       2.272589045,     0.03957035864,      0.1816930385
      -3.187969935,       2.272130615,     0.03971969787,      0.1822471552
      -3.188825934,       2.271692103,     0.03986231611,      0.1828222678
       -3.18965728,       2.271268931,     0.03998737781,      0.1833505231
       -3.19045682,       2.270869521,     0.04010140779,      0.1838685988
      -3.191230921,       2.270485736,     0.04020953993,      0.1844069634
      -3.191976269,       2.270120983,     0.04031038216,      0.1849560126
       -3.19269477,       2.269772383,     0.04040508896,      0.1855245822
      -3.193383725,       2.269442407,     0.04049190418,      0.1860981259
      -3.194045237,       2.269128312,     0.04057359045,      0.1866944551
      -3.194678925,       2.268829868,     0.04064969646,      0.1873100662
      -3.195286283,       2.268545387,     0.04072116754,      0.1879513979
      -3.195866043,       2.268276088,     0.04078809629,      0.1886184045
      -3.196424017,       2.268014601,     0.04085096875,      0.1893158699
      -3.196956433,       2.267765678,     0.04090942302,      0.1900414076
      -3.197464558,       2.267527928,     0.04096217537,      0.1907845134
       -3.19794744,       2.267301803,     0.04100875524,      0.1915412095
      -3.198337234,       2.267153779,     0.04104945788,      0.1923117309
      -3.198832599,       2.266890771,     0.04108288932,      0.1931013623
      -3.199248817,        2.26668929,     0.04110916318,      0.1939037114
      -3.199644203,       2.266494905,      0.0411292953,      0.1947121802
      -3.200021092,       2.266305455,     0.04114407354,      0.1955282391
      -3.200380074,       2.266120594,     0.04115410277,      0.1963536071
       -3.20071986,       2.265941495,     0.04115996451,      0.1971886182
      -3.201039233,        2.26576922,       0.041162093,      0.1980321287
      -3.201340288,        2.26560239,     0.04116119949,      0.1988868185
      -3.201624648,       2.265440152,     0.04115942366,      0.1997666852
      -3.201894514,       2.265279244,     0.04115409196,      0.2006547734
      -3.202135259,       2.265134876,     0.04114413355,      0.2015432785
      -3.202392499,       2.264964182,     0.04113033579,      0.2024341281
      -3.202621369,       2.264808927,      0.0411121755,      0.2033307148
      -3.202837052,       2.264656043,     0.04109024016,      0.2042368001
      -3.203040147,       2.264505251,     0.04106636582,      0.2051664162
      -3.203229871,       2.264357109,     0.04103824875,      0.2061035212
      -3.203403817,       2.264214567,     0.04100644153,      0.2070499426
      -3.203565757,        2.26407451,     0.04097453034,      0.2080162451
      -3.203721693,       2.263930484,     0.04093691314,      0.2089678538
      -3.203858937,       2.263796981,     0.04089539695,      0.2099135744
      -3.203981874,       2.263668819,     0.04085041794,      0.2108646253
      -3.204091655,       2.263545142,     0.04080173327,      0.2118107406
      -3.204189724,       2.263425162,     0.04074936359,      0.2127574196
      -3.204272504,       2.263312376,     0.04069331367,       0.213701179
      -3.204336932,       2.263209341,     0.04063458787,      0.2146455252
       -3.20439853,       2.263103618,     0.04057899875,      0.2156223363
      -3.204446753,          2.263004,     0.04051985335,      0.2165950982
      -3.204482416,       2.262909891,     0.04045980116,      0.2175761453
      -3.204502146,       2.262824852,     0.04040008341,      0.2185712337
       -3.20450952,       2.262744767,     0.04033716973,      0.2195596945
      -3.204501884,       2.262672436,     0.04027393544,      0.2205476648
      -3.204481388,       2.262606007,     0.04020994965,      0.2215279865
      -3.204438851,       2.262553046,     0.04014601271,      0.2225056752
      -3.204383053,       2.262507019,     0.04008198746,      0.2234822085
       -3.20431255,       2.262468435,     0.04001475533,      0.2244399741
      -3.204225227,       2.262439239,      0.0399436609,      0.2253657299
      -3.204121673,       2.262418717,     0.03986883141,      0.2262674806
      -3.203999632,        2.26240866,     0.03979141727,      0.2271614058
      -3.203858316,       2.262409761,     0.03971278388,      0.2280583491
      -3.203698263,       2.262421396,     0.03963333291,      0.2289669034
      -3.203521432,        2.26244117,     0.03955217121,      0.2298669968
      -3.203325617,       2.262471329,     0.03946864795,      0.2307588043
        -3.2031101,       2.262512043,     0.03938267327,      0.2316462173
      -3.202874144,       2.262563299,     0.03929502266,      0.2325297377
      -3.202619421,       2.262623295,     0.03920641038,      0.2334141391
      -3.202346004,       2.262691547,     0.03911729806,       0.234307043
      -3.202054546,       2.262766903,     0.03902935543,      0.2351914995
       -3.20174674,       2.262847095,      0.0389396181,      0.2360859032
      -3.201421333,       2.262933169,     0.03884705739,      0.2369626843
      -3.201079446,       2.263023928,     0.03875265197,      0.2378245414
      -3.200720383,       2.263119763,     0.03865636602,      0.2386638354
      -3.200344893,        2.26321949,     0.03855891036,      0.2394899176
      -3.199953013,       2.263322433,     0.03845991977,      0.2403225794
      -3.199547897,       2.263425361,     0.03835945405,      0.2411401474
      -3.199130996,       2.263526185,     0.03825804501,      0.2419619988
      -3.198699851,       2.263627024,     0.03815570218,      0.2427734682
       -3.19825492,       2.263727112,     0.03805202431,      0.2435976499
      -3.197800455,       2.263821798,     0.03794785254,      0.2443904062
      -3.197338244,       2.263909217,     0.03784291759,      0.2451798948
       -3.19686883,       2.263988969,     0.03773650127,      0.2459502225
      -3.196391742,       2.264060829,     0.03762904454,      0.2467178409
      -3.195909465,       2.264121924,     0.03752001204,      0.2474652437
      -3.195420306,       2.264174196,     0.03740985289,      0.2482015525
      -3.194928302,       2.264213736,     0.03729911033,      0.2489389144
       -3.19442966,       2.264244737,     0.03718678208,      0.2496575397
      -3.193934373,       2.264255286,     0.03707303366,      0.2503758827
      -3.193427274,         2.2642608,     0.03695803433,      0.2510774948
      -3.192906658,        2.26425569,     0.03684316666,      0.2517641665
      -3.192355614,       2.264259811,     0.03672775086,      0.2524378267
      -3.191893722,       2.264182528,     0.03661118148,      0.2530848365
      -3.191424519,       2.264097791,     0.03649585363,      0.2536941722
      -3.190956832,       2.263995864,     0.03638010295,      0.2542738718
      -3.190493039,       2.263874822,     0.03626535005,      0.2548341077
      -3.190039453,        2.26372687,     0.03615058915,      0.2553815867
      -3.189590689,       2.263559834,     0.03603628415,       0.255934587
       -3.18915763,       2.263363728,      0.0359223274,      0.2564769643
      -3.188738862,       2.263140579,      0.0358095821,      0.2570222822
      -3.188330633,       2.262893931,     0.03569715801,      0.2575520123
      -3.187937328,       2.262619984,     0.03558589654,      0.2580782911
      -3.187565364,       2.262313929,     0.03547591253,      0.2585803542
       -3.18720329,       2.261986432,     0.03536806082,      0.2590674762
      -3.186856139,       2.261634269,     0.03526176962,      0.2595271154
      -3.186528172,       2.261253303,     0.03515717626,      0.2599763413
      -3.186217679,       2.260846288,     0.03505281415,      0.2604167486
      -3.185925972,       2.260411529,     0.03494974583,      0.2608529716
      -3.185652539,       2.259949864,     0.03484697449,      0.2612846654
      -3.185399695,       2.259459029,     0.03474620103,      0.2617048068
      -3.185166812,       2.258942835,     0.03464812562,      0.2621000972
      -3.184958177,       2.258398642,     0.03455351246,      0.2624763442
      -3.184774973,       2.257826395,     0.03446145071,      0.2628354984
      -3.184611492,       2.257231947,     0.03437168043,      0.2631954974
      -3.184466741,       2.256617167,     0.03428439705,      0.2635402904
      -3.184344193,       2.255978783,     0.03419990127,      0.2638795074
      -3.184244394,       2.255317872,     0.03411761532,      0.2642045036
      -3.184165414,       2.254637866,     0.03403718928,      0.2645320089
      -3.184106482,        2.25394051,     0.03395693227,      0.2648735708
      -3.184072278,       2.253220373,     0.03388233992,      0.2651830471
      -3.184053161,       2.252490576,     0.03381049288,      0.2654761222
      -3.184052707,       2.251747801,       0.033742287,       0.265751101
      -3.184071732,       2.250991924,     0.03367964647,      0.2659970631
      -3.184109905,       2.250224189,     0.03362032225,      0.2662252693
      -3.184168313,       2.249444818,     0.03356407173,      0.2664469109
      -3.184243217,        2.24865803,     0.03351299723,      0.2666501458
       -3.18433203,       2.247867826,     0.03346571166,      0.2668357315
       -3.18443725,       2.247072488,     0.03342346681,      0.2669989297
      -3.184563019,       2.246267891,     0.03338673355,       0.267139306
      -3.184705391,       2.245459598,     0.03335385767,      0.2672744689
      -3.184861479,       2.244651768,     0.03332469168,       0.267404349
      -3.185033181,       2.243842284,     0.03329879228,      0.2675359739
      -3.185219125,       2.243033381,     0.03327794226,      0.2676522975
      -3.185418812,       2.242226079,     0.03326153747,      0.2677607033
      -3.185631765,       2.241421451,     0.03325026663,       0.267855368
        -3.1858578,        2.24062054,     0.03324325678,      0.2679472162
      -3.186097809,       2.239822374,     0.03324173751,      0.2680239785
      -3.186352081,       2.239027025,     0.03324603405,      0.2680839171
      -3.186621592,       2.238233455,     0.03325615438,      0.2681284744
      -3.186905157,       2.237443032,     0.03327232304,      0.2681563966
      -3.187201852,       2.236657409,     0.03329459436,      0.2681682659
      -3.187510697,        2.23587762,     0.03332224449,       0.268172143
      -3.187832195,       2.235101643,     0.03335545496,      0.2681660384
      -3.188170858,       2.234325508,     0.03339391617,      0.2681542156
      -3.188526355,       2.233550003,     0.03343784959,      0.2681343813
      -3.188896875,       2.232777125,     0.03348706045,      0.2681095621
      -3.189278886,       2.232010281,     0.03354110281,      0.2680843456
      -3.189673687,       2.231247351,     0.03360018266,      0.2680557514
      -3.190080816,       2.230488617,     0.03366480501,      0.2680193342
      -3.190500289,       2.229734218,     0.03373556355,      0.2679697301
      -3.190932192,       2.228983771,     0.03381259641,      0.2679061312
      -3.191376408,       2.228236666,     0.03389529079,      0.2678359758
      -3.191830706,       2.227494294,     0.03398311965,      0.2677656571
      -3.192292079,       2.226759537,     0.03407710595,      0.2676844692
      -3.192767188,       2.226025328,     0.03417762602,      0.2675883703
      -3.193254624,       2.225292772,     0.03428409649,      0.2674833275
       -3.19375394,       2.224560691,     0.03439620216,      0.2673717937
      -3.194266041,       2.223826856,     0.03451444839,      0.2672494875
       -3.19479162,       2.223089021,     0.03463916274,      0.2671134655
       -3.19532778,       2.222350646,     0.03476972919,      0.2669702839
        -3.1958766,       2.221608496,     0.03490714191,      0.2668100124
      -3.196437348,        2.22086293,     0.03504975559,      0.2666488322
      -3.197008863,       2.220114111,     0.03519699146,      0.2664920843
      -3.197590921,       2.219361877,     0.03534943372,      0.2663295762
      -3.198184468,       2.218603837,     0.03550840578,      0.2661520991
      -3.198787491,       2.217841839,     0.03567340525,      0.2659633134
      -3.199401193,       2.217073655,      0.0358448675,      0.2657531271
      -3.200025084,       2.216299594,     0.03602346207,      0.2655193115
      -3.200656867,       2.215521475,     0.03620890145,      0.2652597955
       -3.20129999,       2.214733554,     0.03639839316,      0.2650117455
      -3.201950589,       2.213940756,     0.03659236453,      0.2647620526
      -3.202607528,       2.213143985,     0.03679130592,      0.2645042549
      -3.203270395,        2.21234283,     0.03699517002,      0.2642404477
      -3.203940784,        2.21153449,     0.03720432682,       0.263968644
      -3.204616296,       2.210721801,     0.03741823632,      0.2636954656
      -3.205297552,       2.209903305,     0.03763644727,      0.2634263798
      -3.205980376,       2.209084191,     0.03785868452,       0.263163697
      -3.206666862,       2.208261237,      0.0380861647,      0.2628905201
       -3.20735454,       2.207437256,     0.03831811386,      0.2626168641
      -3.208040839,       2.206614856,      0.0385533996,      0.2623540755
      -3.208727677,       2.205792308,     0.03879391382,      0.2620815017
      -3.209413474,       2.204970401,     0.03903884204,      0.2618050799
      -3.210098909,       2.204148931,     0.03928842686,      0.2615265153
      -3.210779016,       2.203333636,      0.0395433272,      0.2612284582
      -3.211454914,       2.202523659,     0.03980254602,      0.2609271324
      -3.212124713,        2.20172079,     0.04006592483,      0.2606208293
      -3.212789617,       2.200923731,     0.04033307319,      0.2603191125
      -3.213448777,       2.200133087,     0.04060443632,      0.2600125702
      -3.214099526,       2.199353441,     0.04088125095,      0.2596837035
      -3.214741486,       2.198585094,     0.04116297314,      0.2593451528
      -3.215375068,       2.197827708,     0.04144895832,      0.2589994982
       -3.21599746,       2.197084321,     0.04173807016,      0.2586618997
      -3.216594585,       2.196369106,     0.04203038286,      0.2583227261
      -3.217102192,       2.195742815,     0.04232585612,      0.2579830242
      -3.217565893,       2.195160289,     0.04262478231,      0.2576392762
      -3.218124711,       2.194491638,      0.0429267024,      0.2572949568
       -3.21873815,        2.19377945,     0.04323157892,      0.2569476219
      -3.219343262,       2.193084277,      0.0435387827,       0.256601431
      -3.219925292,       2.192418274,     0.04384840788,       0.256258155
       -3.22048562,       2.191778514,     0.04416116557,      0.2558987171
      -3.221026508,       2.191163639,     0.04447669727,      0.2555272527
      -3.221551358,       2.190570978,     0.04479419573,      0.2551529277
      -3.222063296,        2.18999714,     0.04511528879,      0.2547570811
      -3.222563164,       2.189442462,     0.04543860246,      0.2543531667
       -3.22305242,        2.18890581,     0.04576400248,      0.2539398891
      -3.223533915,       2.188383477,     0.04609163626,      0.2535116563
        -3.2240056,       2.187879432,     0.04642169611,      0.2530609023
      -3.224475253,        2.18738363,     0.04675202651,      0.2526138762
      -3.224944256,       2.186894602,      0.0470833256,      0.2521482585
      -3.225407976,       2.186419146,     0.04741579631,      0.2516608784
      -3.225875644,       2.185944817,     0.04774903918,      0.2511738882
      -3.226346031,       2.185474791,      0.0480828537,      0.2506780735
      -3.226814343,       2.185015337,       0.048417998,      0.2501751124
      -3.227289978,        2.18455394,     0.04875274182,      0.2496768724
      -3.227784682,       2.184077235,     0.04908896788,      0.2491735459
      -3.228280635,       2.183607114,     0.04942586926,      0.2486595943
      -3.228793142,       2.183124495,      0.0497645366,      0.2481348664
      -3.229316573,       2.182637948,      0.0501024409,      0.2476129349
      -3.229861615,       2.182132986,     0.05044171837,      0.2470829203
      -3.230430089,       2.181607378,     0.05077963627,      0.2465477959
      -3.231017556,       2.181066037,     0.05111793325,      0.2460187998
      -3.231637234,       2.180495429,     0.05145524881,      0.2454673504
      -3.232279018,       2.179906294,     0.05179332276,      0.2449145014
      -3.232950184,       2.179289518,     0.05212830533,      0.2443571335
       -3.23365137,       2.178645715,     0.05246282012,       0.243793776
      -3.234395413,       2.177957097,     0.05279650047,      0.2432032089
      -3.235168364,       2.177243222,     0.05312863888,      0.2426243082
      -3.235977486,       2.176494507,     0.05345775699,      0.2420445765
      -3.236828532,       2.175703173,     0.05378305699,      0.2414533517
      -3.237722285,       2.174869057,     0.05410376798,      0.2408559537
      -3.238663855,       2.173985948,     0.05442381056,      0.2402469646
      -3.239646495,       2.173063065,     0.05474114257,      0.2396375709
      -3.240672044,       2.172098123,     0.05505632559,      0.2390391097
      -3.241744055,       2.171086812,     0.05536909159,      0.2384238903
      -3.242865249,       2.170025405,     0.05567878254,      0.2378142516
       -3.24403602,       2.168913623,     0.05598426209,      0.2371935042
      -3.245260307,       2.167746584,     0.05628676901,       0.236575489
      -3.246531923,       2.166533004,     0.05658391216,      0.2359383009
      -3.247851749,       2.165271349,     0.05687677696,      0.2353013251
      -3.249218904,       2.163964172,     0.05716448257,      0.2346462284
      -3.250631144,       2.162613077,     0.05744936228,      0.2340022268
      -3.252089539,       2.161217489,     0.05772867133,      0.2333492681
      -3.253595638,       2.159775915,     0.05800299791,      0.2327039925
      -3.255147634,       2.158290847,     0.05827178848,      0.2320471406
      -3.256744394,       2.156763778,     0.05853544305,      0.2313977084
      -3.258384395,       2.155196379,     0.05879415542,       0.230729766
       -3.26006488,       2.153592874,     0.05904822064,       0.230062293
      -3.261771257,       2.151972261,     0.05929678725,      0.2293951748
       -3.26353236,       2.150299293,     0.05953982201,      0.2287270183
      -3.265317613,       2.148610504,     0.05977708637,      0.2280629709
      -3.267128182,       2.146904005,     0.06000744795,      0.2274064996
      -3.268956629,       2.145190689,     0.06023146727,      0.2267414176
      -3.270810415,       2.143461068,      0.0604491488,      0.2260680992
      -3.272680146,       2.141727098,     0.06066009556,      0.2253901664
      -3.274564562,       2.139990607,     0.06086410092,      0.2247066469
      -3.276458614,       2.138259033,     0.06106143716,      0.2240145938
      -3.278343838,       2.136556002,     0.06125235498,      0.2233159152
       -3.28024671,        2.13484697,      0.0614355583,      0.2226122642
      -3.282131846,       2.133174199,     0.06161192593,      0.2219084997
      -3.283997239,       2.131540958,     0.06178124496,      0.2212088989
      -3.285852503,       2.129934782,     0.06194363047,      0.2205172119
      -3.287685311,       2.128372131,     0.06209938391,      0.2198345349
      -3.289488845,        2.12686002,     0.06224842565,      0.2191589896
       -3.29125599,        2.12540647,     0.06239021027,      0.2184892453
      -3.292983325,       2.124015815,     0.06252420413,      0.2178217274
       -3.29466522,       2.122695362,     0.06265063169,      0.2171524909
      -3.296292408,       2.121454651,     0.06277068589,      0.2164847855
      -3.297861155,       2.120293765,     0.06288210168,      0.2158098125
      -3.299369608,       2.119216657,     0.06298624679,      0.2151415719
      -3.300805072,       2.118238486,      0.0630844554,      0.2144858582
      -3.302171238,       2.117352397,     0.06317361405,      0.2138249716
       -3.30346337,       2.116562987,     0.06325203866,      0.2131585215
      -3.304670458,        2.11588414,     0.06331991655,       0.212490329
      -3.305788045,       2.115313943,     0.06337850404,      0.2118261663
      -3.306815942,       2.114853593,     0.06342814245,      0.2111738294
      -3.307748922,       2.114508538,     0.06346826386,      0.2105292689
      -3.308587124,       2.114277319,     0.06349883423,      0.2098913678
      -3.309332062,       2.114154754,      0.0635209043,      0.2092607256
      -3.309981055,       2.114141988,     0.06353429362,      0.2086398722
       -3.31053336,       2.114239334,     0.06353837047,      0.2080221603
      -3.310970478,       2.114468149,      0.0635334178,      0.2074092229
      -3.311326817,       2.114776712,     0.06351938775,       0.206804498
      -3.311562065,       2.115214511,       0.063497105,      0.2062124204
      -3.311702159,       2.115750759,     0.06346774765,      0.2056354531
      -3.311753218,       2.116376839,     0.06343234587,      0.2050815653
      -3.311716417,       2.117087613,     0.06338618302,      0.2045215041
      -3.311591147,       2.117883129,     0.06333061587,      0.2039596702
      -3.311379664,       2.118759249,     0.06326711463,      0.2034013772
      -3.311089156,       2.119706588,     0.06319799004,      0.2028567052
      -3.310717108,       2.120727673,      0.0631242014,      0.2023288352
        -3.3102719,       2.121808332,     0.06304049782,      0.2017977883
      -3.309766532,       2.122934452,      0.0629456979,      0.2012637014
      -3.309208032,       2.124091878,     0.06284166872,      0.2007341148
       -3.30858585,       2.125294143,     0.06272974086,      0.2002111464
      -3.307917093,        2.12652337,     0.06260973558,      0.1996900516
      -3.307208972,       2.127769782,     0.06248267685,      0.1991771549
      -3.306468458,       2.129026272,     0.06234761417,      0.1986660262
      -3.305694219,       2.130293269,     0.06220402885,      0.1981607601
       -3.30490932,       2.131542419,     0.06205189547,      0.1976562497
      -3.304109722,       2.132779677,      0.0618905437,      0.1971477601
      -3.303303876,       2.133995331,     0.06172102866,      0.1966417614
      -3.302502786,       2.135177806,      0.0615447271,      0.1961479248
      -3.301710782,       2.136323393,     0.06136169641,      0.1956689313
      -3.300919155,       2.137441102,     0.06117104159,      0.1952006827
      -3.300169474,       2.138482772,     0.06097297582,      0.1947459255
      -3.299433735,       2.139481495,     0.06076857106,      0.1943094673
      -3.298735632,       2.140412294,     0.06055815789,      0.1938949398
      -3.298076322,       2.141274382,     0.06034021711,      0.1934940993
      -3.297463949,        2.14205939,     0.06011624345,      0.1930944186
      -3.296901465,       2.142764767,     0.05988562473,      0.1926834949
      -3.296393506,       2.143386138,     0.05964844314,      0.1922901581
      -3.295949162,        2.14391423,     0.05940516407,      0.1918991355
      -3.295567301,       2.144349506,     0.05915677382,      0.1915318987
      -3.295253191,       2.144688207,     0.05889961837,      0.1911757653
      -3.295019923,       2.144916572,     0.05863579477,      0.1908166756
      -3.294852835,       2.145051978,     0.05836524379,      0.1904743247
       -3.29477204,       2.145071663,     0.05809036245,      0.1901734247
      -3.294773754,       2.144981976,     0.05781131338,      0.1898887579
        -3.2948605,       2.144780261,     0.05752517681,      0.1896100763
      -3.295033071,       2.144466428,     0.05723498293,      0.1893432997
      -3.295296156,       2.144035639,     0.05693792951,         0.1890733
      -3.295653526,         2.1434851,     0.05663659683,      0.1888207887
      -3.296104298,       2.142816196,     0.05633016755,      0.1885856629
      -3.296644087,         2.1420344,     0.05601724385,      0.1883584947
