    "rms[Rho]"    ,    "rms[RhoE]"   ,       "CD"       ,       "CL"       
        -2.4950989,       2.987746724,     0.09009641307,      0.0335378339
     -0.4735344495,       5.029441073,      0.1349380467,     0.05134705067
     -0.5324021669,       4.956152072,      0.1711970401,     0.06209604335
     -0.5471201546,       4.922821685,       0.198645822,     0.07162848234
     -0.5632925571,       4.892863938,      0.2186910663,     0.08003931594
     -0.5794881253,       4.868330754,      0.2324315672,     0.08555937327
     -0.6267835564,       4.814404115,      0.2411045376,     0.08886793438
      -0.673343324,       4.763730808,      0.2464972881,      0.0895549597
     -0.7090572616,       4.726475346,      0.2488662172,     0.09017323081
     -0.7376120474,       4.698999197,        0.24903047,     0.08997853016
      -0.759164317,       4.680276086,      0.2476967586,     0.08901657644
     -0.7731757976,       4.670904535,      0.2454483875,     0.08717807196
     -0.7804910542,       4.668189444,      0.2424393263,     0.08561145978
     -0.7821894576,       4.669935664,      0.2388627418,     0.08492201431
     -0.7851524211,       4.668448712,      0.2351624615,     0.08321928364
      -0.790682394,       4.663648897,      0.2311041175,     0.08318115827
     -0.7983959282,       4.655288746,      0.2270623029,     0.08288266789
     -0.8074455351,       4.645315959,      0.2228997861,     0.08276073664
     -0.8172199824,       4.634600282,      0.2189639545,     0.08174325416
      -0.825510946,       4.625298823,       0.214987999,     0.08156361021
     -0.8334939106,       4.616857255,      0.2112180574,     0.08088653056
     -0.8407426476,       4.609158051,      0.2076273569,     0.08049504031
     -0.8473479438,       4.602465798,       0.204205291,     0.08046566904
     -0.8527108764,       4.597069644,       0.201019902,     0.08010033288
     -0.8589830019,        4.59153803,       0.198084816,      0.0796007749
     -0.8647727954,        4.58504959,      0.1954612056,      0.0781752712
     -0.8705846768,        4.57937033,      0.1929358512,     0.07734077669
     -0.8754244535,       4.574041395,      0.1904425037,     0.07671057097
     -0.8803711788,       4.568570767,      0.1879490844,     0.07651070338
     -0.8871632847,       4.560781619,      0.1855297678,     0.07608148528
      -0.892418897,       4.555363308,      0.1831085681,       0.075988066
     -0.8962300349,       4.550678087,      0.1807356563,      0.0756469311
     -0.8997141772,       4.547515717,      0.1784895877,     0.07495717485
     -0.9039900909,       4.542120436,      0.1761712196,     0.07418897995
     -0.9105388341,       4.535352385,      0.1739472189,     0.07316448252
     -0.9151054227,       4.529845233,      0.1718526341,     0.07238272465
     -0.9203050742,       4.524583924,      0.1697692824,     0.07181755441
      -0.925630201,       4.518579414,      0.1678083138,     0.07086325387
     -0.9288458429,       4.515878609,      0.1659530557,     0.06951120288
     -0.9350114539,       4.508297342,      0.1640770656,     0.06808746257
     -0.9407125496,       4.502225996,      0.1623399555,     0.06646830104
     -0.9448736061,       4.497303401,       0.160680713,     0.06469709143
      -0.948756229,       4.493575211,      0.1589316819,     0.06385037671
      -0.952977864,       4.488630161,      0.1571357628,     0.06325686367
     -0.9573223127,       4.483986453,      0.1553950207,     0.06241817592
     -0.9606277235,       4.480209426,      0.1536647264,     0.06177176966
      -0.963286755,       4.477758788,      0.1520419153,      0.0608478755
     -0.9672056307,       4.473265107,      0.1504990795,     0.05986950226
     -0.9713541983,        4.46841251,      0.1488793991,     0.05954971384
     -0.9743337491,       4.465785261,      0.1472678604,     0.05920279249
     -0.9784441099,       4.461160924,      0.1458135972,     0.05857176384
     -0.9825724756,       4.457026582,      0.1444096957,     0.05794256449
     -0.9874087174,       4.451334998,      0.1430531569,     0.05733306232
     -0.9914567116,       4.447145038,      0.1416775418,      0.0567382148
     -0.9954679341,       4.442628954,       0.140363761,     0.05591815023
     -0.9982806472,       4.440904473,      0.1390471172,     0.05560918052
      -1.001786374,       4.437310187,      0.1377381632,     0.05519385481
      -1.004996257,       4.434606184,      0.1364512514,     0.05474960825
      -1.009354836,       4.428899007,      0.1352240808,     0.05418640731
      -1.014321887,       4.423416676,      0.1340659887,     0.05301641228
      -1.018307536,       4.418928758,      0.1329300441,     0.05221968683
      -1.021665489,        4.41528547,      0.1318694854,     0.05139872812
      -1.026035512,       4.410680252,      0.1308252865,     0.05004448739
      -1.028127497,       4.408705743,      0.1297911339,     0.04911850351
      -1.032207875,        4.40435258,      0.1288233672,     0.04796056049
      -1.034397887,       4.401972501,      0.1278707227,     0.04714718965
      -1.038253422,       4.398095546,      0.1269044609,     0.04627425327
       -1.04077482,       4.394971162,      0.1259703378,     0.04526960568
      -1.045003386,       4.390233814,      0.1250394313,     0.04414234838
      -1.046649279,       4.388557527,      0.1241094872,     0.04297317246
      -1.052212244,       4.381901382,      0.1231922424,     0.04204396132
      -1.053501568,       4.381183652,      0.1222748039,     0.04136780042
      -1.055250507,        4.38062772,      0.1213075498,     0.04042393205
       -1.05825946,       4.377262853,      0.1204105012,     0.03978726106
      -1.062685294,       4.371575442,      0.1195415294,     0.03924707585
       -1.06626749,       4.367272087,      0.1187008754,     0.03852710532
      -1.069959573,       4.363075777,      0.1179116954,     0.03782218872
      -1.072667201,       4.360667796,      0.1170591445,     0.03747653576
      -1.077313737,       4.355211653,      0.1163148203,     0.03669413256
      -1.080014849,       4.353026901,        0.11553628,     0.03635721516
       -1.08371002,       4.349380415,      0.1147848113,     0.03600164537
      -1.088815203,       4.343395173,      0.1139944191,      0.0359134082
      -1.092755896,       4.339204743,      0.1132673105,     0.03546706938
      -1.094051015,       4.339476104,      0.1126039837,     0.03470335263
      -1.099333609,       4.332731848,      0.1119008793,     0.03425699296
      -1.102934579,       4.328735439,      0.1112179464,     0.03395841281
      -1.107116579,       4.323473056,      0.1105319701,       0.033810301
      -1.111030952,       4.318646578,      0.1098989388,     0.03339142257
       -1.11341889,       4.316341207,      0.1092074634,     0.03334294409
      -1.113616885,       4.317785015,      0.1085509458,     0.03314697691
      -1.114806384,       4.317529568,      0.1078691389,     0.03285539703
      -1.121126444,        4.30887559,      0.1071906405,     0.03252149473
      -1.122204363,       4.308793753,      0.1064992892,     0.03227272133
      -1.122819145,       4.309673585,      0.1057711199,     0.03225914897
      -1.129275896,        4.30094303,      0.1050515303,     0.03207717203
      -1.131613067,       4.299087915,      0.1043938909,     0.03177288138
      -1.132082884,       4.300207181,       0.103708161,     0.03178149922
      -1.133950389,       4.298705712,      0.1030461934,     0.03169591697
      -1.136216363,       4.296460151,      0.1023906384,     0.03182377469
      -1.141469673,       4.289562702,      0.1017388835,     0.03199147637
      -1.144025144,       4.286679135,       0.101080952,     0.03225984153
      -1.145425269,       4.285914261,       0.100439806,      0.0323728865
      -1.147751303,       4.283770307,     0.09978447246,     0.03253333985
      -1.149860041,       4.281834522,     0.09909781669,     0.03290357722
      -1.149941656,       4.283050426,     0.09844049839,     0.03299412374
      -1.153656495,        4.27848044,     0.09776349586,     0.03324277899
      -1.157226991,        4.27409397,     0.09709695319,     0.03340568684
       -1.15731496,       4.275197818,      0.0963777958,     0.03388044472
      -1.162227712,       4.268369592,     0.09568576686,     0.03412125094
      -1.162106841,       4.269846036,     0.09497690202,     0.03425421209
      -1.164874627,       4.266713155,     0.09423730007,     0.03447881853
      -1.166966942,       4.264495585,     0.09349841504,     0.03467561346
      -1.169958138,       4.260675901,     0.09273899998,      0.0348798213
      -1.170665603,        4.26093742,     0.09198596131,     0.03516554767
      -1.172080173,       4.259885453,      0.0912311475,     0.03518556211
      -1.172498646,       4.260508413,     0.09048969609,     0.03546872376
        -1.1739465,       4.259062706,      0.0897523118,     0.03571726446
       -1.17787784,       4.254238124,     0.08899588506,     0.03608453459
      -1.179025901,       4.253956744,      0.0882373847,      0.0362424245
      -1.180877331,       4.252713273,      0.0874678502,     0.03675787386
      -1.185832842,       4.246309981,     0.08669566283,     0.03729126459
      -1.185733029,       4.248343747,     0.08587804927,     0.03791311057
      -1.189289688,       4.244592953,     0.08508492764,     0.03856950831
      -1.191775657,       4.242201263,      0.0842877917,     0.03947462109
      -1.195509549,       4.237971078,     0.08346338422,     0.04048992182
      -1.198823039,       4.234743198,     0.08269819841,     0.04119074463
      -1.201671258,       4.231934701,     0.08190138877,     0.04195770881
       -1.20274407,       4.231712656,     0.08111534368,     0.04239725117
       -1.20552733,       4.228980663,      0.0803120403,      0.0430083629
      -1.207518859,       4.227268638,     0.07952774765,     0.04372645114
      -1.210609158,        4.22342482,     0.07873049203,     0.04447108334
      -1.213072022,       4.220785366,     0.07792604092,     0.04506602025
       -1.21302323,       4.222163745,     0.07713035908,      0.0458143301
      -1.215183995,       4.220214214,     0.07634153432,     0.04643444888
      -1.219345154,       4.214874894,     0.07554749742,     0.04719655068
      -1.218767191,       4.217099457,     0.07477819792,     0.04792784294
      -1.221329024,       4.214549614,     0.07401259727,     0.04846127268
      -1.223147575,       4.212972688,     0.07328391386,     0.04900730147
      -1.227004179,        4.20824833,     0.07256772243,     0.04958088123
      -1.228794404,       4.206783789,      0.0718627447,     0.05018248915
      -1.230511265,       4.205547699,     0.07116103091,     0.05074304536
      -1.232411578,       4.204054842,     0.07045710347,     0.05126947813
      -1.235067817,       4.201181503,      0.0697528965,     0.05173943749
      -1.235467049,       4.201762735,     0.06905603697,     0.05216718475
      -1.237393334,       4.200373529,     0.06833051286,     0.05232307358
      -1.239608883,       4.197345174,     0.06763650568,     0.05281906124
      -1.243189823,       4.193821936,     0.06696283171,     0.05338553591
       -1.24351178,       4.194088726,     0.06631390842,      0.0539987041
      -1.247833765,        4.18935059,      0.0656687064,     0.05460026033
      -1.250949534,        4.18607848,     0.06503521587,     0.05538206743
      -1.253862542,       4.182839463,     0.06440427494,      0.0560513052
      -1.254579556,       4.183505392,     0.06378847622,     0.05669422907
      -1.257934916,       4.180418868,     0.06319973495,     0.05737481665
      -1.260137793,        4.17867955,     0.06263451089,     0.05818584545
      -1.260442327,       4.179490534,     0.06207676068,     0.05892071356
      -1.263676957,       4.175885779,     0.06152982597,     0.05951179925
      -1.265962287,       4.173605758,     0.06100512813,     0.06010656281
      -1.266322648,       4.174229262,     0.06050493947,     0.06049806607
      -1.270252243,       4.169222256,     0.06003782213,     0.06085712881
      -1.269777416,       4.171275814,     0.05958396938,     0.06129769082
      -1.272230693,       4.169069456,     0.05914442332,     0.06170798929
       -1.27417131,        4.16771773,     0.05873348544,     0.06209423034
      -1.278285175,       4.163107327,     0.05833435544,     0.06255675848
      -1.281740866,        4.15950697,     0.05794646429,     0.06296052927
      -1.282490492,       4.160532669,     0.05757311413,     0.06336427457
      -1.286067098,       4.156489029,     0.05723331371,     0.06381516801
      -1.289941496,        4.15191311,     0.05691069992,     0.06435141446
       -1.28989586,       4.153570589,     0.05659336885,     0.06491073707
      -1.293270241,       4.149855725,     0.05627980311,     0.06545046752
      -1.295091042,       4.148305035,     0.05597418175,     0.06591729106
      -1.298205856,       4.144825137,     0.05568444169,     0.06653147704
      -1.300338116,       4.142744695,     0.05541754733,     0.06705299896
      -1.300783399,       4.143189418,     0.05514929015,     0.06759762979
      -1.303169364,       4.140621613,     0.05489050504,     0.06806386373
      -1.306335844,       4.137094531,     0.05464073913,     0.06852229762
      -1.305108488,       4.140373723,     0.05439562372,     0.06896883955
      -1.308554877,       4.136334248,     0.05415757044,     0.06933611848
      -1.309728815,       4.135510351,     0.05393357811,     0.06982787314
      -1.312682101,        4.13254361,     0.05371656427,     0.07025445556
      -1.314447104,        4.13087439,     0.05350211664,     0.07071109102
      -1.316154406,       4.129906437,     0.05328847832,      0.0710348581
      -1.319024915,       4.126775659,     0.05310090635,     0.07159311518
      -1.322370969,       4.123154011,     0.05292560939,     0.07217589197
      -1.321897625,       4.125255558,     0.05274922945,     0.07272049646
      -1.325482182,       4.121168532,     0.05257113059,     0.07339707694
       -1.32694681,       4.120174232,     0.05238663438,      0.0738684273
      -1.330038833,       4.116947693,     0.05220270504,     0.07442473395
      -1.332316242,       4.114526212,      0.0520164948,     0.07485602681
      -1.332751635,       4.115038045,     0.05182837252,     0.07532765092
      -1.336102504,       4.111259621,     0.05164793204,     0.07585530466
      -1.339508206,        4.10742306,     0.05145342569,     0.07637730728
      -1.338561397,       4.110053064,     0.05124910437,     0.07688116859
      -1.342148377,       4.105738588,     0.05102821051,     0.07735568707
      -1.342998015,       4.105576846,     0.05078965196,     0.07764213094
      -1.344722533,       4.104770531,     0.05053648855,     0.07797177076
      -1.346683069,       4.102815242,     0.05026188702,     0.07816431613
       -1.34796652,       4.101828742,     0.04997648804,     0.07848051027
      -1.350456718,        4.09859807,     0.04964132489,     0.07850825446
      -1.354426569,       4.094140404,      0.0492689354,     0.07852085573
      -1.352380145,       4.097822464,     0.04885180502,     0.07840334087
       -1.35697811,       4.092864873,     0.04838922427,     0.07827394311
       -1.35894358,       4.091229234,     0.04790377794,     0.07823981414
      -1.359619598,       4.092108595,     0.04737505869,     0.07821086785
      -1.357960194,       4.094648739,     0.04680112964,     0.07806230211
      -1.364524043,       4.086481697,     0.04617871112,     0.07786565616
      -1.369270065,       4.081008301,     0.04551141422,     0.07758637126
      -1.370248682,       4.078778262,     0.04478425234,     0.07729575045
      -1.371822221,       4.078705312,     0.04398947743,     0.07686244119
      -1.375515125,       4.074409805,      0.0431241099,     0.07644123125
      -1.376360673,       4.074227926,     0.04219026753,     0.07596073206
      -1.378874676,       4.070677752,     0.04118872662,     0.07553098957
      -1.382056538,       4.067220654,     0.04009949465,      0.0749331389
      -1.379011937,       4.072279676,     0.03892231539,     0.07426818447
      -1.385430758,       4.064189928,     0.03764213612,     0.07349252993
      -1.388998621,       4.058683717,     0.03626374825,     0.07264060765
      -1.389568088,       4.059937576,     0.03479528634,     0.07174615876
      -1.391295877,       4.057423068,     0.03321876018,     0.07088810538
      -1.394431679,       4.054590073,     0.03152388815,     0.07000868153
      -1.397680723,       4.049922647,     0.02970594778,     0.06919101439
      -1.401204848,       4.046106926,     0.02778411008,     0.06837274243
      -1.401983359,       4.045651083,     0.02574819777,      0.0676182926
      -1.406224246,       4.040309735,      0.0235775083,     0.06675869614
      -1.410218463,       4.035374491,     0.02127764406,     0.06585691783
       -1.41096853,       4.035211426,     0.01882249911,     0.06487432516
      -1.412811174,       4.033842667,     0.01623643263,     0.06387360859
      -1.414842847,       4.031176402,     0.01353683617,     0.06297714513
      -1.419792044,       4.024564649,     0.01071143697,     0.06192033168
      -1.423275855,       4.020114667,    0.007761758894,     0.06075642969
      -1.423128702,       4.021440645,    0.004668500216,     0.05955842378
      -1.425306102,       4.019186256,    0.001444732816,     0.05825762445
      -1.429248397,       4.014300148,   -0.001846210291,      0.0571762425
      -1.431775822,       4.011445208,   -0.005224332911,     0.05617349921
      -1.438451852,       4.002339109,   -0.008725421095,     0.05517788366
      -1.436280468,       4.006908214,    -0.01236444956,     0.05409419669
      -1.439695325,       4.002611508,    -0.01611756693,     0.05295230483
      -1.440777855,       4.001501082,    -0.01997332492,     0.05180724716
      -1.442653762,        4.00030827,    -0.02392875989,     0.05076647454
       -1.44895361,       3.990340351,    -0.02799200162,     0.04972602342
      -1.453043806,       3.984493437,    -0.03216274063,     0.04868419096
      -1.451772308,       3.987537179,    -0.03641991616,     0.04772243884
      -1.453253051,        3.98584236,    -0.04073607792,     0.04672984765
         -1.453326,       3.986281629,    -0.04511338345,     0.04564399327
      -1.456282345,       3.982701239,     -0.0495481455,      0.0446081514
       -1.46060211,       3.976240654,    -0.05403457468,     0.04355766464
      -1.464529458,       3.970720217,     -0.0585684023,     0.04244031929
      -1.464804216,       3.970953222,    -0.06313636862,     0.04133550916
      -1.464304698,       3.972778523,    -0.06769199397,     0.04026185564
      -1.466924869,        3.96873031,    -0.07221698843,     0.03939398418
      -1.470564851,       3.963689227,    -0.07670013166,     0.03856511378
      -1.473117194,       3.960316482,    -0.08116887528,     0.03780084631
      -1.477675733,       3.953833155,    -0.08561033964,     0.03711730842
      -1.477140629,       3.955774723,    -0.09002349352,     0.03651989417
      -1.478205782,       3.954789147,    -0.09438408825,     0.03608193656
      -1.479753295,       3.952808942,    -0.09869762043,     0.03564048774
      -1.483069201,       3.948681856,     -0.1029534692,     0.03520878341
      -1.487714907,       3.941447454,     -0.1071396038,     0.03478996116
      -1.492500819,       3.934329355,      -0.111252148,     0.03439363707
       -1.49224561,        3.93557416,     -0.1152822262,      0.0340810949
      -1.491423505,        3.93800036,      -0.119212202,     0.03387218597
      -1.492962367,       3.935984343,     -0.1230338226,     0.03362164286
      -1.496338651,       3.931297566,     -0.1267304966,     0.03339657357
      -1.500320948,       3.925050288,     -0.1302852383,     0.03325653467
      -1.504702485,       3.918371605,     -0.1336689505,     0.03326592286
       -1.50379193,       3.920703046,      -0.136888457,     0.03339842175
      -1.503053161,       3.923088687,     -0.1399335546,     0.03368082199
       -1.50622594,       3.918190315,     -0.1427938523,     0.03394334201
      -1.510342702,       3.911943498,     -0.1454618892,     0.03423549476
      -1.512131598,       3.909702988,     -0.1479488799,     0.03467040367
      -1.517020967,       3.902213458,     -0.1502539609,      0.0352203681
      -1.514688311,        3.90755549,     -0.1523755117,      0.0356322978
      -1.517157977,       3.904000143,     -0.1542775901,     0.03613357002
      -1.522672782,       3.894963961,     -0.1559621836,     0.03661959673
      -1.524926557,       3.892543509,     -0.1574399758,     0.03714793249
      -1.526859669,       3.889417958,     -0.1586980162,     0.03765988104
      -1.529576834,       3.885671542,     -0.1597625108,     0.03831475438
      -1.531291882,       3.883690455,     -0.1605882149,     0.03896375836
      -1.536468806,       3.875482959,     -0.1611978216,     0.03961921771
      -1.536783068,       3.875832465,     -0.1615913341,     0.04025759936
      -1.537673196,       3.875938151,     -0.1617665865,      0.0409632158
      -1.535112434,       3.881340428,     -0.1617207849,     0.04161188831
      -1.538108155,       3.877567533,      -0.161467747,     0.04239196166
       -1.53505802,       3.884263777,     -0.1610170589,     0.04331265181
      -1.543362023,       3.870356925,     -0.1603409747,     0.04426795353
      -1.547246542,       3.864540642,     -0.1594726938,     0.04534394455
      -1.556396249,       3.848595563,     -0.1583858566,     0.04629957491
       -1.55261098,       3.857278548,     -0.1571024914,     0.04726426324
      -1.550491589,       3.861564582,     -0.1556240616,     0.04831584765
      -1.556484142,       3.851802979,     -0.1539602315,     0.04939508388
      -1.553982978,       3.858050465,     -0.1521124753,     0.05053884841
      -1.563536978,       3.841851683,     -0.1500767052,     0.05166883484
      -1.569753808,       3.830733061,     -0.1478480447,      0.0527006978
      -1.568597946,       3.835188386,     -0.1454512822,     0.05385942059
      -1.575272449,       3.822370189,     -0.1428778412,     0.05492135795
      -1.579247414,       3.816183394,      -0.140143016,     0.05593799413
      -1.575452508,       3.823440764,     -0.1372543696,     0.05696823743
      -1.584042232,       3.809167125,      -0.134218922,     0.05812022593
      -1.588225987,        3.80197512,     -0.1310364439,     0.05920002798
      -1.584802918,       3.809916909,     -0.1277069352,     0.06027137454
      -1.592281453,       3.796863321,     -0.1242340817,     0.06127112026
       -1.59765271,       3.788356727,     -0.1206203456,     0.06213240686
      -1.595075499,       3.794586635,      -0.116860262,     0.06274053503
      -1.601964186,       3.783103902,     -0.1129741993,     0.06328366653
      -1.603191671,       3.780079491,     -0.1089312464,     0.06346906404
      -1.606267603,       3.778851551,     -0.1047408678,      0.0634936154
      -1.610707663,        3.76894812,     -0.1004192922,     0.06364571356
      -1.617111026,       3.759266245,    -0.09597126074,     0.06366868822
      -1.614750037,       3.765353701,    -0.09139530044,     0.06373797589
      -1.624243201,       3.750063386,    -0.08668897481,     0.06390219343
       -1.62757969,       3.743129445,    -0.08192036555,     0.06437374364
       -1.62790384,       3.747636926,    -0.07703363006,     0.06477167832
      -1.638298247,       3.725880237,    -0.07203883362,     0.06512951373
      -1.640084999,        3.72445827,    -0.06696676892,     0.06553859154
      -1.636791558,       3.735790842,    -0.06179466078,     0.06597910909
      -1.647501079,       3.713632556,    -0.05651752322,     0.06610307167
      -1.650076363,       3.710567488,    -0.05114218105,      0.0661758773
      -1.645016798,       3.726011339,    -0.04568629691,      0.0664809238
      -1.657188163,       3.700395387,    -0.04011860373,     0.06662137806
      -1.659343619,       3.697863422,    -0.03447989848,     0.06675194143
      -1.653595471,        3.71441615,    -0.02871975048,      0.0664745775
      -1.665176516,       3.689375007,    -0.02290584394,     0.06634013658
      -1.669339048,       3.681584262,    -0.01702079101,     0.06604139294
       -1.66448118,       3.696966971,     -0.0110580468,     0.06562193371
      -1.655513146,         3.7196534,   -0.005024062106,     0.06511905504
      -1.667331854,       3.694643736,    0.001023512043,     0.06491319421
      -1.669902677,       3.692806964,    0.007146524707,     0.06478262127
      -1.664217563,       3.707071474,     0.01332702959,     0.06457179961
      -1.654913976,       3.727698912,     0.01958477032,     0.06449584104
      -1.668774143,       3.701441082,     0.02590634524,     0.06447128999
       -1.67045922,       3.698814641,     0.03229094866,      0.0643357151
      -1.661686344,       3.717311676,     0.03869825944,     0.06432476551
      -1.667640724,       3.710256844,     0.04517666716,     0.06420988031
       -1.67332454,       3.698180517,     0.05170292343,     0.06433447081
      -1.668800681,       3.709391649,     0.05822244504,     0.06456579257
      -1.675672415,       3.697665547,     0.06478208274,     0.06450665007
       -1.69560625,       3.654332475,     0.07133603879,     0.06452838096
      -1.683085842,       3.684965604,     0.07794473788,     0.06434294361
      -1.682217737,       3.691073871,      0.0845912624,     0.06420865268
      -1.690244152,       3.675239521,      0.0912796042,     0.06389255065
      -1.679334476,       3.700771163,     0.09800763755,      0.0635610991
      -1.694565284,       3.670137879,      0.1047697409,     0.06326616519
      -1.708036014,       3.638181716,      0.1115700779,     0.06310702634
      -1.696569987,       3.665357566,      0.1184418093,      0.0628433175
      -1.698741547,       3.663360854,      0.1253675355,     0.06247479276
       -1.70033841,        3.66007126,      0.1323077061,     0.06248717499
      -1.679076263,       3.707495706,      0.1393284954,     0.06281434158
        -1.6932185,       3.678310685,       0.146386724,     0.06310560424
      -1.713024218,       3.632825351,      0.1535215578,     0.06306988242
      -1.696864365,       3.671435174,      0.1607355889,     0.06324677949
      -1.703062569,       3.659704922,      0.1679015544,     0.06386792122
      -1.709780254,       3.645618141,      0.1752001029,     0.06451043805
      -1.691509606,       3.688616163,       0.182424036,     0.06557379399
      -1.709077365,       3.650948747,      0.1896185637,     0.06680131941
      -1.724814752,       3.614155914,      0.1967967189,     0.06832378388
      -1.710018626,       3.651868883,      0.2039775456,     0.07008503738
       -1.71816152,       3.636323574,      0.2111733695,     0.07196259012
      -1.721098464,       3.631313794,      0.2183815503,     0.07353995243
      -1.698927781,       3.683963522,      0.2255167458,     0.07577828088
      -1.715992516,       3.648308757,       0.232618508,     0.07796419301
       -1.73708227,        3.59909997,      0.2396104739,     0.08075887956
      -1.715684426,       3.648083156,      0.2465253017,     0.08395495138
      -1.727156645,       3.629839399,      0.2534114406,     0.08666575895
      -1.704934117,         3.6667896,      0.2601669678,     0.08945129908
      -1.708059363,       3.674319401,      0.2667910551,     0.09201844862
      -1.708822282,       3.663593373,      0.2732187222,     0.09475297704
      -1.738256647,       3.608233096,      0.2794927169,     0.09723115118
      -1.719880812,       3.651467269,      0.2855789263,     0.09946053106
      -1.722884056,        3.65069697,      0.2914660278,      0.1017494471
      -1.746379077,       3.598102495,      0.2970793087,      0.1039294789
      -1.738780605,       3.618584129,      0.3024430166,      0.1061882452
      -1.730995054,       3.638813619,      0.3075090292,      0.1085285346
      -1.738880478,       3.619990716,      0.3123053113,      0.1107267473
      -1.716034532,       3.670380204,      0.3167919694,       0.113113858
      -1.733372201,       3.632170547,      0.3209869428,      0.1156154529
        -1.7539196,        3.58241269,       0.324816884,      0.1181786065
      -1.734359205,       3.625299244,      0.3282552948,      0.1208945209
      -1.735452439,       3.628359398,      0.3313206948,      0.1238372722
      -1.718033593,       3.651467127,      0.3339971209,      0.1270126144
      -1.714754822,       3.667990242,      0.3362447607,      0.1303486294
      -1.729108678,       3.632981753,      0.3380351813,      0.1339651593
      -1.745775613,         3.5975742,      0.3393607594,      0.1376943815
       -1.73471486,       3.626172243,      0.3401701159,      0.1415590379
        -1.7265188,       3.644936789,      0.3405123851,      0.1451766845
      -1.744702729,       3.604065391,      0.3403642595,      0.1488692858
      -1.725185744,       3.649656887,      0.3397143883,      0.1522308064
      -1.735954703,       3.622590513,      0.3385457106,      0.1559598786
      -1.750539009,       3.585902078,      0.3367402093,      0.1599499407
      -1.736400677,       3.619900956,      0.3344141348,      0.1644243418
      -1.731402858,       3.629993898,      0.3313331326,      0.1694403872
      -1.744294651,       3.599282251,      0.3276546292,      0.1739844726
      -1.717896232,       3.660076778,      0.3232817595,      0.1789471485
      -1.730376493,       3.630815873,      0.3180779807,      0.1841624285
      -1.746437764,       3.587994117,      0.3119047316,      0.1893645657
      -1.736725309,       3.612373433,      0.3045793116,      0.1935946151
      -1.724871509,       3.640703142,      0.2959387475,      0.1975795491
      -1.732656982,       3.619870201,      0.2857991549,      0.1992678239
      -1.712794088,       3.665008259,      0.2743026176,      0.2003012773
      -1.730121454,       3.624380197,      0.2610933662,      0.2006916646
       -1.74770162,       3.577945931,      0.2464650603,      0.1991036174
      -1.730727453,        3.62089197,      0.2303857161,      0.1953070614
      -1.718937691,       3.649003865,      0.2128204812,      0.1894342358
      -1.732904857,       3.615115525,      0.1937883863,      0.1812607053
      -1.714179456,       3.659081241,      0.1735293277,      0.1704790785
      -1.729515818,       3.623139036,      0.1522702165,      0.1588496415
      -1.739581782,       3.594039109,      0.1298566994,      0.1463935337
      -1.721641431,       3.639079083,      0.1064625088,      0.1316468524
      -1.715651631,       3.654933641,     0.08234233909,      0.1161362963
      -1.733597914,       3.612538473,     0.05775281398,      0.1002101787
       -1.71386464,       3.660112946,     0.03275643941,     0.08242839858
      -1.731122775,       3.620756678,    0.007793857335,     0.06523815655
      -1.745287846,       3.583081411,    -0.01716002672,     0.04913129859
      -1.728601077,       3.626027881,     -0.0416326764,     0.03295760117
      -1.714927408,       3.659069047,    -0.06537366854,     0.01901025007
      -1.734102333,       3.614343195,    -0.08827387581,    0.006919671849
      -1.715145132,       3.660142826,     -0.1104022852,   -0.003525958079
      -1.725553991,       3.635775874,     -0.1314216881,      -0.012153766
      -1.742447912,       3.594222774,     -0.1512552024,     -0.0209443717
      -1.730764964,       3.624394454,     -0.1698394493,     -0.0275462086
      -1.723722966,       3.642687306,     -0.1869314284,     -0.0323629373
      -1.738863073,        3.60581767,     -0.2027255012,    -0.03388919718
      -1.717098017,        3.65748165,     -0.2171634427,    -0.03514915899
      -1.735615608,       3.614606784,     -0.2302574308,    -0.03424001855
      -1.750530898,       3.575331169,     -0.2421355287,    -0.03161109086
      -1.726830063,       3.634447013,     -0.2526202908,    -0.02789611977
      -1.721748736,       3.647770119,     -0.2619968555,    -0.02203752969
      -1.738038835,       3.608059491,     -0.2699829317,    -0.01600361602
      -1.715805505,       3.659478005,      -0.276737461,    -0.01049537415
      -1.735333434,       3.613709087,     -0.2823403049,   -0.004437276582
      -1.745387813,       3.586934167,     -0.2868879121,   0.0004928257369
      -1.728988958,       3.627797843,     -0.2902523546,    0.004936402335
      -1.725541138,       3.637591737,     -0.2927896057,    0.009963386586
      -1.734887424,       3.614180344,     -0.2945633782,     0.01653029655
      -1.703147052,       3.685337582,      -0.295495698,     0.02357400404
      -1.722679442,       3.642897053,     -0.2958048884,     0.03024230953
      -1.742112264,       3.594639548,     -0.2953790861,     0.03672927107
      -1.726185814,       3.633289177,     -0.2944563597,     0.04461203751
      -1.722163672,       3.643880558,     -0.2929134026,     0.05386672717
       -1.73997301,       3.599776321,      -0.291025581,     0.06226295189
      -1.712061562,       3.665786457,     -0.2888681174,     0.07021768691
      -1.715170699,       3.658464566,     -0.2862615772,     0.07761357633
      -1.734059877,        3.61345708,     -0.2834883936,     0.08430796134
      -1.727359924,       3.630243526,      -0.280635351,     0.09123749898
      -1.720286667,       3.648572699,     -0.2776436157,     0.09820969824
      -1.747090425,       3.582670065,     -0.2746085502,       0.105186836
      -1.725623234,       3.636855968,     -0.2715794142,      0.1117283716
       -1.72706284,        3.63520925,     -0.2684934575,      0.1180892159
      -1.723588458,       3.642424679,     -0.2653445265,      0.1246489096
      -1.719183001,       3.653681127,     -0.2623234017,       0.130664185
      -1.717945705,       3.659173129,     -0.2593506259,      0.1363677868
      -1.741279752,       3.605410068,     -0.2564624187,      0.1419019795
      -1.716781834,       3.662070949,     -0.2536327458,      0.1472954452
      -1.719290196,        3.65936529,     -0.2508303445,      0.1522690229
      -1.737532889,       3.617696618,     -0.2481118605,       0.156816604
       -1.73056278,       3.636176492,     -0.2454607529,      0.1609823588
      -1.724692998,       3.652743595,     -0.2430138553,      0.1648425309
      -1.709725127,       3.683194009,     -0.2407022261,      0.1685653156
      -1.725605067,       3.652437608,     -0.2385297504,      0.1721720701
      -1.726900727,       3.646905821,     -0.2364811617,      0.1758431537
      -1.734200039,       3.635702465,     -0.2346029082,       0.179351731
       -1.71818663,       3.652623532,     -0.2328745484,      0.1824902394
      -1.741902529,       3.622715836,     -0.2313213286,       0.185518623
      -1.699898072,       3.695077159,     -0.2298866375,      0.1886341803
       -1.73343383,       3.633124237,     -0.2285880508,      0.1914728495
      -1.730358248,       3.646430589,     -0.2274226089,      0.1943922916
      -1.718676351,       3.672777382,     -0.2263812001,      0.1972463071
       -1.73870697,        3.63372286,     -0.2254762029,      0.2001200313
      -1.751980688,        3.60855162,     -0.2247492702,      0.2027492785
      -1.724824927,       3.668396661,      -0.224150981,       0.205158328
      -1.750210877,       3.616971066,     -0.2236576127,      0.2076923662
      -1.717709951,       3.686414322,     -0.2232795338,      0.2104846685
      -1.737275665,       3.650098201,     -0.2230213925,      0.2133327828
      -1.719964826,       3.687803545,     -0.2228617914,      0.2161916015
       -1.73773768,       3.654547839,     -0.2228256124,       0.218741002
      -1.760896826,       3.605532071,      -0.222905414,      0.2215591721
      -1.742791726,        3.64687234,     -0.2231083606,      0.2240315745
      -1.756908714,       3.620763581,      -0.223424592,      0.2264391073
      -1.769377313,       3.595154317,     -0.2238251221,      0.2290242743
      -1.726720441,       3.683587175,     -0.2243498651,      0.2314010594
      -1.720125853,       3.699011574,     -0.2249945322,      0.2336426033
      -1.740870596,       3.659134589,     -0.2257482377,      0.2358166407
       -1.74062644,       3.661715519,     -0.2266076394,      0.2380616617
      -1.748307115,       3.648790898,     -0.2275642902,      0.2402497582
      -1.736614358,       3.671266827,     -0.2286276649,      0.2423448906
      -1.766579052,       3.612161364,     -0.2297852582,      0.2445800116
       -1.75373457,       3.640783185,     -0.2310315303,       0.246788157
      -1.780106021,       3.585218348,     -0.2323724429,      0.2487536175
       -1.75886915,       3.631885005,     -0.2337973833,      0.2507306119
      -1.756156846,       3.640391483,     -0.2353417755,      0.2524481642
      -1.738328661,        3.67326133,     -0.2369802523,      0.2545259844
      -1.740455703,       3.671971322,     -0.2386827117,      0.2566652664
      -1.750690862,       3.655274515,     -0.2404397733,      0.2589074581
      -1.751794103,       3.652567237,       -0.24228311,      0.2610086051
      -1.756334289,        3.64446274,     -0.2442000855,       0.263201508
      -1.744588303,       3.667873846,     -0.2461909973,      0.2646775193
      -1.765956022,       3.629820328,     -0.2482361905,      0.2657041488
      -1.770233432,       3.623036183,     -0.2503954431,      0.2670005486
      -1.732868956,       3.694021804,     -0.2526046792,      0.2683477375
      -1.751856913,       3.659326516,     -0.2548775012,      0.2698521289
      -1.773672242,       3.618018667,     -0.2572030737,      0.2715305774
      -1.766310666,       3.637449605,     -0.2595946802,      0.2726884922
      -1.782619682,       3.605792371,     -0.2620627652,      0.2737881651
      -1.734236405,       3.694240008,     -0.2645639057,      0.2745328849
      -1.756328705,       3.658345663,     -0.2670856597,       0.274904303
      -1.759781699,       3.652340385,     -0.2696549916,      0.2755111326
       -1.77264008,       3.629257109,     -0.2722202222,      0.2759763432
      -1.735173536,       3.699483821,     -0.2748034602,      0.2763844923
      -1.728038634,       3.711744401,     -0.2773861847,      0.2767038795
      -1.772368784,       3.634087547,     -0.2799554701,      0.2768217544
      -1.754497444,       3.669629975,     -0.2824834906,      0.2770712248
      -1.762576239,       3.655529626,     -0.2850150075,      0.2776498171
      -1.766455168,        3.64812515,     -0.2874891515,      0.2780871961
      -1.757902128,       3.667505838,     -0.2899249842,      0.2786478655
       -1.76936602,       3.644907429,       -0.29232867,      0.2789629263
      -1.777108468,       3.632523789,     -0.2946888025,      0.2790942817
      -1.765241938,       3.655466471,     -0.2969859284,      0.2793626992
      -1.724143987,       3.713026804,     -0.2992582543,      0.2799973823
      -1.739690661,       3.698878908,     -0.3014602655,       0.280544052
      -1.756772588,       3.671917191,     -0.3035673451,      0.2812164623
      -1.767754675,       3.654056909,     -0.3055809359,      0.2822493535
      -1.778322896,       3.636160496,     -0.3075242166,       0.283247042
      -1.732114725,       3.712832916,     -0.3093994866,      0.2840353165
      -1.754200527,       3.672648767,     -0.3112132505,      0.2850435254
      -1.725530477,       3.710246121,     -0.3129189901,      0.2858397295
      -1.716570167,       3.736539595,     -0.3145580473,      0.2869815291
      -1.735397373,       3.708060698,     -0.3160685523,      0.2878362402
      -1.744035045,       3.689712939,     -0.3174908514,       0.288783846
      -1.751920857,       3.682555409,     -0.3187895695,      0.2892554567
      -1.771930524,       3.648660171,     -0.3200510851,      0.2895855103
       -1.74527414,       3.685461677,     -0.3211894242,      0.2898171734
      -1.752152065,       3.681970722,     -0.3221913863,      0.2898857545
      -1.738681119,       3.703963961,     -0.3230674184,      0.2897425374
       -1.74908812,       3.684285619,     -0.3238035007,      0.2893828369
      -1.761047767,       3.666847486,     -0.3244357914,      0.2887699319
      -1.711148446,       3.739444139,      -0.324969062,      0.2878852992
       -1.74042494,       3.697417138,     -0.3253599706,       0.287013646
      -1.718042548,       3.729429556,     -0.3256660224,      0.2858290324
      -1.726829355,       3.723423573,     -0.3257909383,       0.284706942
       -1.74451917,        3.69206961,     -0.3258294201,      0.2835388908
       -1.73189327,       3.712999055,     -0.3257810589,      0.2823463392
       -1.72900892,       3.717511166,     -0.3256383628,      0.2811096675
      -1.722600727,       3.727216338,     -0.3253925684,       0.279847287
      -1.741980741,       3.697108543,     -0.3250173672,      0.2789132173
       -1.75154712,       3.680578221,     -0.3244894873,      0.2780057899
      -1.715746648,       3.738263703,     -0.3238766262,      0.2773195153
      -1.735912671,       3.706844287,     -0.3231774794,      0.2769262042
        -1.7438822,       3.691981233,     -0.3222433698,       0.275919954
      -1.716366094,       3.734859611,     -0.3212351905,      0.2751524971
      -1.728657194,       3.716754542,     -0.3201066883,      0.2738156112
       -1.71110248,       3.742613934,     -0.3188579613,      0.2723533203
      -1.737331283,        3.70179523,     -0.3175568064,      0.2710503133
      -1.719520462,       3.729852155,     -0.3161829112,      0.2699642823
      -1.732253991,       3.708735314,     -0.3146592847,      0.2683526858
      -1.745589151,       3.686353087,     -0.3131031958,      0.2668162183
      -1.706565488,       3.748818675,     -0.3113636589,      0.2647408192
      -1.729782731,        3.71133815,     -0.3095617774,      0.2628085929
      -1.727347936,       3.714705648,     -0.3076881983,      0.2608709068
      -1.724680277,        3.71951284,     -0.3056857838,      0.2585688293
      -1.713961895,        3.73487831,     -0.3035960051,      0.2564965907
      -1.716349164,       3.730183954,     -0.3012098488,       0.253306526
      -1.740119373,       3.690885244,     -0.2988456029,       0.250602173
      -1.718846502,       3.723523591,     -0.2963632309,       0.247756097
      -1.729218004,       3.706622392,     -0.2937562054,      0.2448129495
      -1.725159341,       3.713090475,     -0.2910701472,       0.242081857
      -1.722495962,       3.716309008,     -0.2882499223,      0.2392543488
       -1.74802527,        3.67307586,     -0.2853573324,      0.2362260476
      -1.706092391,       3.742071843,     -0.2824460435,        0.23382196
      -1.714995177,       3.727726912,     -0.2793567216,      0.2310472431
      -1.703089816,       3.745601121,     -0.2762246916,      0.2286688003
       -1.71842616,       3.722178832,     -0.2729782271,       0.226191553
      -1.737763572,        3.68872338,     -0.2696336605,      0.2236646167
      -1.716649923,       3.723836122,     -0.2661452864,      0.2209612413
      -1.727388577,       3.708071462,      -0.262549606,      0.2184368277
      -1.702247854,       3.745796548,     -0.2588369378,      0.2159346806
      -1.713084959,       3.728590813,     -0.2549565084,      0.2129689134
      -1.733870585,       3.696197661,     -0.2510328771,      0.2107019069
      -1.703663447,       3.744538656,     -0.2470257311,      0.2084957572
      -1.732923537,        3.69736824,     -0.2428968801,      0.2062822077
      -1.717785338,       3.723008198,     -0.2388151136,      0.2043789133
      -1.719310445,       3.720790074,     -0.2346167887,      0.2022124428
      -1.759734157,       3.651245543,     -0.2304751598,      0.2008518231
      -1.725854524,       3.712095665,     -0.2259613668,      0.1983466068
      -1.739038809,       3.690784343,     -0.2213936613,       0.195829928
      -1.715938972,       3.728829772,     -0.2167295325,       0.192700547
      -1.712525984,       3.736365568,     -0.2120128078,      0.1896001129
      -1.723249343,       3.719677944,     -0.2072461758,      0.1866615427
       -1.74555117,       3.684908914,      -0.202445624,      0.1836525206
      -1.745799483,       3.687053762,     -0.1975566761,      0.1805728826
        -1.7234325,       3.723807591,     -0.1926458262,      0.1773475379
      -1.717027168,       3.736030759,     -0.1876062999,      0.1739914465
      -1.683979015,       3.786425966,     -0.1825609259,      0.1704482418
      -1.707658142,       3.753420453,     -0.1773779784,      0.1664158776
      -1.730518043,       3.723731745,     -0.1722202727,      0.1630625447
      -1.710845529,       3.754016697,     -0.1669195742,      0.1595838588
      -1.727440303,       3.730807762,     -0.1616702865,      0.1560957911
      -1.737434691,       3.716473494,     -0.1564075049,      0.1528670311
      -1.731717634,       3.725952514,     -0.1508994795,      0.1488170563
       -1.70783214,       3.760894234,     -0.1453672464,      0.1455540614
      -1.748437851,       3.706594146,      -0.139829227,      0.1423270863
      -1.750561503,       3.704164319,     -0.1341637157,      0.1394370963
      -1.761285192,       3.688652143,     -0.1284593938,      0.1355999692
       -1.78837115,        3.64577703,     -0.1226583005,      0.1318913592
      -1.736617584,       3.733463434,     -0.1167989493,      0.1282227302
      -1.707863126,       3.769452112,     -0.1108133465,      0.1247367526
      -1.744278085,       3.718679396,     -0.1050254067,       0.122527224
      -1.761781366,       3.695721872,    -0.09919603041,      0.1200225811
      -1.720439274,       3.755731977,    -0.09323173225,      0.1169129037
      -1.744144904,       3.723329616,    -0.08728576569,      0.1143241134
      -1.714441209,       3.765440429,    -0.08122195728,      0.1114060631
      -1.735447415,       3.739958448,    -0.07514335969,      0.1086093794
      -1.756033325,       3.708827715,    -0.06914554764,      0.1060731434
      -1.738554665,       3.742557012,    -0.06309256057,      0.1034014938
      -1.772486667,       3.689377852,    -0.05699211525,      0.1008348286
      -1.706070464,       3.787879257,    -0.05086126703,     0.09853190721
      -1.747232665,       3.730319406,    -0.04472973042,     0.09647942194
      -1.731655663,       3.753713802,    -0.03855204398,     0.09477391047
      -1.729513905,       3.755017516,    -0.03239272141,      0.0929095253
      -1.728276507,       3.758731705,    -0.02620930099,     0.09140208879
      -1.738651976,       3.741884204,    -0.02004469226,     0.09076812588
      -1.754397028,       3.722225841,    -0.01386532033,     0.08998628774
      -1.728978885,       3.749454897,   -0.007643290713,     0.08899436965
      -1.687255922,       3.803954193,   -0.001446406087,      0.0879535686
      -1.692958138,       3.784254435,    0.004759311244,      0.0872053799
      -1.697456816,        3.79699107,     0.01091652405,     0.08621324878
       -1.69054551,        3.79299292,     0.01695720405,       0.086090026
      -1.706116563,       3.779782054,     0.02295897806,     0.08627277031
       -1.71683944,       3.760629903,     0.02895709124,     0.08661854255
      -1.730057969,       3.750534581,     0.03493829272,     0.08735180462
       -1.71773284,       3.759345583,     0.04086406182,     0.08797377881
      -1.746386245,       3.730902868,     0.04679256937,     0.08880981893
      -1.708591139,        3.77363346,     0.05266852956,     0.08980728462
      -1.752493685,       3.722054271,     0.05851669843,     0.09109758075
      -1.754600953,        3.72091415,     0.06429676953,     0.09240801283
      -1.744239546,       3.731650788,      0.0700254546,     0.09408231845
      -1.751293053,       3.721008997,      0.0757243115,      0.0960390564
      -1.739499415,       3.740027764,     0.08134389702,     0.09776663419
      -1.732635222,       3.747210186,     0.08690823682,     0.09954181773
      -1.754078241,       3.720431239,     0.09238587062,      0.1009994996
      -1.730484294,       3.753534634,     0.09780785335,      0.1026034284
      -1.729646085,       3.756647522,      0.1032239591,      0.1039883161
      -1.708288769,       3.779443899,      0.1085743252,      0.1051243871
      -1.726034812,       3.765807868,      0.1138690317,       0.106204504
      -1.704476226,       3.788397286,      0.1191503055,      0.1072967404
      -1.735180262,       3.752841211,      0.1244008223,      0.1084575768
      -1.769870771,       3.713177593,      0.1295877166,      0.1093990541
      -1.755444044,       3.728060817,       0.134711726,      0.1100327574
      -1.764318565,       3.717638275,      0.1397807861,      0.1105237791
      -1.775571655,       3.706005818,      0.1447882908,      0.1110122294
      -1.726150411,       3.768580022,      0.1497336741,      0.1110700504
      -1.749544304,       3.738165595,      0.1545966192,      0.1108973782
       -1.74763256,       3.743351643,      0.1594127115,      0.1102929185
       -1.72973208,       3.765874906,      0.1641657594,      0.1094933514
      -1.734337475,        3.75935436,      0.1688643671,      0.1085028137
      -1.745591637,       3.746488666,      0.1734861979,      0.1073233801
      -1.753640629,       3.736143912,      0.1780672169,      0.1059626782
      -1.743057107,        3.74994208,      0.1825978244,       0.104344366
      -1.751641173,       3.739664227,      0.1870350011,      0.1025320313
      -1.754000915,       3.736738733,      0.1913851814,      0.1004000684
      -1.754246678,       3.737053606,      0.1956657664,     0.09791185228
      -1.776060271,        3.71008919,      0.1998672414,     0.09526179223
      -1.738415802,       3.757256412,      0.2039862226,     0.09240595518
      -1.745285219,       3.749639248,      0.2080313695,     0.08953070233
      -1.727688779,       3.772514912,      0.2120074678,     0.08647317147
      -1.746539148,       3.747574755,      0.2159132909,     0.08322052445
      -1.768503845,        3.71957174,       0.219710747,     0.07984712149
      -1.748775265,       3.745594153,      0.2234120515,     0.07650179183
      -1.771610855,       3.715756392,       0.227039911,     0.07288641246
       -1.77561346,       3.709830244,      0.2305475138,     0.06941670046
       -1.74260459,       3.752926477,      0.2339781637,     0.06572098715
      -1.761569516,         3.7269536,      0.2373301981,     0.06199476914
        -1.7507806,       3.740843493,      0.2405555094,     0.05782422367
      -1.710301759,       3.791124129,      0.2437160122,     0.05347583897
      -1.724254743,       3.773367686,      0.2467733836,     0.04900450024
      -1.729468197,       3.765970667,      0.2497284092,     0.04445895885
      -1.695298121,       3.808360218,      0.2525955817,     0.04008225285
      -1.732502214,       3.761467815,      0.2553439638,     0.03587204237
      -1.726282181,       3.768069741,      0.2580030327,     0.03164914333
      -1.737183359,       3.754598488,      0.2605286724,     0.02756609736
      -1.712646898,       3.783954686,      0.2629760128,     0.02364960814
      -1.706871337,       3.790667643,      0.2652674091,     0.01960419054
      -1.706977519,       3.791284298,      0.2674419794,     0.01576737697
      -1.722487321,       3.771047478,      0.2694734002,     0.01209014429
       -1.71319201,       3.781600863,      0.2714127547,    0.008630378923
      -1.707162826,       3.789597423,      0.2732911391,    0.004797772914
      -1.668019638,       3.835030619,      0.2750524777,    0.001101486808
      -1.689912341,       3.808958057,      0.2766911442,   -0.002372394519
      -1.699715065,       3.797525655,      0.2782386832,   -0.005547177865
      -1.718845543,       3.772911378,      0.2796730801,   -0.008553283777
      -1.710109992,       3.783347623,      0.2810049327,    -0.01084168017
       -1.67598427,       3.825344166,      0.2822556112,    -0.01288647295
      -1.703283092,       3.791074697,      0.2834729243,     -0.0148228989
      -1.717550311,       3.773528565,      0.2846369106,      -0.016491835
       -1.67889491,       3.822564725,      0.2857853174,    -0.01825253884
      -1.684480543,       3.814356655,      0.2869174253,    -0.01981918114
      -1.701970128,       3.792033925,      0.2880818834,    -0.02124557257
      -1.707246649,       3.785821035,      0.2892288866,    -0.02224004878
      -1.665601001,       3.836513279,      0.2904499862,    -0.02333654713
      -1.699221937,       3.795037012,      0.2916621675,     -0.0241894881
      -1.695786969,       3.800649359,      0.2929172747,    -0.02480088129
        -1.6968647,       3.798057195,      0.2942082124,    -0.02529129535
      -1.685347337,       3.811872351,      0.2955547795,    -0.02538612554
      -1.655979505,       3.848076135,      0.2970194725,    -0.02577104837
      -1.695829175,       3.798489369,      0.2984994679,    -0.02586836576
      -1.699692627,       3.794336511,      0.3001366489,     -0.0260456406
       -1.71393491,       3.775895461,       0.301814486,    -0.02578733822
      -1.696224341,       3.798420333,      0.3036616083,    -0.02583432379
         -1.712874,       3.776730092,      0.3055780776,    -0.02555565411
      -1.728657096,       3.756727572,      0.3076108714,    -0.02519141917
      -1.679626339,       3.817897774,      0.3098012408,    -0.02467904855
      -1.670034838,       3.829320875,      0.3121355863,    -0.02424832338
      -1.683361061,       3.813335467,      0.3146357936,    -0.02395266795
      -1.704547035,       3.785217438,      0.3172727092,    -0.02367920551
      -1.710195849,       3.778143415,      0.3200417449,    -0.02326302657
      -1.712755064,       3.775420666,      0.3229993247,    -0.02322223207
      -1.723228654,       3.760148867,      0.3261138932,    -0.02320226664
      -1.676689972,       3.819011854,      0.3293691167,    -0.02334742874
      -1.701434433,       3.787713502,      0.3327854139,    -0.02376651443
      -1.707793492,       3.779607415,      0.3363024655,    -0.02443334602
      -1.691634421,       3.799628366,      0.3399766479,    -0.02536626942
       -1.69661481,       3.793130753,       0.343660886,    -0.02621649871
      -1.715442027,       3.766963283,      0.3474434787,    -0.02731056095
      -1.733461305,       3.742267254,      0.3513612894,    -0.02861283308
      -1.706521973,       3.779296556,      0.3552665494,    -0.02985926435
      -1.712074969,       3.771387386,       0.359274864,    -0.03133268722
      -1.669854217,       3.837243237,      0.3632841018,    -0.03296073664
      -1.698885321,       3.795883457,       0.367329703,    -0.03455214435
      -1.723172752,       3.761414313,      0.3713362849,    -0.03655727332
      -1.670733364,        3.83332654,      0.3753134895,    -0.03852966691
      -1.685912182,       3.810025286,      0.3791086719,     -0.0400548766
      -1.669067513,        3.83239552,      0.3828558369,    -0.04187253533
      -1.677963625,       3.814630002,      0.3864303124,    -0.04359794602
      -1.679763087,       3.818505193,      0.3898638021,    -0.04556242366
      -1.709479986,       3.780166762,      0.3930874067,    -0.04748852089
      -1.681987073,       3.811693982,      0.3961197388,    -0.04957075707
      -1.678286721,       3.812089101,      0.3989192864,    -0.05161422654
      -1.698179141,       3.784660815,      0.4014321833,    -0.05375839165
      -1.725103998,       3.744749182,      0.4037062003,    -0.05589309301
      -1.688898156,       3.794689302,      0.4057099707,    -0.05814172399
      -1.721835147,        3.74864149,       0.407409972,     -0.0604188208
      -1.724243462,         3.7448115,      0.4088639515,    -0.06276751886
      -1.731801009,        3.73487215,       0.409927776,     -0.0648459851
      -1.713539812,       3.759038395,      0.4106934051,    -0.06699873099
      -1.693148643,       3.788584014,      0.4111058136,    -0.06884751559
      -1.695743882,        3.78555338,      0.4111886085,    -0.07056012015
      -1.677829772,       3.809220061,      0.4109338332,    -0.07210542036
      -1.699166154,       3.779405238,      0.4103605073,    -0.07352801732
      -1.708647968,       3.768248951,      0.4093780393,    -0.07459724299
      -1.700921337,       3.778024471,      0.4081158823,    -0.07582648821
      -1.676037477,       3.810124009,      0.4064797497,    -0.07714057595
      -1.676809823,       3.809595454,      0.4045346255,    -0.07826487016
      -1.688759059,       3.793018748,      0.4023106885,    -0.07935106366
      -1.700466433,       3.777123202,      0.3997398083,    -0.07988689934
      -1.701497688,       3.776099943,      0.3969141269,    -0.08095711675
      -1.716206525,       3.755313887,      0.3937501467,    -0.08148350303
      -1.712656203,        3.75997284,      0.3903120297,    -0.08204025963
      -1.661143348,       3.828777139,      0.3865832013,     -0.0822860422
      -1.675346808,       3.810181452,      0.3826542528,    -0.08310456185
       -1.68119255,       3.801739953,      0.3784579831,    -0.08354337789
      -1.687409321,       3.794434051,      0.3740505181,    -0.08407461888
      -1.679736947,       3.803962882,      0.3694563264,    -0.08463380178
      -1.713249049,       3.758197726,      0.3646187182,    -0.08481439742
      -1.708178916,       3.765747243,      0.3596440292,    -0.08513957711
      -1.707915191,       3.763692178,      0.3545027593,    -0.08527880533
      -1.689989531,       3.787897232,      0.3492038672,    -0.08581719196
      -1.703766748,       3.769462766,      0.3437273408,    -0.08609037472
       -1.68758531,       3.790957832,      0.3381327673,    -0.08605401028
      -1.690249532,       3.788849954,      0.3325293431,    -0.08647426892
      -1.679589511,       3.803450138,      0.3267813639,    -0.08648371017
      -1.701649735,       3.771858944,      0.3209458631,    -0.08657754803
      -1.722645969,       3.741164827,      0.3150180255,     -0.0865689478
      -1.721539398,       3.744516645,      0.3090308501,    -0.08664808199
      -1.687952086,       3.790452084,      0.3029896151,    -0.08661045668
      -1.713744317,       3.756144811,      0.2968815942,    -0.08629745811
      -1.711588598,       3.760784045,      0.2907382505,    -0.08603750648
      -1.715783129,       3.755496705,      0.2845657024,    -0.08573630245
      -1.709145648,       3.764541761,      0.2783342061,    -0.08500721224
      -1.719013918,       3.752142367,      0.2720547645,    -0.08417745034
      -1.723023492,       3.745062836,      0.2657742644,    -0.08308074834
      -1.707254775,       3.768159119,      0.2594893381,    -0.08211577287
       -1.69221755,       3.789053384,      0.2532147609,    -0.08093202465
      -1.716664048,        3.75688618,      0.2469594724,    -0.07962191798
      -1.724777848,       3.744870736,      0.2407219696,    -0.07798603635
      -1.735616024,       3.731459713,      0.2345299183,    -0.07597834849
      -1.703347139,        3.77560069,       0.228359318,    -0.07383831686
      -1.710642275,       3.766507904,      0.2222244589,     -0.0717376075
      -1.727683004,       3.743427526,       0.216175273,    -0.06942130134
      -1.721426611,       3.753302992,      0.2102200973,    -0.06708065346
      -1.740473845,       3.725502749,      0.2043758858,    -0.06497820257
      -1.736698157,       3.732901669,      0.1986164831,    -0.06288831477
      -1.748413749,       3.715346451,       0.192951868,    -0.06040030304
       -1.70314565,       3.779449872,      0.1873426368,    -0.05789029044
       -1.73115569,        3.74178149,      0.1818535997,    -0.05575658003
      -1.744997545,       3.722679841,      0.1764894669,    -0.05336221518
      -1.743067024,        3.72515936,      0.1712076735,    -0.05083656159
      -1.725913938,       3.752432207,      0.1660443407,    -0.04844465177
      -1.724883422,       3.753033991,      0.1609801457,    -0.04605005982
      -1.735668912,       3.738053263,      0.1560220703,     -0.0437498183
      -1.738593368,       3.736240893,      0.1511621757,     -0.0415179263
      -1.725086297,       3.756082384,      0.1464372427,    -0.03960348951
      -1.755062617,       3.714684613,      0.1417856417,    -0.03750937674
      -1.724200108,       3.758297463,      0.1372912759,    -0.03532605735
      -1.741029491,       3.735704196,      0.1328861273,    -0.03347102963
      -1.745885307,       3.729788836,      0.1285556071,    -0.03171888049
      -1.743093019,       3.734140712,      0.1242976842,    -0.03006022809
      -1.751185499,       3.724344516,      0.1201214121,    -0.02864074764
       -1.74783492,       3.729362946,      0.1159914023,    -0.02718236968
      -1.763409413,       3.710211468,      0.1119421131,    -0.02579900803
      -1.737317689,       3.744670592,      0.1079501174,    -0.02441099496
      -1.743691883,       3.738690811,      0.1040303523,    -0.02323429733
      -1.747130908,        3.73266624,      0.1001749449,    -0.02209745642
      -1.749537129,       3.731802351,     0.09634695943,    -0.02107776237
      -1.744919858,       3.737564957,     0.09255546358,    -0.02016855052
      -1.734537059,       3.756018485,     0.08883411104,    -0.01928573527
      -1.720383622,        3.77791694,      0.0851722139,    -0.01882497175
       -1.71577208,        3.78245179,     0.08158891419,    -0.01873207647
      -1.715051395,       3.783187698,     0.07802498439,    -0.01841984556
       -1.72612041,        3.77031003,     0.07447938822,    -0.01836277153
      -1.750509665,       3.737093736,     0.07096684747,    -0.01819150821
       -1.72986387,       3.768373026,     0.06749861071,     -0.0181134122
       -1.73824887,        3.75463886,     0.06405526789,    -0.01809427741
      -1.728127822,       3.770994689,     0.06058233408,    -0.01796318891
       -1.73975531,       3.754456601,     0.05715980695,    -0.01795879225
      -1.722493234,       3.776903534,     0.05374806391,    -0.01793407064
      -1.726802536,       3.772236299,     0.05035590119,    -0.01810803962
      -1.713501836,       3.789427579,     0.04694788338,    -0.01825719239
      -1.740401858,        3.75695573,     0.04355096389,    -0.01848808304
       -1.74418621,       3.753088008,     0.04014996248,    -0.01886371955
      -1.710050113,       3.795280008,     0.03674099122,    -0.01940760877
      -1.744119797,       3.753827195,     0.03336060167,    -0.02022660728
      -1.732458764,        3.76569931,     0.02998844238,    -0.02102895964
      -1.731038441,       3.769509279,     0.02667286214,    -0.02179311726
       -1.74986563,       3.751590412,     0.02335720288,    -0.02262062853
      -1.732515191,       3.770893182,     0.02010597573,    -0.02351376859
      -1.750788004,       3.747278044,     0.01689489328,    -0.02446694403
      -1.732733779,       3.770567587,     0.01374299943,    -0.02557316106
      -1.712586517,        3.80003893,     0.01061768881,    -0.02658148989
      -1.762363464,        3.73739015,     0.00751802604,     -0.0274845198
      -1.760538774,       3.742914801,    0.004452783568,    -0.02830886662
      -1.767784966,       3.733366245,    0.001437434509,    -0.02926265141
      -1.767864747,       3.735965224,   -0.001487413366,    -0.03036848818
      -1.784189344,       3.715509207,   -0.004381237164,    -0.03108263965
      -1.733777578,       3.778130289,   -0.007219311852,    -0.03178474499
      -1.756591679,       3.751057401,   -0.009986582901,    -0.03236355137
      -1.769400907,       3.737055931,    -0.01268474817,    -0.03294208274
      -1.758366689,       3.751341433,    -0.01532060313,     -0.0335873008
      -1.782224658,       3.725409664,    -0.01788168839,    -0.03403636015
      -1.757710599,       3.754242682,    -0.02038593877,    -0.03428243745
      -1.776369407,       3.734053662,    -0.02286102766,    -0.03443947616
      -1.789886425,       3.716674544,      -0.025320055,    -0.03461552108
      -1.781596173,       3.728490557,    -0.02774331283,    -0.03483188756
      -1.767786557,       3.744773073,    -0.03011885129,    -0.03483671929
       -1.76922684,       3.745111722,    -0.03242892961,    -0.03460323599
      -1.786085816,       3.724801939,     -0.0346916546,    -0.03439606694
      -1.760497331,       3.755577923,    -0.03692088741,    -0.03418903663
      -1.765843896,       3.748720941,    -0.03910868702,    -0.03386184782
      -1.773635436,       3.740508543,    -0.04125690168,    -0.03330911041
      -1.805012613,       3.704426887,    -0.04334813426,    -0.03270952253
      -1.790517355,        3.72227642,    -0.04539879718,     -0.0320493114
      -1.773384331,       3.742718321,    -0.04741204472,     -0.0313640212
      -1.788787454,       3.726875898,    -0.04938572879,    -0.03072642751
      -1.804581989,       3.708266991,     -0.0513305554,    -0.03016753728
      -1.795409826,       3.720003364,    -0.05323966071,    -0.02960706875
      -1.766335947,       3.753319505,    -0.05509633979,    -0.02880390781
      -1.799946721,       3.715061205,    -0.05692335718,    -0.02800296121
      -1.808080722,       3.706502274,    -0.05869694535,     -0.0271110744
      -1.757513434,       3.765054955,    -0.06043869653,    -0.02621167035
      -1.793395023,       3.725824331,    -0.06214493775,    -0.02536517757
      -1.801486203,       3.716166921,    -0.06382220847,    -0.02462573015
      -1.782620138,       3.740755694,    -0.06547439769,    -0.02386116431
      -1.794125736,        3.72490211,    -0.06710446799,    -0.02302715378
      -1.807391844,       3.712100496,    -0.06871638222,    -0.02218094029
       -1.78718046,       3.735239768,    -0.07031240316,    -0.02125114594
       -1.80919676,       3.711041119,    -0.07189912345,    -0.02030284263
      -1.804763645,       3.715892391,    -0.07347949614,    -0.01947547187
      -1.747613039,       3.781412998,    -0.07504490925,    -0.01872030539
      -1.778654836,       3.746181493,    -0.07659435534,    -0.01799042795
      -1.777372563,       3.748244141,     -0.0781346061,     -0.0173877947
      -1.783508249,       3.743120689,    -0.07965477277,     -0.0168714417
      -1.816322586,       3.706424593,    -0.08116317902,    -0.01643018356
      -1.828806838,       3.692273157,    -0.08265776044,    -0.01590890883
      -1.769074784,       3.759346262,    -0.08414678079,    -0.01542249647
      -1.785664907,       3.741062788,    -0.08562883524,    -0.01493540222
      -1.808104115,       3.716992151,    -0.08711340338,    -0.01449645101
      -1.784261444,       3.744257789,    -0.08859467724,    -0.01412508464
      -1.773241329,       3.756576862,    -0.09007281623,    -0.01374126063
      -1.738898363,       3.793533915,    -0.09155465547,    -0.01338541823
      -1.782195884,       3.748295332,    -0.09304282044,    -0.01303923347
      -1.768895775,        3.76238023,    -0.09454208954,    -0.01283101697
      -1.783620839,       3.746194268,    -0.09606515535,    -0.01273918935
      -1.803930145,       3.725876649,    -0.09759525565,    -0.01259055625
      -1.770371229,       3.761646295,    -0.09912191545,    -0.01235425382
      -1.806899054,       3.722468543,     -0.1006370406,    -0.01207118005
      -1.789365167,        3.74233308,     -0.1021491941,    -0.01187322149
      -1.777683565,       3.753937113,     -0.1036604105,     -0.0116313619
      -1.793752487,       3.737281653,      -0.105176986,    -0.01136938026
      -1.768370601,       3.764624182,     -0.1066971944,    -0.01101976124
      -1.802778005,        3.72864052,     -0.1082257807,    -0.01050887285
      -1.779571572,       3.752992551,     -0.1097499266,   -0.009972027123
      -1.755842219,        3.77881454,     -0.1112690623,   -0.009417007642
      -1.770612049,       3.764352636,     -0.1127841643,   -0.008833969622
      -1.765328938,       3.769311281,     -0.1142903663,   -0.008214905533
      -1.756327975,       3.779515534,     -0.1157942131,   -0.007455834534
       -1.76391542,       3.770757724,      -0.117306496,    -0.00666769392
      -1.763811576,       3.771445401,     -0.1188155754,   -0.005669853824
       -1.77932752,       3.756842911,     -0.1203142919,   -0.004708271997
      -1.798740407,       3.735314047,     -0.1218095934,   -0.003654970971
      -1.812760275,       3.720753233,     -0.1232846795,    -0.00251634511
      -1.733325795,       3.802673028,      -0.124771373,   -0.001148929946
      -1.745001738,       3.791961209,      -0.126244137,   0.0004148351416
      -1.764112345,       3.771445589,     -0.1277343586,    0.002282768182
      -1.769052422,       3.766961965,      -0.129199061,    0.004381247084
       -1.78239293,       3.752826303,       -0.13064771,    0.006419381737
      -1.760438937,       3.774969027,     -0.1320836942,    0.008485666304
      -1.778073216,       3.757861872,     -0.1335138102,     0.01080915002
      -1.756316742,        3.77919694,     -0.1349226898,     0.01308627658
      -1.786920046,       3.746837481,     -0.1363361617,     0.01544176133
      -1.793356777,       3.740786979,     -0.1377401014,     0.01793632975
       -1.72248868,       3.812569514,     -0.1391469118,     0.02060500715
      -1.766885377,       3.766745492,     -0.1405300613,     0.02336376062
      -1.765395731,       3.768670453,     -0.1418977997,     0.02629002592
       -1.76479498,       3.770312263,     -0.1432427281,     0.02935565424
      -1.743106015,       3.790366549,     -0.1445572132,     0.03248466895
      -1.758401534,       3.775547921,     -0.1458429128,     0.03527383121
      -1.758991154,       3.772793214,     -0.1471037812,     0.03813183617
      -1.714206899,       3.820180863,     -0.1483799863,      0.0411907588
      -1.754879861,       3.777250187,     -0.1496180799,     0.04396144597
      -1.780349287,        3.74921774,     -0.1508252347,     0.04678361544
       -1.78434263,       3.744520945,     -0.1520293166,     0.04970590823
      -1.746122352,       3.784901109,     -0.1531481544,     0.05224705975
      -1.759696289,       3.771601715,     -0.1542529499,     0.05489403896
      -1.813065879,       3.712030867,     -0.1553356564,     0.05761689708
      -1.783844752,       3.743491118,     -0.1563742409,     0.06038943526
      -1.708289044,        3.82425888,     -0.1573444784,     0.06304674778
      -1.772540465,       3.753442946,     -0.1582742006,     0.06582396516
      -1.755599211,        3.77310796,     -0.1591560129,     0.06842598031
      -1.773981621,       3.754900367,     -0.1599696915,     0.07062909071
      -1.810119785,        3.71302799,     -0.1607776957,     0.07283503394
      -1.805909677,       3.715528021,     -0.1615015102,     0.07501851866
      -1.799506322,       3.723262183,     -0.1621066966,     0.07702320979
      -1.723180769,        3.80875782,      -0.162683719,     0.07858951248
       -1.74645751,       3.781730908,     -0.1632374745,      0.0801930984
      -1.754388925,       3.771188189,     -0.1637412324,     0.08161498394
       -1.76504694,       3.759932145,      -0.164176414,      0.0829059173
      -1.777758838,       3.747116316,       -0.16458013,      0.0844035543
      -1.732119132,       3.793971377,     -0.1649125637,     0.08589175768
      -1.766525725,       3.756930034,     -0.1651315312,     0.08715027168
      -1.752992749,       3.773836667,     -0.1653307018,      0.0886187823
      -1.762899048,       3.761443093,     -0.1654410917,     0.08988859662
      -1.763724856,       3.758816341,      -0.165550603,     0.09124685087
      -1.792370464,       3.727276517,     -0.1655458648,     0.09220480406
      -1.747998217,       3.773355627,     -0.1655483978,     0.09352566858
      -1.757526659,       3.761975005,     -0.1654336796,     0.09432932892
      -1.764669283,       3.756849579,     -0.1653151156,     0.09536054258
      -1.758616199,       3.762201451,     -0.1651044475,     0.09628209261
      -1.800823977,       3.709447753,     -0.1648862693,     0.09741807627
      -1.822697063,       3.683539516,     -0.1646216294,     0.09836697703
      -1.726512745,       3.795577289,     -0.1643084389,     0.09906038318
        -1.7878901,        3.72474766,      -0.163947571,     0.09973215585
      -1.755843937,       3.762690058,     -0.1636111944,      0.1007124022
      -1.763916307,       3.751277937,     -0.1632238685,      0.1015819413
      -1.799787346,       3.708734996,     -0.1628564052,      0.1028466312
       -1.74011795,       3.777137012,     -0.1624069292,      0.1038216431
      -1.746266048,        3.76837219,     -0.1619498343,      0.1048363186
      -1.783844375,       3.724707692,     -0.1614575519,      0.1058162822
      -1.772880357,       3.736876514,     -0.1610756637,      0.1074850547
      -1.780738095,       3.727640376,     -0.1605871587,      0.1087549822
      -1.796373237,       3.706437034,     -0.1600219869,      0.1097070819
      -1.749534705,        3.76372446,     -0.1594195783,      0.1104310456
      -1.783070178,       3.719215391,     -0.1588737844,      0.1115358718
      -1.807651382,       3.690946729,     -0.1582876009,      0.1124942477
      -1.794221899,       3.710637108,     -0.1576952698,      0.1135355004
      -1.765425474,       3.744367068,     -0.1571184988,      0.1145974733
      -1.781608108,       3.719708462,     -0.1565540712,      0.1157185227
       -1.82003605,       3.674497642,     -0.1559892528,      0.1168009897
      -1.753515656,       3.758080396,      -0.155439008,      0.1179159971
      -1.747637678,       3.763838453,     -0.1548710213,       0.118896542
      -1.741377796,       3.768349267,     -0.1543443878,      0.1200360816
      -1.813958819,         3.6794853,     -0.1538447698,      0.1211740192
      -1.825323338,       3.664654166,     -0.1533927616,       0.122385407
      -1.760007202,       3.744228592,     -0.1529316275,      0.1234461592
       -1.77580374,       3.726563137,     -0.1524836928,      0.1243011483
      -1.789373954,       3.709770681,     -0.1521291356,      0.1256354677
      -1.795326203,       3.707857127,     -0.1518180039,      0.1270114941
      -1.848176969,       3.638387472,     -0.1515606127,      0.1284445877
      -1.863288072,        3.61261781,     -0.1513150373,      0.1296649643
      -1.792446686,       3.704889573,     -0.1511202671,       0.130964259
      -1.768737924,         3.7380007,      -0.150950598,      0.1321250093
      -1.792303092,       3.709167939,     -0.1508006717,      0.1331876697
      -1.817244479,       3.679837464,     -0.1506481633,      0.1338351399
      -1.798283547,       3.702119533,     -0.1505402723,      0.1346358399
      -1.786019569,       3.718349974,     -0.1504396273,      0.1352859276
      -1.775035628,       3.732016419,     -0.1503748175,      0.1360495394
      -1.820081787,       3.678159078,     -0.1504358342,      0.1375130323
      -1.805752219,       3.694724472,     -0.1504851698,      0.1388025801
      -1.817097833,       3.683807411,     -0.1505027669,      0.1398890527
      -1.783572448,       3.722382394,     -0.1506187797,      0.1410966276
      -1.788583374,       3.716339673,     -0.1506953914,      0.1421421257
      -1.797193686,       3.707008732,     -0.1508528424,      0.1432879178
       -1.82385991,       3.675829365,     -0.1509880354,       0.144026916
      -1.827382556,       3.669323757,     -0.1511297066,      0.1444472737
      -1.774510348,       3.734713879,     -0.1512559735,      0.1447409537
      -1.830043314,        3.66337647,     -0.1514471026,      0.1451535844
      -1.800167888,       3.704904675,     -0.1516305319,       0.145736065
      -1.896114153,        3.58373392,     -0.1518116915,      0.1462890728
      -1.884843429,       3.597299544,     -0.1519911199,      0.1467975851
      -1.908517791,       3.563382107,     -0.1522185345,      0.1474400229
      -1.824026722,       3.677342986,     -0.1524019325,      0.1476375403
      -1.834354545,       3.666707662,     -0.1526348674,      0.1480880459
      -1.890286216,       3.592728701,      -0.152901584,      0.1487009039
       -1.93200069,       3.534416756,     -0.1531646274,      0.1492721708
      -1.949975541,       3.511846715,     -0.1534382411,        0.15003486
      -1.894478979,       3.587878405,     -0.1537124756,      0.1511496397
      -1.869351092,       3.621449618,     -0.1539475436,      0.1520003858
      -1.895891617,       3.586983117,      -0.154259044,      0.1532512411
       -1.95261887,       3.509056758,     -0.1544986172,      0.1543220271
       -1.91341922,       3.566319065,     -0.1547485715,      0.1555014452
      -1.878618474,       3.618919185,     -0.1549775808,      0.1564185261
      -1.900848804,       3.595630669,     -0.1552416394,      0.1576293683
      -1.861669858,       3.640380875,     -0.1554755115,      0.1588911776
        -1.8471541,       3.661535218,     -0.1557471792,      0.1600406256
      -1.894381808,       3.602277236,     -0.1560042731,      0.1610959067
       -1.89604691,       3.601660665,     -0.1562975218,       0.162318347
      -1.871280872,       3.631934199,     -0.1565706276,      0.1636228785
      -1.847271295,       3.661724775,     -0.1568795398,      0.1651649801
      -1.884564439,       3.617691464,     -0.1571068015,      0.1666767402
      -1.888133331,       3.615437626,     -0.1572943529,      0.1680884956
      -1.863872792,       3.640526099,     -0.1574542515,      0.1697195433
      -1.843524777,       3.666111345,     -0.1575908562,      0.1716054729
      -1.889550542,       3.615984427,     -0.1577186597,      0.1736000722
      -1.877999306,        3.62837237,     -0.1578014423,      0.1758495158
      -1.868492128,       3.639811555,     -0.1578681871,      0.1783229667
      -1.839547113,       3.674694858,       -0.15789283,      0.1809400939
      -1.840541946,       3.672954547,     -0.1578623537,      0.1835598103
      -1.853932544,       3.659330116,     -0.1577955233,      0.1863131036
      -1.877144561,       3.629288729,     -0.1576673532,      0.1891587729
      -1.854682269,       3.657893802,     -0.1575142253,      0.1920751049
      -1.857139147,       3.656038228,     -0.1572855656,      0.1948191001
      -1.857599891,       3.654056912,     -0.1569713901,      0.1971458782
      -1.852328422,       3.660670953,     -0.1565999743,      0.1997217016
      -1.842319641,       3.673717286,     -0.1561692228,      0.2023167708
      -1.840572272,       3.679007201,     -0.1556624887,      0.2048269564
      -1.861023545,        3.65332863,     -0.1550718569,      0.2072141815
      -1.874722149,       3.641714343,     -0.1544081268,      0.2095078059
      -1.826286695,       3.694684167,     -0.1536619062,      0.2117856568
      -1.816925784,       3.708573838,     -0.1528304653,      0.2139922343
      -1.841104627,        3.67819797,     -0.1519247239,      0.2161428559
      -1.812716005,       3.712593499,     -0.1508997996,      0.2180790066
      -1.797507566,       3.727901562,      -0.149776811,      0.2199889104
      -1.821855921,       3.703668453,     -0.1485612052,      0.2218879031
      -1.830453993,       3.692645466,     -0.1472521655,      0.2238352672
      -1.860465374,       3.660942384,     -0.1458522662,      0.2257844833
      -1.816804321,       3.708674232,     -0.1443673955,      0.2275848735
      -1.850569172,       3.674963437,     -0.1428032473,      0.2291662629
      -1.830864136,       3.692541459,     -0.1411501506,      0.2306773759
      -1.823131617,       3.702478429,     -0.1394353488,      0.2320598897
      -1.826407322,       3.697362244,     -0.1376485561,      0.2332833098
      -1.839983791,       3.686843337,     -0.1358006697,      0.2342443005
      -1.832637993,       3.694640268,     -0.1338940256,      0.2351059652
      -1.854729066,       3.671385922,     -0.1319207056,      0.2356823225
       -1.82707683,       3.699084993,     -0.1299263665,      0.2361281851
      -1.843610389,       3.683660837,     -0.1278768196,      0.2364919682
      -1.830076035,       3.696139439,     -0.1257695875,       0.236767523
      -1.819779246,       3.710416536,      -0.123633871,      0.2367913092
      -1.788901704,       3.741301642,     -0.1214332413,      0.2365862974
       -1.80702562,       3.723213353,     -0.1192046202,      0.2363719737
      -1.822972719,       3.705720748,     -0.1169292126,      0.2361037609
      -1.840370695,       3.687739668,     -0.1146214135,      0.2358631877
      -1.833258781,       3.694925922,     -0.1122680397,      0.2363502882
      -1.837962965,       3.693809511,     -0.1099366201,      0.2368445059
      -1.853271832,       3.674492997,     -0.1076057975,      0.2374579704
      -1.873654878,       3.650599197,     -0.1053102303,      0.2374682113
      -1.822200026,       3.708362984,     -0.1030349023,      0.2380797556
      -1.816029805,       3.719758052,     -0.1008000196,      0.2385755708
      -1.832351751,       3.699372252,    -0.09861664007,      0.2384804011
      -1.859539678,       3.664313709,    -0.09648197378,      0.2383289989
      -1.819146292,       3.709505494,    -0.09439772843,      0.2382019859
      -1.787127854,       3.751950263,     -0.0923565119,      0.2381637556
      -1.826870608,       3.704461061,    -0.09036933458,       0.238274739
      -1.832644807,       3.694029866,    -0.08840823823,       0.238288458
      -1.843060667,       3.684307572,    -0.08653102373,      0.2382456839
      -1.779080512,       3.763278412,    -0.08467898295,      0.2386105931
      -1.849729081,       3.681425336,    -0.08290212627,      0.2386425222
      -1.821889309,       3.701426775,     -0.0810893433,       0.237651057
      -1.825275703,        3.70467837,    -0.07930624269,      0.2365281727
      -1.802716521,       3.735630227,    -0.07753475911,      0.2352567641
      -1.843784441,       3.685410806,    -0.07575867298,      0.2346254879
      -1.847966878,       3.677649892,    -0.07397510731,      0.2342061742
      -1.831942283,       3.696475585,    -0.07217402544,      0.2341624805
      -1.804469462,       3.737033448,    -0.07034054365,      0.2343678951
      -1.849810632,       3.682812594,    -0.06843546916,       0.234660938
      -1.881622048,       3.644218421,    -0.06649770821,      0.2352701857
      -1.820534695,       3.711010498,    -0.06439403048,      0.2357423181
       -1.81315576,         3.7288837,    -0.06221392754,      0.2364809393
      -1.853101685,        3.67843319,     -0.0598857759,      0.2372965674
      -1.847814419,       3.679251512,    -0.05735701491,      0.2378921193
      -1.818553604,       3.713798225,    -0.05464180282,      0.2382717509
      -1.818827721,       3.722119849,     -0.0517266643,      0.2385011137
       -1.85664544,       3.676246972,    -0.04859026485,       0.238422424
      -1.892772916,       3.628599544,    -0.04523499976,      0.2381223937
      -1.839585716,       3.691505515,    -0.04161272234,      0.2374703215
      -1.845826703,        3.69669774,    -0.03777747536,      0.2367080603
       -1.85714959,       3.675372539,    -0.03376510259,      0.2355630606
      -1.864190416,       3.665034935,    -0.02952562763,      0.2342359763
      -1.831621553,       3.700433132,    -0.02505549548,      0.2327297764
      -1.845207522,       3.693849745,    -0.02035394247,       0.231044306
      -1.875229044,       3.657768726,     -0.0154277091,      0.2289922228
      -1.866306374,       3.658819764,    -0.01025545107,      0.2266578255
      -1.832703008,       3.699475061,   -0.004880092052,      0.2242863672
      -1.829369341,       3.711957705,   0.0007319624902,        0.22160297
      -1.865557367,       3.668709036,    0.006555689131,      0.2187063691
      -1.899478931,         3.6270075,     0.01258158393,      0.2155101561
      -1.863714166,       3.666903669,     0.01879862576,      0.2119568798
       -1.87364384,       3.664432847,     0.02518798378,      0.2081859548
      -1.861266702,       3.672608159,      0.0317641039,      0.2040624965
      -1.867971471,       3.659762726,      0.0384855474,      0.1996098753
      -1.851494442,       3.678541865,     0.04531802444,      0.1948414175
      -1.850139099,       3.687646489,      0.0522474197,      0.1896629941
      -1.886272519,        3.64766358,     0.05926231158,      0.1841154609
      -1.888463707,       3.640506951,     0.06630946344,      0.1783403833
      -1.872800672,       3.656059464,     0.07337028704,      0.1722414914
      -1.875076929,       3.661603168,     0.08038843853,      0.1661235049
      -1.893979576,       3.635934995,     0.08735205027,      0.1597360403
      -1.893122103,       3.638515267,     0.09424044258,      0.1530433842
      -1.865727832,       3.661509622,       0.101016213,      0.1462362119
       -1.85031537,       3.688058839,      0.1076563952,      0.1393346602
      -1.888972346,       3.642356715,      0.1141400035,      0.1323912449
      -1.900878895,       3.620760271,      0.1204574873,      0.1253952246
      -1.884453617,       3.639626631,      0.1265493235,      0.1184071566
      -1.900424218,       3.624056165,      0.1324182323,      0.1114291466
      -1.849540561,        3.68833741,       0.138055722,      0.1042512747
      -1.854175818,       3.682677696,      0.1434443271,     0.09714127716
      -1.885261655,        3.63255137,      0.1485760908,     0.09017943197
      -1.828361717,       3.711091504,      0.1534347395,     0.08329380151
      -1.841460225,       3.697451891,      0.1580199861,     0.07642548408
      -1.911536209,       3.601000241,      0.1623363075,     0.06981009704
      -1.826596406,       3.713086598,      0.1663759849,     0.06327858238
      -1.859854478,       3.679731707,      0.1701356222,     0.05687925897
      -1.936991822,       3.573116715,      0.1736114495,     0.05075757141
      -1.862734945,        3.67717118,      0.1768067071,     0.04483971771
      -1.831971459,       3.707528449,      0.1797303027,     0.03911486586
      -1.908551786,       3.606269447,      0.1823824761,      0.0334537404
      -1.861910069,       3.680085371,      0.1847793482,     0.02783674217
      -1.844618307,       3.694721386,      0.1869205407,     0.02215222278
      -1.891430372,       3.628889386,       0.188820619,     0.01675808939
      -1.883385153,       3.658496397,      0.1905062283,     0.01145756475
      -1.914671573,       3.622458758,      0.1920017193,    0.006255807985
      -1.977202529,       3.532953636,      0.1933023408,    0.001182915706
      -1.853648741,       3.690020244,      0.1944501498,   -0.003778497172
      -1.840063726,        3.70076105,      0.1954489776,   -0.008541499153
      -1.926573373,       3.590116585,      0.1963212483,    -0.01308074757
      -1.885369152,       3.654824894,      0.1970785378,    -0.01744063543
      -1.836134015,       3.703083361,      0.1977490804,    -0.02169630122
      -1.937388398,       3.576394587,      0.1983500323,    -0.02587258094
      -1.903999275,       3.628663912,      0.1988921512,    -0.03001037588
      -1.859791623,       3.677837108,      0.1993744009,    -0.03397821381
      -1.838611982,       3.698216049,      0.1997944791,    -0.03774493028
       -1.89239158,       3.632928793,       0.200179851,    -0.04141365951
      -1.950986238,       3.555462898,      0.2005293041,    -0.04497267924
      -1.913895054,       3.624127603,      0.2008659071,    -0.04856130688
      -1.836207697,       3.703700639,      0.2011737623,    -0.05214044873
      -1.863199134,       3.670792597,      0.2014723054,    -0.05566547805
      -1.881832254,       3.645943765,      0.2017687028,    -0.05912467484
      -1.948603154,       3.559124654,      0.2020721637,    -0.06260890186
      -1.835962477,       3.708332341,      0.2023834257,    -0.06604844882
       -1.87790803,        3.65046365,      0.2027120024,    -0.06951056794
      -1.896776424,       3.635893796,      0.2030659547,    -0.07296005918
      -1.904792826,       3.623767632,      0.2034498148,    -0.07649255105
      -1.924992533,       3.588159418,       0.203843555,    -0.07992354646
      -1.930749006,       3.586405171,      0.2042535232,    -0.08346327391
      -1.934960171,       3.578277316,      0.2046731666,    -0.08686376433
      -1.834675023,       3.714002662,      0.2051061226,     -0.0902740962
      -1.844326657,       3.691505488,       0.205564698,    -0.09369425279
      -1.857136494,       3.674426667,      0.2060610869,    -0.09717153838
      -1.893404481,       3.632824145,      0.2065603162,     -0.1005285233
      -1.899551352,       3.632168828,      0.2070833187,     -0.1038412226
      -1.887457711,       3.644541963,       0.207628786,     -0.1070824426
      -1.896025472,       3.629372195,      0.2081885568,     -0.1103319973
      -1.918898669,       3.605906504,      0.2087521026,     -0.1135038424
      -1.889422275,       3.645158196,      0.2093311099,     -0.1167854316
      -1.861273999,       3.671962841,      0.2099261095,     -0.1202360487
      -1.905419013,       3.620506881,       0.210523737,      -0.123789006
      -1.873724658,       3.657857134,      0.2111380509,      -0.127293484
      -1.868258673,       3.666522447,      0.2117629823,     -0.1307493879
      -1.868858242,       3.663438667,      0.2123886718,     -0.1342054112
       -1.89625493,       3.632851829,      0.2129944593,     -0.1377009497
      -1.906770063,       3.622944177,      0.2135387656,     -0.1411375723
      -1.926214498,       3.605597466,      0.2140399955,     -0.1446649686
      -1.890099089,       3.644768863,      0.2145133287,     -0.1484436478
      -1.892072204,        3.63906879,       0.214969231,     -0.1522874957
      -1.909178573,       3.621158172,      0.2154061537,     -0.1561327619
       -1.91190639,       3.621512252,       0.215818843,     -0.1600749805
       -1.90085186,        3.63306854,      0.2162163574,      -0.163976124
      -1.927932431,        3.60401246,      0.2166032068,     -0.1680616991
      -1.878698783,         3.6569716,      0.2169447464,      -0.172081869
      -1.890145497,       3.643049359,      0.2172822697,     -0.1760859026
      -1.838646164,       3.697894758,      0.2175864859,     -0.1800033098
      -1.865685754,       3.669226132,      0.2178758866,     -0.1839884537
      -1.894923802,       3.639126887,      0.2181327727,      -0.187999821
      -1.872366941,       3.662282515,      0.2183649502,     -0.1919862099
      -1.870760646,       3.666609801,      0.2185855227,     -0.1961073103
      -1.886238453,       3.648274387,      0.2187746632,     -0.2001898757
      -1.916754809,       3.616326252,      0.2189329823,     -0.2043478027
      -1.897788412,       3.637693342,      0.2190247649,     -0.2083085661
      -1.873586435,       3.662644725,      0.2190564749,     -0.2122720605
      -1.916456161,       3.617152574,      0.2190356558,     -0.2163501846
      -1.899318731,       3.637438742,      0.2189598469,     -0.2204393747
      -1.929987929,       3.603362191,      0.2188312569,     -0.2246397926
      -1.905261678,       3.628899615,       0.218661233,       -0.22869678
      -1.871100643,       3.665279558,      0.2184461721,     -0.2326919656
      -1.881570486,       3.654426281,      0.2181587631,     -0.2367077924
      -1.893786378,       3.641782567,      0.2178164888,     -0.2405483923
      -1.895645127,       3.642346248,      0.2174232685,     -0.2443899513
      -1.932114847,       3.602007964,      0.2169756547,     -0.2481551109
      -1.874013206,       3.662241221,       0.216485015,     -0.2519006438
      -1.893981647,       3.643127502,      0.2159061428,     -0.2554336767
      -1.919146561,       3.616717016,      0.2152636347,     -0.2589818044
      -1.883998174,       3.651977221,      0.2145518709,     -0.2624731792
      -1.852239288,       3.686954884,      0.2137846212,     -0.2657041628
      -1.945881372,       3.588058508,      0.2129484279,     -0.2686639334
      -1.950272755,       3.584018321,       0.212069343,     -0.2714515699
      -1.894008773,       3.642807171,      0.2110900425,     -0.2739830866
      -1.910840835,       3.624693779,       0.210030972,     -0.2763364217
       -1.91977267,       3.615702684,      0.2089307254,     -0.2785557165
      -1.878322404,       3.661310972,      0.2077840065,     -0.2806464143
      -1.892339585,       3.643202736,      0.2065757688,     -0.2825156206
       -1.89517942,       3.639656083,      0.2053223303,      -0.284301983
      -1.909759494,       3.626085773,      0.2040155402,     -0.2859703273
      -1.924510423,       3.610619096,      0.2026368611,       -0.28732945
      -1.910771751,        3.62422415,      0.2012216829,      -0.288657342
      -1.912162128,       3.627168604,      0.1997610222,     -0.2897556745
      -1.906024671,       3.630696822,      0.1982375784,     -0.2906316092
      -1.881795604,       3.655963736,      0.1966622702,     -0.2914068012
      -1.917348024,       3.622549767,      0.1950621794,     -0.2920312731
      -1.913009331,       3.626612068,      0.1934089874,     -0.2925435109
      -1.940537144,       3.595070378,      0.1917296658,      -0.292945425
      -1.902761717,       3.640802285,      0.1900239173,     -0.2929864716
      -1.886141282,       3.655158134,      0.1882797408,     -0.2929082775
      -1.887948409,       3.650884349,      0.1864496977,     -0.2925567104
      -1.895969675,       3.646828238,      0.1845328969,     -0.2919312444
      -1.927361282,       3.615883946,       0.182542427,     -0.2912738823
      -1.977675508,       3.559769761,      0.1804621252,     -0.2904153556
       -1.88432242,       3.661916465,      0.1783168945,     -0.2895730479
      -1.870137852,        3.67264284,      0.1760885093,     -0.2884714847
      -1.901776435,       3.638313462,      0.1737776364,     -0.2871455043
      -1.890267983,        3.65425252,      0.1713874845,      -0.285644664
      -1.884856147,       3.662754792,      0.1689335639,     -0.2839042943
      -1.949427518,       3.593433338,      0.1664188793,     -0.2819645914
      -1.864931692,         3.6840659,       0.163865189,     -0.2799764539
      -1.859775111,       3.686562627,      0.1612653023,     -0.2776227875
      -1.842538492,       3.704659598,      0.1586186219,     -0.2750727204
      -1.889758073,       3.659397829,      0.1559186741,     -0.2725599459
      -1.885760342,       3.666318254,      0.1531629503,     -0.2701252787
      -1.910583449,       3.637074335,      0.1503461579,     -0.2675477166
      -1.849183102,       3.704271959,      0.1474765795,     -0.2645358102
      -1.870996283,       3.676315175,      0.1445367956,     -0.2616030675
      -1.954167345,       3.592336422,      0.1415452075,     -0.2586059289
      -1.875424174,       3.673602945,      0.1385021717,     -0.2555214918
      -1.878496825,       3.671460813,      0.1354002575,     -0.2523699149
       -1.86893845,       3.678471646,      0.1322202322,     -0.2492020247
       -1.84189497,       3.709488013,      0.1289890107,      -0.245915648
      -1.869907287,        3.67987836,       0.125718418,     -0.2424786576
      -1.910902838,       3.637009909,      0.1224084037,     -0.2389381719
      -1.851998254,       3.697901289,      0.1190470496,     -0.2355241675
      -1.882914077,       3.667728925,      0.1156351955,     -0.2319354254
      -1.915407051,       3.632871839,      0.1121843307,     -0.2284830668
      -1.888820729,       3.664656514,      0.1086684683,     -0.2249700784
      -1.842802936,       3.707093034,       0.105105998,     -0.2212599198
      -1.912805665,       3.634379038,      0.1014611583,     -0.2175959452
      -1.910764384,       3.639873158,     0.09780137219,     -0.2142333792
      -1.897826007,       3.653455095,     0.09411326202,     -0.2104575704
      -1.895784528,       3.653357582,     0.09039568066,     -0.2067996953
      -1.874586298,       3.675225353,     0.08663809362,      -0.202930426
      -1.890214575,       3.662794286,     0.08287288179,     -0.1989490791
      -1.928335213,       3.625968049,     0.07906079078,     -0.1949567835
      -1.938713795,       3.614840483,     0.07524560685,     -0.1910763383
      -1.866549335,       3.684122945,      0.0714092234,     -0.1870659602
      -1.861787755,       3.690983976,     0.06755751198,     -0.1832359912
      -1.872788713,       3.682402776,     0.06368806859,     -0.1795469439
      -1.892002101,       3.659155023,     0.05982033092,       -0.17588037
      -1.877231354,       3.674738857,     0.05593950499,     -0.1723309047
      -1.845236854,       3.708476964,     0.05205877082,     -0.1686031811
      -1.888809531,       3.666395291,     0.04816097625,     -0.1647702039
      -1.908037998,        3.64573362,     0.04425108224,     -0.1609741529
      -1.843692423,       3.708724366,      0.0403266324,     -0.1572531535
      -1.897981807,       3.656352847,     0.03640229587,     -0.1537091145
      -1.922514969,       3.632788962,     0.03245661499,     -0.1501988555
      -1.876746542,       3.676418567,     0.02850091328,     -0.1464856584
      -1.849131382,       3.704013326,     0.02453631412,     -0.1427609648
      -1.883117682,       3.673067631,     0.02060288697,     -0.1394526962
      -1.904717224,       3.651814081,     0.01666420375,     -0.1360849649
      -1.894360926,        3.66289284,     0.01272280851,     -0.1325238153
      -1.835563739,       3.718234591,     0.00878165727,     -0.1288757647
      -1.863528443,       3.695738714,    0.004859359065,     -0.1251668655
      -1.898705589,       3.662823791,   0.0009419689321,     -0.1212416915
      -1.861025342,        3.69827596,   -0.002971866023,     -0.1171707574
      -1.845236776,       3.715245651,   -0.006872507447,     -0.1130976256
      -1.875073573,       3.686947848,    -0.01075417549,     -0.1092196574
      -1.861871374,       3.698775935,    -0.01462648135,     -0.1052968037
      -1.870988137,       3.689953709,    -0.01848544497,     -0.1013357889
      -1.840524824,       3.719548695,    -0.02232235323,    -0.09762334703
      -1.830395937,        3.72835674,    -0.02613142829,     -0.0938831866
      -1.819412027,       3.743852521,    -0.02992214023,    -0.09015843904
      -1.826974174,       3.737112839,    -0.03368225973,    -0.08644067915
      -1.843649294,       3.719072932,    -0.03741114409,    -0.08263274343
      -1.882084247,       3.680898718,    -0.04111100487,    -0.07868921501
      -1.879236324,       3.684137477,    -0.04477627976,    -0.07459640238
       -1.84658735,       3.716885167,    -0.04840745647,     -0.0705154785
      -1.812620423,       3.750588169,    -0.05199215669,    -0.06648801251
      -1.834357978,       3.729434622,    -0.05553004363,    -0.06270195456
       -1.86107535,        3.70125588,    -0.05900875775,    -0.05875440444
      -1.852542052,         3.7085321,    -0.06240817681,    -0.05486235658
      -1.813839336,       3.746731789,     -0.0657656004,    -0.05066330187
      -1.861203358,       3.702231375,    -0.06903825404,    -0.04667628386
      -1.863933486,       3.694966482,    -0.07225063559,    -0.04278561762
      -1.893878714,       3.666998966,    -0.07538725566,    -0.03892615593
       -1.90958959,       3.650673898,    -0.07844935459,    -0.03515154882
      -1.858961941,       3.699126934,    -0.08144760131,    -0.03136052884
      -1.810336491,       3.748260811,    -0.08435938665,    -0.02754825656
      -1.818817064,       3.742632883,    -0.08717450542,    -0.02362160049
      -1.864418536,        3.69561586,    -0.08991914311,    -0.01962933882
      -1.925627854,       3.636682963,    -0.09258964376,    -0.01554399111
      -1.874821492,       3.682282644,    -0.09516916012,    -0.01158114895
      -1.862890157,       3.694193671,    -0.09764290261,   -0.007853933343
      -1.886369754,       3.673384876,     -0.1000372315,   -0.004264029873
      -1.866229237,       3.689393994,      -0.102365246,  -0.0006288406077
      -1.854821774,       3.698808334,     -0.1045553767,    0.002854214759
      -1.861779974,       3.698666977,       -0.10664818,    0.006420426252
      -1.887165963,       3.669955368,     -0.1086437026,     0.01004474639
      -1.904270824,       3.651795242,     -0.1105224245,     0.01372324455
      -1.846824199,       3.706107455,     -0.1122941699,     0.01743320116
      -1.903929201,       3.650426672,     -0.1139805469,     0.02128094623
      -1.916139082,       3.637506569,     -0.1155289161,     0.02493659254
      -1.860339091,       3.692139885,     -0.1169591954,     0.02855039127
      -1.838028887,         3.7138035,     -0.1182537839,     0.03215029351
      -1.903277477,       3.648693506,     -0.1194104504,     0.03566868531
      -1.915983534,       3.635595741,     -0.1204298856,     0.03917804946
      -1.924362716,        3.62784244,     -0.1213245699,     0.04248432047
      -1.864965047,       3.685024909,     -0.1220735984,      0.0457382464
      -1.901553679,       3.648432406,     -0.1227028653,     0.04894733913
      -1.924160526,       3.625966923,     -0.1231829382,     0.05219016512
       -1.88826718,       3.663531382,      -0.123534004,     0.05533258618
       -1.92209979,       3.627869515,     -0.1237286442,     0.05849949121
      -1.896231929,       3.652219101,     -0.1238086882,     0.06167329041
      -1.867980078,       3.679810626,     -0.1237547287,     0.06475825659
      -1.923876332,       3.625304122,      -0.123580796,      0.0678289155
      -1.899255335,       3.648744387,       -0.12326032,     0.07083447049
      -1.912174878,       3.634506763,     -0.1228295279,     0.07378674147
      -1.877176004,       3.670960576,      -0.122257954,     0.07657512654
      -1.897941542,       3.648562559,     -0.1215737714,       0.079362734
      -1.907796232,       3.638398823,     -0.1207620218,     0.08201776791
      -1.893592549,       3.652039601,     -0.1198332486,     0.08460382391
      -1.865753538,       3.682003191,     -0.1187776464,     0.08707493805
      -1.907454136,       3.641474078,     -0.1176114653,     0.08944419053
      -1.891384046,       3.653606716,     -0.1163241281,     0.09174352636
      -1.921122925,       3.623462341,     -0.1149417015,      0.0939524778
      -1.887414269,       3.659629018,     -0.1134559433,     0.09599211492
      -1.858342731,       3.686806838,     -0.1118658449,     0.09796874145
      -1.876082764,       3.668865973,     -0.1101883368,     0.09971714139
      -1.880585249,       3.662964266,     -0.1084305767,      0.1012569606
      -1.854457079,       3.691601218,        -0.1065968,      0.1026662123
      -1.932900105,       3.611917138,     -0.1046792683,      0.1040139046
      -1.903136582,       3.640042826,     -0.1026743932,      0.1052814885
      -1.893366969,       3.650042883,     -0.1005983922,      0.1063889301
      -1.858085672,       3.687292737,    -0.09845556635,       0.107389294
      -1.874289685,       3.670328826,    -0.09625340261,      0.1083496516
      -1.889659755,       3.653367315,    -0.09400505665,      0.1091044727
      -1.878520922,       3.664476608,    -0.09170621443,      0.1096601413
       -1.84687032,       3.698096698,    -0.08936590935,      0.1100245889
      -1.901900452,       3.642123493,    -0.08698547321,      0.1102725911
       -1.88727516,        3.65554571,    -0.08457469801,      0.1103098794
      -1.909842907,       3.632877633,    -0.08213740747,      0.1101640698
       -1.90380269,       3.640825023,    -0.07968718577,      0.1099052313
      -1.854547508,       3.688261224,    -0.07721065293,      0.1096385959
      -1.825829619,       3.718544862,    -0.07473111137,      0.1092923852
      -1.864318337,       3.678339142,    -0.07224038027,      0.1088756501
      -1.880029529,       3.663890873,    -0.06974844334,      0.1083986764
      -1.925628374,       3.617846901,    -0.06726347715,      0.1077932396
       -1.88364947,       3.660517081,    -0.06478485857,      0.1071552585
      -1.902865214,       3.641029854,    -0.06232299975,      0.1064247002
      -1.889164149,       3.653523261,    -0.05987277309,      0.1056448452
      -1.864673073,       3.679123782,    -0.05743574212,      0.1048010085
       -1.85349992,       3.689247038,    -0.05500828083,      0.1040068822
      -1.857804785,       3.685000528,    -0.05262853878,      0.1030493173
      -1.849555751,       3.693473213,    -0.05028447831,      0.1022567841
      -1.898394005,       3.646117372,    -0.04798365559,      0.1013660254
      -1.900384671,       3.645475444,    -0.04571094514,      0.1005287744
      -1.876630765,       3.667682613,    -0.04347420345,     0.09971654678
      -1.828374041,       3.716508739,    -0.04127934579,     0.09894998274
      -1.876821305,       3.667780266,    -0.03915429937,     0.09808715499
      -1.864013681,       3.680592467,    -0.03706804861,     0.09721296177
      -1.852587787,       3.692623503,     -0.0350519046,     0.09630209474
       -1.83175355,       3.713774218,    -0.03306962642,     0.09543608498
      -1.872639451,       3.674967575,    -0.03115658461,     0.09454992103
      -1.875723609,       3.669714644,     -0.0292912892,     0.09368615438
      -1.828680917,       3.719323689,    -0.02749919801,     0.09280663267
      -1.812779816,       3.734987492,    -0.02575824798,      0.0919098004
      -1.847009015,        3.70207687,    -0.02408782789,     0.09102207412
      -1.857494562,       3.689894084,     -0.0224636665,     0.09016731934
      -1.910881731,       3.639916136,    -0.02088069333,     0.08952460687
      -1.893725193,       3.656423938,    -0.01935957457,     0.08882844949
      -1.877907509,       3.673179264,    -0.01791344471,     0.08820996874
      -1.871556662,       3.677690364,    -0.01653676338,     0.08750162705
      -1.872227521,       3.679959668,    -0.01522310756,     0.08694939211
       -1.82209927,       3.726348829,    -0.01398319805,     0.08627642144
      -1.878003834,       3.673125112,    -0.01281603848,     0.08566578547
       -1.88933067,       3.660492488,    -0.01172187014,     0.08506225524
       -1.85277951,       3.698646394,    -0.01069796168,      0.0845108062
      -1.832815238,       3.717050546,   -0.009731578547,     0.08396240166
      -1.880451449,       3.672833084,   -0.008828202703,     0.08347210997
      -1.882081022,       3.667816015,   -0.007979222782,     0.08315033902
      -1.882016109,       3.672329208,   -0.007186288467,     0.08284564685
      -1.832615922,       3.717413266,   -0.006441351904,      0.0825075669
      -1.835150436,       3.716168698,   -0.005746304679,     0.08230598017
      -1.834782767,        3.71622458,    -0.00510865875,     0.08220851015
      -1.843568511,       3.710817807,   -0.004520861868,      0.0823754147
      -1.820327039,        3.73059375,   -0.003973049934,     0.08258360739
      -1.904652156,       3.649342198,   -0.003513527997,     0.08287786133
      -1.881535001,       3.669889401,   -0.003064548104,     0.08323721823
      -1.856591841,       3.698823747,   -0.002692888606,      0.0836411364
      -1.839324832,       3.712363692,   -0.002353442739,     0.08403103878
       -1.84783936,       3.702826438,   -0.002095266171,     0.08451994991
      -1.854364335,       3.696680588,   -0.001892143022,     0.08516162545
      -1.841511191,       3.713340235,   -0.001735567685,     0.08590134462
      -1.823821643,       3.727819013,   -0.001635132506,     0.08672261553
      -1.914543378,       3.636833956,     -0.0015738796,     0.08760162075
      -1.896933618,       3.655215788,   -0.001595625912,     0.08846629268
      -1.833833161,       3.722754025,   -0.001652067952,      0.0893009426
      -1.825341382,       3.727354489,   -0.001726312939,     0.09011091878
      -1.867835517,       3.679471905,   -0.001842162001,     0.09108580772
      -1.847083101,       3.702356833,   -0.002012765932,      0.0920718485
      -1.799043627,       3.758454867,   -0.002224165794,     0.09329212734
      -1.802601356,       3.750557844,     -0.0024924423,     0.09448415747
       -1.88182134,       3.664276218,   -0.002809037389,     0.09583746762
       -1.90554643,       3.644872361,   -0.003165149511,     0.09732454097
       -1.83147387,       3.728948612,   -0.003572909623,     0.09898590129
      -1.843146505,       3.710233036,   -0.004029956046,      0.1007471698
       -1.87537119,       3.673868331,   -0.004525045484,      0.1025601114
      -1.850625909,       3.699649259,   -0.005078890198,      0.1044461911
      -1.812162695,        3.74438311,   -0.005653044391,      0.1063470447
       -1.81308962,       3.739529583,   -0.006293160428,      0.1084024626
      -1.840422659,       3.704300944,   -0.006956113174,      0.1104782721
      -1.860153154,       3.686999689,   -0.007666261862,       0.112842786
      -1.802871059,       3.756345054,   -0.008389690736,      0.1151893084
      -1.820290829,        3.73159211,   -0.009143812824,        0.11749524
      -1.869977484,       3.679577714,   -0.009956471347,      0.1200665607
      -1.881742428,       3.666761177,    -0.01074198857,      0.1223342378
      -1.853684153,       3.705874138,    -0.01157809073,      0.1247812655
      -1.825253742,       3.728251078,    -0.01242516921,      0.1272936703
      -1.862934227,       3.684563463,    -0.01332294704,      0.1300408179
       -1.88056255,       3.670503705,    -0.01416922276,      0.1325214772
      -1.851519343,       3.702716645,    -0.01502170902,       0.135047631
       -1.85221922,       3.697158971,    -0.01591825233,       0.137761124
       -1.85684412,       3.699717629,    -0.01677271562,       0.140372402
      -1.873397214,       3.681380656,    -0.01765826669,      0.1432076722
       -1.87902011,        3.66393338,    -0.01854534387,      0.1461890144
      -1.810103091,       3.743282674,     -0.0194226399,      0.1492067285
      -1.863089366,       3.685789706,    -0.02032975261,       0.152338267
      -1.868919913,       3.677957551,    -0.02120298471,      0.1553773092
      -1.834000508,        3.71614391,    -0.02209862337,      0.1585790092
      -1.814786276,       3.733412886,    -0.02292741809,      0.1613092177
      -1.816802558,       3.741922676,    -0.02372657793,      0.1638048305
      -1.840086054,       3.711611562,    -0.02452729781,      0.1662639978
      -1.830041787,       3.718768666,    -0.02532582005,      0.1687875088
      -1.797392528,       3.755355878,    -0.02608759212,      0.1712332302
      -1.832831377,       3.720245246,    -0.02686842891,      0.1737422001
      -1.804867533,       3.744538881,    -0.02760413952,      0.1762237708
      -1.826697382,       3.718029967,    -0.02833763522,      0.1789226117
      -1.813501863,       3.735671189,    -0.02904222855,      0.1815233911
      -1.813522796,       3.741796039,    -0.02973699585,      0.1842032799
      -1.843702692,       3.704643333,    -0.03042437355,      0.1869668109
      -1.842916333,       3.709380667,    -0.03106786034,      0.1896828828
      -1.857701216,       3.686230503,    -0.03165133907,      0.1922322486
      -1.822295937,       3.728223465,    -0.03221195475,       0.194669549
      -1.807736354,       3.745809999,    -0.03274351616,      0.1970950551
      -1.856575276,        3.68787585,    -0.03323451946,      0.1995066682
      -1.831688219,       3.712525603,    -0.03371195243,      0.2019755995
      -1.846456886,       3.706523016,     -0.0341677873,      0.2044524485
      -1.832056962,       3.723216032,    -0.03456062031,      0.2068121563
      -1.881707994,       3.661881684,    -0.03492684479,      0.2091962291
      -1.829312692,       3.712580059,    -0.03522411892,      0.2113518933
      -1.810582562,       3.744740725,    -0.03552387153,      0.2135943317
      -1.819323579,       3.735552521,     -0.0357738536,      0.2157663757
      -1.858188037,       3.683233729,    -0.03597620064,      0.2178523722
      -1.841230573,       3.700341292,    -0.03612889387,      0.2198855189
      -1.825994614,       3.719528412,    -0.03624192186,       0.221781048
      -1.851583358,       3.688636259,    -0.03630980469,      0.2235992602
      -1.889315897,       3.639097824,     -0.0363389235,      0.2253743063
      -1.851575582,       3.683273353,     -0.0363249245,      0.2270362574
      -1.791264451,       3.764692961,    -0.03626952947,       0.228627102
      -1.818393565,       3.734604779,    -0.03618397468,      0.2301968906
      -1.864272799,         3.6773967,    -0.03605619813,      0.2317440634
      -1.820373678,       3.722302573,     -0.0358670392,      0.2330764588
      -1.849877377,       3.691023716,    -0.03562134532,       0.234212873
      -1.890014454,        3.64630555,    -0.03533816865,      0.2352809111
      -1.921284501,       3.601179827,    -0.03501498807,      0.2362891301
      -1.873859673,       3.656971424,    -0.03464971945,      0.2371930014
      -1.863336366,       3.676522655,    -0.03424450965,      0.2379571339
      -1.802872958,       3.749109202,    -0.03379515281,      0.2385869193
      -1.831359223,       3.712540501,    -0.03330576403,      0.2391002404
       -1.79018182,       3.757551611,    -0.03278280835,      0.2395744451
      -1.821020663,       3.721454219,    -0.03222549811,      0.2399759392
      -1.857691318,        3.68347178,    -0.03162926764,      0.2402749957
      -1.837813477,       3.697950997,    -0.03099031186,      0.2403613169
      -1.866803594,       3.668021223,     -0.0303110998,      0.2404324645
       -1.85330638,       3.685699192,    -0.02959339572,      0.2403882139
      -1.885878903,       3.649290496,    -0.02883868974,      0.2401897532
       -1.87346692,       3.659890148,    -0.02804998394,      0.2398678218
      -1.874235825,        3.66123892,       -0.02722057,      0.2393591619
      -1.886479451,       3.653062855,    -0.02635803369,      0.2387371722
      -1.907630832,        3.62667735,     -0.0254667996,      0.2379331156
      -1.852580387,       3.687646224,    -0.02454393068,      0.2370120865
       -1.88942628,       3.648674856,    -0.02359100694,      0.2360208792
      -1.885725412,       3.649222565,    -0.02260730272,      0.2349870933
       -1.88748431,       3.650792189,    -0.02159600613,      0.2338176173
      -1.858204851,       3.683802307,    -0.02055755673,       0.232543087
      -1.884093926,       3.656060574,    -0.01949112428,      0.2312248978
      -1.917933145,       3.622917397,    -0.01839503343,      0.2298505373
      -1.919007738,       3.622251657,    -0.01727922602,      0.2284724044
      -1.938953898,       3.598956692,    -0.01614483589,       0.227036194
      -1.945030976,        3.59726912,    -0.01499195498,      0.2255692551
      -1.939200174,       3.606846872,    -0.01381908123,      0.2241563482
      -1.934436923,       3.609954198,    -0.01262683318,       0.222736218
      -1.903683666,        3.64209977,    -0.01142529994,      0.2212823706
      -1.867407639,       3.678663715,    -0.01022048974,       0.219808136
       -1.87950286,       3.667648432,   -0.009004731064,      0.2182884784
      -1.900800686,       3.647830191,   -0.007789216578,      0.2166293094
      -1.912596425,       3.633982157,   -0.006564750594,      0.2148007277
      -1.945291921,       3.602922382,   -0.005330888772,      0.2129384455
      -1.934509234,       3.618592408,   -0.004068880501,      0.2109277553
      -1.866863426,        3.68352773,   -0.002799067798,       0.208913786
      -1.913682734,       3.639003986,   -0.001509362019,      0.2068088548
      -1.927201224,       3.627508089,  -0.0002089154571,      0.2047415924
      -1.912300355,       3.641128765,    0.001084736414,       0.202700722
      -1.955613171,       3.599856715,    0.002363856943,      0.2007214999
      -1.896963467,          3.658047,    0.003657111193,      0.1987123756
      -1.924463018,       3.631726576,    0.004951281918,      0.1966171591
      -1.943233743,       3.613459148,    0.006258466172,      0.1944527678
      -1.962788299,        3.59744389,    0.007561543722,      0.1923069172
      -1.927541418,       3.630397885,    0.008876046082,      0.1900983382
      -1.938651991,       3.619084466,     0.01018430517,      0.1878682952
      -1.918661444,       3.638963904,     0.01149100993,      0.1855841209
      -1.893804267,       3.662278701,     0.01279224716,      0.1832655472
      -1.912009403,        3.64339639,     0.01408316042,      0.1808949552
      -1.915258727,       3.641026786,     0.01538588228,      0.1784540414
      -1.909387964,        3.64726407,     0.01668458875,      0.1760514015
      -1.877117988,       3.676793718,     0.01797502823,      0.1736196592
        -1.9139602,       3.643082009,     0.01926714556,      0.1710225892
      -1.907775396,       3.647089432,     0.02055085545,      0.1683766413
      -1.910931281,       3.643721369,      0.0218140622,      0.1656638686
      -1.879811483,       3.674957684,     0.02304963542,      0.1626858517
      -1.885732557,       3.668562399,     0.02427008403,      0.1597920418
      -1.918146929,       3.636935846,     0.02547773028,      0.1568701975
      -1.945949965,       3.612367841,     0.02667050053,      0.1539348289
      -1.938809756,       3.618531602,     0.02785311346,      0.1508867413
      -1.938200314,       3.618152388,      0.0289958152,      0.1477218395
        -1.9045276,       3.650714226,     0.03012533884,      0.1443957806
      -1.910162422,       3.644043054,      0.0312356248,       0.141080979
      -1.898553328,       3.655502249,     0.03232505841,      0.1378541253
      -1.951778485,         3.6065308,     0.03338953872,      0.1344926111
      -1.981155867,       3.578179613,     0.03443289341,      0.1310335986
       -1.96715666,       3.590158478,     0.03544259407,      0.1275169627
      -1.896722655,       3.657271464,     0.03642015078,      0.1237215721
      -1.867411456,       3.684946995,     0.03737364046,      0.1199375143
      -1.922311181,       3.631927412,     0.03829827814,      0.1159333429
      -1.913935652,       3.642039591,     0.03921641163,      0.1117111771
      -1.888872085,       3.663528202,     0.04013003444,       0.107436098
      -1.880285159,       3.672179177,     0.04102973053,      0.1032035297
      -1.937596489,        3.61842182,     0.04190352191,     0.09886375176
      -1.926250046,       3.627941536,     0.04276305705,     0.09456713373
      -1.917203176,       3.636935794,     0.04359102917,     0.09026689876
        -1.8316267,       3.720638256,     0.04439786756,     0.08592867015
       -1.88271623,       3.669154909,     0.04517663092,     0.08192449125
      -1.928920636,       3.624248463,     0.04593929528,      0.0778392622
      -1.851715489,       3.700967974,     0.04670196382,     0.07387576442
       -1.89420544,       3.658247326,     0.04745451052,     0.06986715261
        -1.9070534,       3.646744535,     0.04821454898,     0.06583457136
      -1.903902645,       3.651297718,     0.04898143343,     0.06175306034
      -1.883087549,       3.670602327,     0.04974802701,     0.05762066504
      -1.933962149,       3.620248879,     0.05050034906,     0.05341073937
      -1.922780611,       3.634445262,     0.05127097345,      0.0490256446
      -1.882797875,       3.670124507,     0.05202647319,     0.04471437586
      -1.863236633,       3.689487352,      0.0528027264,     0.04033752052
      -1.882452646,       3.671231394,     0.05358453739,     0.03595932663
      -1.904787903,       3.650649388,     0.05439102371,     0.03162740381
      -1.926405285,       3.628802686,     0.05520841406,     0.02728929047
      -1.854137378,       3.699826605,     0.05606038752,     0.02294462788
      -1.919022455,       3.636282262,     0.05691585714,     0.01860055278
      -1.926318758,        3.63136565,     0.05779558475,     0.01426593909
      -1.880663339,       3.674722862,     0.05869763312,    0.009937780905
      -1.894364714,       3.662145414,     0.05961979603,    0.005621348756
      -1.894188015,       3.659857106,     0.06053994896,     0.00141554782
      -1.934302183,       3.626444215,       0.061493175,   -0.002900581389
      -1.946878749,       3.612791059,     0.06244864518,    -0.00709876434
      -1.907171595,        3.65088775,     0.06345650605,    -0.01120389566
      -1.826115537,       3.727031279,     0.06447707747,    -0.01528556619
      -1.875865649,       3.678115137,     0.06552350734,    -0.01941778804
      -1.896272851,       3.656935421,     0.06657587017,    -0.02340539821
      -1.875069344,       3.680476393,     0.06765378998,    -0.02732961406
      -1.918565353,       3.637114097,      0.0687327569,    -0.03118411536
      -1.955474946,       3.602595561,     0.06984268405,    -0.03510867248
      -1.890320087,       3.664810711,     0.07095898802,    -0.03895043455
      -1.887618311,        3.66693315,     0.07210451183,    -0.04275434531
      -1.952246011,       3.604067294,     0.07325585579,    -0.04641019314
      -1.905786926,       3.647350539,     0.07443928109,    -0.05007263145
       -1.91514169,       3.637968267,     0.07562816753,    -0.05355947762
      -1.907871379,       3.644920323,     0.07684151873,    -0.05700079691
      -1.845288109,       3.704760937,     0.07806044864,     -0.0602855816
      -1.915536623,       3.636126092,       0.079297209,    -0.06354708664
       -1.93640164,        3.61680224,     0.08054274965,    -0.06672169212
      -1.908590274,       3.643309266,     0.08181238117,    -0.06992111427
      -1.883034867,       3.667697752,     0.08307176853,    -0.07305575718
       -1.93549582,       3.617513415,     0.08434825984,    -0.07619893514
      -1.903978958,       3.647122142,     0.08561739848,    -0.07924633393
      -1.881545179,       3.668928158,     0.08689541182,    -0.08234922974
      -1.864930154,       3.685188521,     0.08815388043,    -0.08544335364
      -1.895237584,       3.655136038,     0.08942364787,    -0.08849890058
      -1.897476908,       3.655804155,     0.09067958475,    -0.09155481669
      -1.916273766,       3.635547867,      0.0919501857,    -0.09455885443
      -1.905154557,       3.647126496,     0.09319813698,    -0.09738295014
      -1.877676188,       3.673487307,     0.09445445676,     -0.1002518181
      -1.875217959,       3.674922975,     0.09568497892,     -0.1030040173
       -1.90393075,       3.648711816,     0.09692107458,     -0.1058489835
      -1.959975942,       3.593868323,     0.09813611781,     -0.1085492451
      -1.927160245,       3.625279908,     0.09935562589,     -0.1113431368
      -1.846697659,        3.70329571,      0.1005348317,     -0.1140071622
      -1.882263373,       3.669386167,      0.1017104318,     -0.1166506121
      -1.892909554,       3.659015072,      0.1028542748,     -0.1192137406
      -1.893468855,       3.657082673,      0.1039749427,     -0.1216280409
       -1.87459695,        3.67707788,      0.1050754348,     -0.1239210802
      -1.861081594,       3.688800261,      0.1061674916,     -0.1262176484
      -1.919959161,       3.632274439,      0.1072186966,     -0.1283812677
      -1.909619162,        3.64223688,      0.1082539584,     -0.1305448184
      -1.851445913,       3.699225773,      0.1092449075,     -0.1326073932
      -1.924467092,       3.627883558,       0.110216915,     -0.1347083771
      -1.957175198,       3.595612122,      0.1111520851,     -0.1367265623
      -1.897278129,        3.65453288,      0.1120669695,     -0.1387474907
      -1.917843016,       3.632968254,      0.1129334263,     -0.1406832497
      -1.895017213,       3.655740638,      0.1137613362,      -0.142551096
      -1.876547726,       3.674150873,      0.1145493985,     -0.1442088492
      -1.922008128,       3.630501368,      0.1153025924,     -0.1458052139
      -1.897204585,       3.653424039,      0.1160097604,     -0.1473677281
      -1.934124385,        3.61706769,      0.1166783344,     -0.1488714695
      -1.920423496,       3.630997075,      0.1173028649,     -0.1502359363
      -1.840472216,       3.709273322,      0.1178755412,     -0.1514296422
      -1.902618944,       3.647634442,      0.1184187224,     -0.1526513771
      -1.902163781,       3.647568275,      0.1189071088,     -0.1537512414
      -1.922653183,       3.628371641,      0.1193620273,     -0.1548473927
       -1.94941259,       3.602786638,      0.1197746556,     -0.1559119113
      -1.909271857,       3.641065368,      0.1201394598,     -0.1569178821
      -1.915064195,       3.636625286,      0.1204545197,     -0.1579046492
      -1.895430168,       3.654828314,      0.1207291909,     -0.1588203971
      -1.907366985,        3.64179012,      0.1209519064,     -0.1595834438
      -1.909847614,       3.638544375,      0.1211280939,     -0.1602996961
      -1.906178524,       3.643200509,      0.1212426473,     -0.1609722647
       -1.89519008,       3.654192917,       0.121305584,     -0.1616173481
      -1.947518036,       3.603944993,      0.1213172768,     -0.1622384051
      -1.916577356,       3.632717267,      0.1212607384,     -0.1627422828
      -1.943492848,       3.607299154,      0.1211631349,      -0.163272204
      -1.919213107,       3.630182681,      0.1210126167,     -0.1637374828
      -1.850842345,       3.696743636,      0.1208008476,      -0.164068507
      -1.895571334,       3.654493797,      0.1205199906,     -0.1642726487
      -1.925750433,       3.623107812,      0.1201938558,     -0.1645531046
      -1.928008096,       3.621751903,      0.1198060047,     -0.1647704515
      -1.914108037,       3.635224441,      0.1193530505,      -0.164877355
      -1.909665902,       3.638784842,       0.118836123,     -0.1649234416
      -1.945857022,       3.603113866,      0.1182558853,     -0.1649538505
      -1.958577827,       3.590425554,      0.1176028397,     -0.1648712421
      -1.929633856,       3.618877425,      0.1168909603,     -0.1648025068
      -1.900072187,       3.649204753,      0.1161180534,     -0.1647591056
       -1.93970098,       3.609488206,       0.115277144,     -0.1646631111
      -1.936924584,       3.612015362,      0.1143634151,     -0.1644769824
      -1.917377854,       3.633933599,      0.1133755235,     -0.1642298058
      -1.953329489,       3.595818196,      0.1123139466,     -0.1639511338
      -1.943371065,       3.606363614,      0.1111928372,     -0.1636835658
      -1.891964729,       3.655748475,      0.1100044362,     -0.1633910961
      -1.868362891,       3.678950546,      0.1087431511,     -0.1630928029
      -1.943412984,       3.605442519,         0.1074105,     -0.1628218084
      -1.926448615,       3.621715268,      0.1060053253,     -0.1625193272
      -1.959446379,       3.591248849,      0.1045287701,     -0.1621463935
      -2.018304863,       3.533467115,      0.1029864152,      -0.161740621
       -1.92442824,       3.626536082,      0.1013702016,     -0.1612914383
      -1.906165156,       3.642675142,     0.09968799071,     -0.1607988493
      -1.873924608,         3.6752388,      0.0979482999,     -0.1602469646
      -1.888159593,       3.660856886,     0.09613114703,     -0.1595619567
      -1.896388332,       3.651918336,     0.09424366838,     -0.1588708177
      -1.944455632,       3.605037113,     0.09228054342,     -0.1581226719
      -1.929871143,       3.619988761,     0.09025735168,     -0.1573750949
      -1.933883383,       3.617340021,     0.08817665915,     -0.1566384981
      -1.986822839,       3.563471387,     0.08603911299,     -0.1559527753
      -1.992078661,       3.560820081,     0.08384117792,     -0.1552681067
      -1.909355389,       3.642238626,     0.08158085349,     -0.1545406849
       -1.89459613,       3.654018139,     0.07925732547,     -0.1537493779
      -1.870786916,       3.678561466,     0.07687598701,      -0.152939811
      -1.916854702,       3.633114421,     0.07443469107,     -0.1520741588
      -1.979683629,        3.57275935,     0.07193715273,     -0.1511574021
      -1.911524015,        3.63842117,     0.06939100077,     -0.1502552391
      -1.892827241,       3.656663883,     0.06678318257,      -0.149271886
      -1.949298479,       3.601856966,     0.06412284431,     -0.1482237496
      -1.952921387,       3.598501837,     0.06141381507,     -0.1471636692
      -1.989034804,       3.563988761,     0.05864658247,     -0.1460336752
      -1.922578821,       3.628147767,     0.05583491448,     -0.1449468844
      -1.894915347,       3.655938546,     0.05298218586,      -0.143706722
      -1.939395383,       3.612593388,     0.05009446473,     -0.1423875167
      -1.898424609,       3.651641037,     0.04717946286,     -0.1410220194
      -1.897358512,       3.652260659,     0.04423337045,     -0.1396617566
      -1.888147242,       3.662264406,     0.04124106764,      -0.138276421
      -1.949105968,       3.604580604,     0.03821832927,     -0.1369160209
      -2.001079763,       3.552830208,     0.03518537605,     -0.1356510775
      -1.936395099,       3.614470477,     0.03211566184,     -0.1344338846
      -1.883536963,       3.666932558,     0.02903228406,     -0.1331411162
      -1.906458449,       3.644931143,     0.02591232411,     -0.1318893688
      -1.929096312,       3.621162269,     0.02277372301,     -0.1306434212
      -1.944927464,       3.604853511,     0.01962242643,     -0.1293197459
      -1.911397274,        3.63921323,     0.01648295698,     -0.1279708815
      -2.000989606,       3.552329207,     0.01333591281,     -0.1266688394
      -1.963357528,       3.585817913,     0.01018639684,     -0.1253011641
      -1.935277766,       3.613953705,     0.00702667529,     -0.1239451275
       -1.89636856,       3.652288953,    0.003860865257,     -0.1225465596
      -1.897467055,       3.651297221,   0.0006968087336,     -0.1210034379
       -1.92586868,        3.62126932,   -0.002475174153,     -0.1194143165
      -1.940881675,        3.60684953,   -0.005646861918,     -0.1178537738
      -1.899193142,        3.64791056,   -0.008821250105,     -0.1162500164
       -1.97871303,       3.575051676,        -0.0120037,     -0.1148038138
      -1.977389876,       3.571853568,    -0.01517236894,     -0.1133028822
      -1.967079089,       3.582699081,    -0.01832306742,     -0.1117824057
      -1.951164539,       3.596412205,    -0.02145543934,     -0.1102376077
      -1.903544068,         3.6443511,    -0.02456967002,     -0.1087022098
       -1.91034044,         3.6372498,    -0.02767488594,      -0.107170097
      -1.916907808,       3.629303501,     -0.0307731635,     -0.1056392113
      -1.925842206,       3.620250155,    -0.03384435654,     -0.1039775655
      -1.895424115,       3.652587326,    -0.03688948016,     -0.1023203901
      -2.017653098,       3.531060545,    -0.03992062657,     -0.1007099379
      -2.010903024,       3.535560406,    -0.04293660335,    -0.09920701143
      -1.936972075,       3.610071308,    -0.04592423725,    -0.09766515531
      -1.878042105,       3.670751059,    -0.04889788686,     -0.0962268796
      -1.935818439,        3.61142394,    -0.05185218044,    -0.09485991919
      -1.969843173,       3.578619498,     -0.0547624972,    -0.09329945632
      -2.024159562,       3.525991393,    -0.05764509057,    -0.09174867472
      -1.962873656,        3.58779256,    -0.06050262177,     -0.0902845954
       -1.97407486,        3.57445672,    -0.06331646409,    -0.08879219548
      -1.946343324,       3.600329485,     -0.0660744363,    -0.08723754531
      -1.926552646,       3.619654407,    -0.06877131135,     -0.0856815283
        -1.9005582,       3.646889908,    -0.07142256728,    -0.08435244887
      -1.954805133,       3.592518319,     -0.0740246484,    -0.08304398977
      -1.972558921,       3.576624372,    -0.07658593827,    -0.08186973654
      -1.989938567,        3.56003978,    -0.07909095814,    -0.08067291147
       -1.91264732,       3.635485772,    -0.08154453371,    -0.07952862315
      -1.951706613,        3.59635796,    -0.08395840221,    -0.07862345321
      -1.937790423,       3.612436707,    -0.08630700353,    -0.07774914831
      -1.903365245,        3.64445732,    -0.08859734078,    -0.07692751338
      -1.871745232,       3.676902477,    -0.09081353156,    -0.07605029577
       -1.95302271,       3.595643146,    -0.09296601386,    -0.07530152004
      -1.944857836,       3.603267108,    -0.09503343706,    -0.07439194359
      -1.912739799,       3.636287671,    -0.09702528438,    -0.07341214303
      -1.969832356,       3.580244984,    -0.09894361797,    -0.07240567263
      -2.010339637,       3.542641276,     -0.1007949385,    -0.07141469314
      -1.941863903,       3.608376004,     -0.1025730889,    -0.07046271901
      -1.891655234,        3.65797105,     -0.1042814308,    -0.06950764189
      -1.907670457,       3.642475606,     -0.1059106979,    -0.06857136751
      -1.934777946,       3.616218171,     -0.1074659166,    -0.06767242984
      -2.024057247,        3.52940291,     -0.1089421622,    -0.06683391322
      -1.958783739,        3.59394191,     -0.1103343061,    -0.06600819302
      -1.914815622,       3.641514807,      -0.111651153,    -0.06523855584
      -1.891519589,       3.663544215,     -0.1128881895,    -0.06461603825
      -1.872937388,       3.680548307,     -0.1140562691,    -0.06402805845
      -1.898463538,       3.657595216,     -0.1151482751,    -0.06353512568
      -1.916884069,       3.640877491,       -0.11616395,    -0.06313160251
      -1.871527145,       3.684749787,      -0.117100628,    -0.06287901463
      -1.987348563,       3.577091954,     -0.1179657811,    -0.06270439785
      -1.958003695,       3.605024439,     -0.1187624888,     -0.0626141899
      -1.900799013,       3.661154398,     -0.1194798324,    -0.06254558773
      -1.865754464,       3.692149344,      -0.120128843,    -0.06246132842
      -1.882262125,       3.676586128,     -0.1207233422,    -0.06230954426
      -1.861762015,       3.694471621,     -0.1212612039,    -0.06218644079
      -1.862974225,       3.694508982,     -0.1217384998,    -0.06207640378
      -1.847765379,       3.708035436,      -0.122154671,    -0.06193760038
      -1.930863841,       3.630327527,     -0.1225133826,    -0.06181057975
      -1.974623685,       3.589130867,     -0.1228198627,    -0.06165205945
      -1.873164317,       3.684657853,     -0.1230721733,    -0.06151382455
      -1.858503602,       3.698419249,     -0.1232718428,    -0.06143435623
      -1.851196236,       3.709636039,     -0.1234227723,    -0.06134750095
      -1.897861096,        3.66212145,     -0.1235307354,    -0.06124548676
      -1.957192432,       3.607917122,     -0.1235958742,    -0.06117250906
      -1.905068911,        3.65589156,     -0.1236142765,    -0.06103150032
      -1.906511387,       3.658187289,     -0.1235907852,    -0.06088019624
      -1.932616723,       3.630318232,     -0.1235276003,    -0.06073743551
      -1.920189587,       3.642329546,     -0.1234273433,    -0.06064910075
      -1.878747123,       3.679983182,     -0.1232903721,    -0.06056385729
      -1.854029845,       3.704680336,     -0.1231134873,    -0.06055767791
      -1.894348773,        3.66571113,     -0.1229083523,    -0.06052264831
      -1.865197658,       3.696062281,     -0.1226654524,    -0.06050158772
       -1.87396931,       3.685959006,      -0.122376628,    -0.06051084664
      -1.859806385,       3.700492463,     -0.1220556235,    -0.06053998178
      -1.912290816,       3.648946314,     -0.1216958955,    -0.06057420986
      -1.941172442,       3.624811066,     -0.1212985746,    -0.06065627731
      -1.879414169,        3.67993851,     -0.1208696472,    -0.06073583049
      -1.848240778,       3.711012565,     -0.1204250463,    -0.06078003631
      -1.889810214,       3.670336404,     -0.1199662592,     -0.0607281712
       -1.90793384,       3.653357116,     -0.1194742229,    -0.06071125584
      -1.930535485,       3.631041708,     -0.1189525894,    -0.06064286801
      -1.888141903,        3.67307449,     -0.1184046577,    -0.06049573266
       -1.94234656,       3.621161957,     -0.1178341442,    -0.06024830373
      -1.912825354,       3.650039304,     -0.1172379573,    -0.05997453256
      -1.899319448,       3.662398998,     -0.1166202392,    -0.05964103947
       -1.91173025,       3.652688883,     -0.1159866012,     -0.0591912106
      -1.898710607,        3.66329861,     -0.1153393893,    -0.05861558795
      -1.915481021,       3.650001903,      -0.114675838,    -0.05795256907
      -1.924038377,       3.641785585,     -0.1139906383,    -0.05724787541
       -1.85800974,       3.705489171,     -0.1132893994,    -0.05649840941
       -1.86653541,       3.696374292,     -0.1125755855,    -0.05569681527
       -1.87938671,       3.682107837,     -0.1118463583,    -0.05488492475
      -1.865077592,       3.695166161,     -0.1111028228,    -0.05407233854
      -1.911979812,        3.65228858,     -0.1103417033,    -0.05323629358
      -1.920313524,       3.643798646,     -0.1095715431,    -0.05230891002
      -1.926290208,       3.639229492,     -0.1087984835,      -0.051215525
      -1.859101083,       3.700929479,     -0.1079983906,    -0.05006706943
      -1.901149415,       3.660098283,     -0.1071722013,     -0.0489350519
      -1.912942619,       3.649070876,     -0.1063296034,    -0.04767931864
      -1.855815735,       3.702943169,     -0.1054724945,    -0.04633520625
      -1.840130677,       3.718377198,     -0.1045974356,    -0.04492131894
      -1.894172759,       3.666486911,     -0.1037017966,    -0.04346191975
      -1.895400549,       3.667144682,     -0.1027869694,    -0.04198196545
      -1.936225683,       3.628649226,     -0.1018702193,    -0.04041465241
      -1.879843763,       3.680751243,     -0.1009459937,    -0.03876468925
      -1.906467976,        3.65662875,     -0.1000114249,     -0.0369835436
      -1.885223864,       3.672201663,    -0.09905756027,    -0.03511822027
      -1.877970716,       3.679554465,    -0.09807743479,    -0.03316027103
      -1.851190664,       3.706732838,    -0.09710019237,    -0.03102574732
      -1.893840825,       3.666484992,    -0.09610729109,    -0.02888902346
      -1.952539421,       3.609582781,    -0.09510408797,    -0.02672497757
      -1.917676215,       3.642929567,    -0.09407940235,    -0.02458192989
      -1.871988572,       3.686821551,    -0.09302942969,    -0.02238667489
      -1.911890051,       3.653162927,    -0.09194957962,    -0.02027508573
      -1.921327113,       3.640079633,    -0.09085146686,    -0.01820837295
      -1.921214418,       3.641029636,    -0.08973836922,    -0.01612684433
      -1.879873564,       3.678156886,    -0.08860888917,    -0.01400523486
      -1.868121089,       3.692135876,     -0.0874622421,    -0.01185718327
      -1.850699452,       3.710726696,    -0.08629072314,   -0.009747193647
      -1.868910895,       3.682560017,    -0.08511200156,   -0.007556538428
      -1.848878862,       3.703476322,    -0.08391168555,   -0.005299460095
      -1.829639279,       3.742093943,    -0.08271473505,   -0.002881229298
      -1.928584199,       3.635478607,    -0.08149124363,  -0.0005348265145
      -1.950983532,       3.592811198,    -0.08025443042,    0.001882174005
      -1.868032431,       3.693748016,     -0.0789915025,    0.004447334043
      -1.903457609,       3.666741932,    -0.07771644951,    0.006963589966
      -1.878561437,        3.68003425,    -0.07642826866,    0.009461581819
      -1.902072185,       3.652941903,    -0.07512977229,     0.01203617646
      -1.909181975,       3.635505188,    -0.07385376512,     0.01466178315
       -1.85871874,       3.697164782,    -0.07255817668,     0.01705203047
      -1.852417356,       3.710148252,    -0.07125811867,     0.01947091388
      -1.899657862,       3.660561596,    -0.06993964859,     0.02188550928
      -1.873420101,       3.680263026,    -0.06862078556,     0.02426867865
      -1.958158712,       3.589550406,    -0.06729722409,     0.02660153181
      -1.911762295,       3.644284934,    -0.06597258261,     0.02893498026
      -1.918018963,       3.637565665,    -0.06464918977,     0.03129462377
      -1.821546416,       3.735926663,     -0.0633189018,     0.03365440819
      -1.854758192,       3.699228706,    -0.06197581156,     0.03597486082
      -1.929174227,       3.616235392,    -0.06060638579,     0.03824951502
      -1.985465852,       3.556521779,    -0.05922574801,     0.04057509315
      -1.886407757,       3.672106193,    -0.05782755194,     0.04284932069
       -1.82695412,       3.736105913,    -0.05641230985,      0.0450296317
      -1.867291539,       3.692577872,    -0.05499532138,     0.04711649662
      -1.906624774,       3.647344526,    -0.05357777632,     0.04915381877
      -1.867471024,       3.684196114,    -0.05214546992,     0.05112904844
      -1.943443451,       3.609843104,    -0.05069982825,     0.05315079342
      -1.959262658,       3.591138395,    -0.04924302042,      0.0550982839
      -1.923174886,       3.627316257,    -0.04777301113,     0.05702769743
      -1.872027886,       3.681833855,    -0.04629134788,     0.05898114446
      -1.919241533,        3.63224066,    -0.04481509799,     0.06093925684
      -1.927765983,       3.615868901,    -0.04335130991,     0.06286085209
      -1.889855589,       3.656438781,    -0.04189041249,     0.06481794543
      -1.825493483,       3.730720556,    -0.04043986201,     0.06671608831
      -1.831982732,        3.73294693,    -0.03899402003,     0.06862042471
      -1.926508043,       3.629961598,    -0.03755047143,     0.07049888541
      -1.949842504,       3.605710635,    -0.03611727883,     0.07226507035
       -1.89786723,       3.654604017,    -0.03469343265,     0.07399727308
      -1.914350965,        3.63854029,    -0.03327577421,     0.07568741507
      -1.918783324,       3.630561521,     -0.0318573759,     0.07726576523
      -1.920124637,       3.629830994,    -0.03043751833,      0.0787539956
      -1.873341738,       3.680811127,    -0.02902420072,     0.08019070078
      -1.903470947,       3.651286761,    -0.02761730052,      0.0815916731
      -1.894545377,       3.658574315,    -0.02621875898,      0.0829535134
      -1.930068374,       3.623435148,    -0.02482651315,     0.08429153384
       -1.88655874,       3.664906073,    -0.02344032708,     0.08558946867
      -1.908191483,        3.64317272,    -0.02206107537,     0.08690146287
       -1.94479489,        3.60891644,    -0.02068869571,     0.08819872032
      -1.897778786,       3.653664988,    -0.01932416619,     0.08948001294
      -1.858594826,       3.693369475,    -0.01796958697,     0.09076989859
      -1.899869804,       3.652329431,    -0.01663251007,     0.09210508582
      -1.914322742,       3.637034663,    -0.01531188373,     0.09346360168
      -1.931221421,       3.623940499,    -0.01400801541,     0.09482868227
      -1.899275584,       3.653231026,    -0.01272007861,     0.09622892398
      -1.923691231,       3.630536977,    -0.01144504646,     0.09765707497
      -1.905360048,       3.646820132,    -0.01017939967,     0.09908068166
      -1.929963725,        3.62207609,   -0.008927010824,       0.100518959
      -1.929525994,       3.622946851,   -0.007690591679,      0.1019528569
      -1.916731341,       3.634578785,   -0.006470332217,       0.103333863
      -1.918323536,       3.634036188,   -0.005263446286,      0.1046768721
      -1.880243273,       3.672234948,   -0.004071839574,      0.1060053021
      -1.896006261,       3.655708228,   -0.002895199665,      0.1073237139
       -1.89386448,        3.65697012,   -0.001731368452,      0.1086579632
      -1.925456705,       3.626375908,  -0.0005811270509,      0.1099905194
      -1.870119937,       3.680260551,     0.00055504775,      0.1112994432
      -1.914479534,       3.637591272,    0.001676162849,      0.1125894636
      -1.909245653,       3.643809571,    0.002782492469,      0.1138678034
      -1.931088723,       3.621561556,    0.003874890479,      0.1151641845
      -1.895275345,       3.657916139,     0.00495471922,      0.1164897282
      -1.885085599,       3.666237753,    0.006023147979,       0.117838945
      -1.891493261,       3.659209846,    0.007077951042,      0.1191636774
      -1.907209676,       3.643225885,    0.008118645904,      0.1204654019
      -1.877608115,       3.673767519,    0.009145316415,      0.1217872871
      -1.919433339,       3.632644408,     0.01015664345,      0.1231398121
      -1.935329892,       3.616995275,     0.01115207304,       0.124492358
      -1.932067031,       3.620656737,     0.01213418508,      0.1258121934
       -1.87533778,       3.676471703,     0.01310300821,      0.1271659686
      -1.906319922,       3.645834622,     0.01405924836,      0.1284993971
      -1.923651282,       3.629403194,     0.01500676654,      0.1298578181
      -1.889358119,       3.662009064,     0.01594148661,      0.1311827501
      -1.877739296,       3.673734993,     0.01686736689,      0.1325192595
      -1.927652859,       3.623986283,     0.01778280229,      0.1338609719
      -1.909371345,       3.643876455,     0.01868194065,      0.1352268577
      -1.936733686,       3.617179607,     0.01956785888,       0.136587862
      -1.885439918,       3.666922765,     0.02045198333,       0.137994934
      -1.930657751,       3.621620319,     0.02131774688,        0.13936908
      -1.922698242,       3.631726985,     0.02216795894,      0.1406907703
      -1.887780537,       3.664468825,     0.02301169608,      0.1420419038
      -1.862330607,       3.690985077,     0.02384148131,      0.1433325977
      -1.894485456,       3.657631675,     0.02466440968,      0.1446252554
      -1.893984048,       3.659930248,     0.02547422231,       0.145882038
      -1.940009305,       3.615310744,     0.02626429669,      0.1470780546
      -1.910462449,       3.643637164,     0.02704435328,      0.1482510044
       -1.92555374,       3.627429199,     0.02781424844,       0.149393888
       -1.91824087,       3.638221029,     0.02857730595,       0.150436397
      -1.904726706,         3.6502232,     0.02933304541,      0.1514365674
      -1.846950502,       3.705855031,     0.03008105337,      0.1523827531
      -1.898143489,       3.654948496,     0.03082733405,      0.1532518061
      -1.892159787,        3.66432676,     0.03157603557,      0.1541445953
      -1.893826124,       3.661154369,     0.03232244721,      0.1549952403
      -1.881692097,       3.674334958,     0.03306135368,      0.1556691843
      -1.869490173,        3.68400081,     0.03380282055,      0.1562719218
      -1.886994807,        3.67152191,     0.03454602641,      0.1568787457
      -1.908354864,       3.648730729,     0.03529646686,      0.1575057269
      -1.865528763,       3.690444928,     0.03604346362,      0.1580333315
      -1.916469556,       3.641265442,     0.03679581392,      0.1585630576
      -1.901090535,       3.656911778,      0.0375473321,       0.159067658
      -1.898695362,       3.657789356,     0.03829874549,       0.159483179
      -1.863695223,       3.693233573,     0.03905472223,       0.159870079
      -1.885272322,       3.669399568,      0.0398163861,      0.1601566861
      -1.887272038,       3.669446994,     0.04058267637,      0.1603490319
      -1.886622642,       3.668614445,     0.04135366714,      0.1603712239
      -1.869420422,       3.685613645,     0.04213340312,      0.1603232794
      -1.935488029,       3.621597682,     0.04292028079,        0.16016218
       -1.97274065,       3.588889303,     0.04371716163,      0.1599258481
      -1.992168767,       3.569600494,     0.04452023805,      0.1595948683
      -1.915037214,       3.643177564,     0.04533137356,      0.1592727281
      -1.928802393,       3.626620977,     0.04615623793,      0.1589523364
       -1.92574541,        3.63156316,     0.04699129917,      0.1586300375
      -1.915327074,       3.640047765,     0.04784871224,      0.1582136392
       -1.85632325,       3.697657467,     0.04870920282,      0.1577876013
      -1.900170718,       3.654754464,     0.04958735434,      0.1572785816
      -1.938449867,       3.618528345,     0.05047055223,      0.1567661048
      -1.897618219,       3.657372015,     0.05137082574,      0.1561869459
       -1.87252723,       3.683368054,     0.05227093751,      0.1555696355
      -1.943601068,       3.614407297,     0.05318706474,      0.1549211326
      -1.916122807,        3.63909737,     0.05410514291,       0.154287159
       -1.90353891,       3.651342317,     0.05502856372,      0.1536286908
      -1.900280011,       3.654551963,     0.05595471514,      0.1529384349
      -1.838487382,       3.714255423,     0.05689086247,      0.1522025269
      -1.875683476,       3.679139955,     0.05783533659,      0.1514497439
      -1.888795696,       3.666217321,     0.05879146978,      0.1506656708
      -1.937311183,       3.618641593,     0.05975570615,      0.1498612628
      -1.889210015,       3.668650173,     0.06072808123,      0.1490186013
      -1.867725115,       3.686382186,     0.06171356134,      0.1480923706
      -1.903647677,         3.6511776,     0.06269665228,      0.1471589756
      -1.891185854,       3.663505083,     0.06368272179,       0.146201742
      -1.857821586,       3.696024493,      0.0646806229,      0.1453037687
      -1.911139473,       3.645932468,     0.06567652201,      0.1444510092
      -1.907809048,       3.647684266,     0.06667445116,      0.1436495767
      -1.921972952,       3.636171013,     0.06766541223,      0.1428977687
      -1.921590133,       3.634601479,     0.06866286461,      0.1421342412
      -1.842751424,       3.710181913,     0.06965770718,      0.1413908891
       -1.88986846,       3.665289674,     0.07065552602,      0.1406312764
      -1.898040874,       3.657939133,     0.07165128546,      0.1398968681
       -1.89271002,       3.663555567,     0.07264176142,      0.1392115476
      -1.885927651,       3.670384476,     0.07362856163,      0.1385754555
      -1.889599977,       3.664645984,     0.07460943295,      0.1379783117
      -1.909803991,       3.645226126,     0.07558693263,      0.1373506073
      -1.904624085,       3.653456475,     0.07656178032,      0.1366777875
      -1.868195555,       3.693051655,     0.07752852643,      0.1359663603
      -1.868575302,       3.692559454,     0.07848574867,       0.135277952
       -1.86508868,       3.690900902,     0.07943715066,       0.134622346
      -1.896262028,        3.66059323,     0.08037678613,      0.1340062105
      -1.934928402,       3.622884453,     0.08130699158,      0.1334545737
      -1.874828843,       3.684737994,      0.0822223302,      0.1329786249
      -1.840897421,       3.718438657,     0.08312284536,      0.1325615595
      -1.937800743,       3.624559688,     0.08401098976,      0.1322135068
       -1.93966846,       3.618952184,     0.08487046389,      0.1319030638
      -1.883199925,       3.678036723,     0.08570945646,      0.1315839659
      -1.846681919,       3.712995043,     0.08650549938,      0.1312241663
      -1.894386769,       3.663287344,     0.08727522281,      0.1308065425
      -1.920723642,       3.635967126,     0.08801495426,      0.1303244376
      -1.923703593,       3.634472183,      0.0887288333,      0.1298099803
      -1.874325516,       3.686144397,     0.08942075625,      0.1292907878
      -1.865345704,       3.697206111,     0.09009482655,      0.1287805283
      -1.898675591,        3.65973963,      0.0907554926,      0.1282753249
      -1.902492914,       3.654507001,     0.09139524315,       0.127818803
      -1.893894341,       3.661878043,     0.09201839984,      0.1273078273
       -1.86400287,       3.693449255,     0.09262138868,      0.1267583038
       -1.86117452,       3.700173526,     0.09320512492,      0.1262235851
      -1.892108519,       3.670320984,     0.09376870549,      0.1257288227
      -1.933206213,       3.626522509,     0.09431033434,      0.1252588916
      -1.929241589,       3.628299498,     0.09483105421,      0.1247813359
      -1.863102693,       3.691450415,     0.09532489588,      0.1242737568
       -1.86225817,       3.697361395,     0.09579130747,      0.1236988507
      -1.888806079,       3.672924141,     0.09623592774,      0.1231293821
      -1.856267118,       3.705145314,     0.09665426788,      0.1225413174
      -1.852955874,       3.703259014,     0.09705410919,      0.1219417037
      -1.919200816,       3.643277053,       0.097439629,      0.1214059865
      -1.928723036,       3.636953085,     0.09779299038,      0.1208547662
      -1.928282662,       3.633914339,     0.09811921347,      0.1202976098
      -1.905811204,       3.651069922,     0.09842516574,      0.1197069439
      -1.892496351,       3.663252885,      0.0987011869,      0.1191225612
      -1.939266631,       3.619434778,      0.0989472289,      0.1185690209
       -1.89998766,       3.657600523,     0.09917472578,      0.1179965652
      -1.892382079,       3.668920721,     0.09937155068,      0.1174777802
      -1.886723439,       3.675281518,     0.09954434172,      0.1169570957
      -1.867259763,         3.6894907,     0.09969692622,      0.1164069294
      -1.866223651,       3.690156107,     0.09983259972,      0.1157893259
      -1.865148461,       3.694183375,     0.09994527573,      0.1151491696
      -1.889746199,       3.670974287,      0.1000367296,      0.1144592536
       -1.93244516,       3.627777832,      0.1001041304,      0.1137692822
      -1.863102403,       3.691582413,      0.1001491814,      0.1130915389
      -1.930530767,       3.625923322,      0.1001712681,      0.1124144468
      -1.931002598,       3.624053863,      0.1001713617,      0.1117287276
      -1.863467638,       3.689424265,      0.1001527493,      0.1109857746
      -1.901362217,        3.65387255,      0.1001126553,      0.1102472371
      -1.934667071,       3.620317008,       0.100047749,      0.1095015909
      -1.969437273,       3.585778128,     0.09995110498,      0.1087558888
      -1.967324384,       3.588782539,      0.0998294303,      0.1079607703
      -1.898353506,       3.655402473,     0.09969064529,      0.1071206763
      -1.907933757,       3.646517867,     0.09953289186,      0.1062193701
      -1.916957371,       3.636602452,     0.09935279768,      0.1052915681
      -1.935145503,       3.618505659,     0.09915042918,      0.1043904975
       -1.94679674,       3.610104577,     0.09892187644,      0.1034900511
       -1.88583886,         3.6679371,     0.09866870465,      0.1025664533
      -1.963855265,       3.590501656,     0.09839290565,      0.1016202142
      -1.952063979,       3.603406234,     0.09809568025,      0.1006843533
      -1.905800405,       3.647608636,     0.09778042217,      0.0997418256
      -1.908614137,        3.64580409,     0.09744207357,     0.09876936867
      -1.884361776,       3.668064909,      0.0970763182,     0.09777137574
      -1.953982617,       3.598502633,     0.09668915683,     0.09673727309
        -1.9713486,       3.584372307,     0.09628585493,     0.09566691039
      -1.906740847,       3.646911958,     0.09586015807,     0.09458525059
       -1.89003491,       3.662459022,     0.09542368838,     0.09344801521
      -1.927216025,       3.625374139,     0.09497192856,     0.09229098141
      -1.924823368,       3.629489875,     0.09449428856,     0.09119031431
      -1.973663609,       3.583125736,     0.09400344837,     0.09004570014
      -1.900551707,       3.652175136,     0.09349505808,     0.08893903769
      -1.919420004,       3.635592058,     0.09296642646,     0.08780985529
      -1.949180699,       3.605967961,     0.09241528217,     0.08672214011
      -1.882038335,       3.670704507,     0.09184423785,     0.08558423947
      -1.862646319,       3.689758037,     0.09125760435,     0.08439139774
      -1.927961843,       3.626743718,     0.09065135751,     0.08309873567
      -1.955750442,       3.598255818,     0.09002922055,     0.08173793074
      -1.987698899,       3.569935312,     0.08939054489,     0.08029885801
      -1.972575842,        3.58350421,     0.08873359725,     0.07884218192
       -1.89344973,       3.659191383,      0.0880519209,     0.07736411661
       -1.90822336,       3.644226941,     0.08735551839,     0.07587399791
      -1.907748156,       3.644230413,     0.08663595769,     0.07437766594
      -1.899310602,       3.652881874,     0.08590213169,     0.07284388014
      -1.866949329,       3.683124357,     0.08515336294,     0.07124636192
      -1.915996361,       3.635918481,     0.08438854008,     0.06965475349
      -1.934191042,       3.620093441,     0.08361172552,     0.06797909862
      -1.976854846,       3.578645791,     0.08282375468,     0.06630388127
      -1.885137225,       3.665651463,     0.08201842439,     0.06459785946
      -1.940680002,       3.611798365,       0.081202286,     0.06287720786
      -1.949078618,        3.60496089,     0.08037113983,     0.06111337348
       -1.89278732,        3.65820794,     0.07952555496,     0.05933988169
      -1.877986839,       3.672025304,     0.07866592481,     0.05754267187
      -1.938050499,       3.614238522,     0.07778380464,      0.0557959771
      -1.947646424,       3.603153986,     0.07689135201,     0.05397429665
      -1.987985028,       3.566893126,     0.07598017947,     0.05218776479
      -2.009148083,       3.546304527,     0.07505567792,     0.05031502527
      -1.976543201,       3.576735729,     0.07412335424,     0.04842071996
       -1.98703203,       3.568263504,     0.07317199871,     0.04647045163
      -1.940212238,       3.613569252,     0.07221105292,     0.04452081009
       -1.89499176,         3.6546674,     0.07123502342,     0.04252224781
      -1.858067499,       3.692020555,     0.07024921135,     0.04055850885
       -1.93128618,       3.618869365,     0.06925028728,     0.03858404389
      -1.937590722,       3.614590761,     0.06824827504,     0.03656924086
      -1.975907559,       3.577435716,      0.0672328369,     0.03455050109
      -1.945402686,       3.605640387,     0.06621183101,      0.0325168656
      -1.947484215,       3.603374837,     0.06517314855,     0.03045668044
      -1.925942824,        3.62538465,     0.06412503179,     0.02837466067
      -1.924317645,       3.626601287,     0.06306696447,     0.02625228814
      -1.864652016,       3.683908297,     0.06199539954,     0.02415542767
      -1.891502178,       3.657762579,     0.06090534826,     0.02208729477
      -1.925373549,       3.626653729,     0.05980729567,     0.02000671377
      -1.963929699,       3.588553524,     0.05871372454,     0.01783577224
      -1.917891858,       3.632754814,     0.05761018662,     0.01570148779
      -1.892667888,       3.656731523,     0.05649746911,     0.01359091462
      -1.937711504,       3.613804724,      0.0553728803,     0.01152898765
      -1.931194569,       3.618713235,     0.05424223143,    0.009477921583
      -1.877877913,       3.671298982,     0.05310265201,    0.007432373337
      -1.973932893,       3.577459107,     0.05194954569,    0.005396009644
      -1.951034933,       3.601421123,      0.0507880431,    0.003347560986
      -1.930555386,       3.620453357,     0.04962017098,    0.001295701593
      -1.893683506,       3.656314767,     0.04844936926,  -0.0007621814933
      -1.881807056,       3.667611074,     0.04727895303,   -0.002805462012
       -1.91664497,       3.633547246,     0.04610874272,   -0.004886042752
      -1.958711026,       3.592143582,     0.04493939731,   -0.006979900242
      -1.949414552,       3.603922652,     0.04376848714,   -0.009087133027
      -1.981843423,       3.571231291,      0.0425950322,    -0.01118273754
      -1.928726928,        3.62382462,     0.04141529514,      -0.013271313
      -1.971639844,       3.582983903,     0.04023459176,    -0.01535656614
      -1.954151832,       3.599421865,     0.03905046945,    -0.01742903966
      -1.917007311,       3.633968477,     0.03786206937,    -0.01947303157
      -1.901812134,       3.648382098,     0.03666857727,    -0.02149616906
      -1.897298581,       3.652677202,     0.03546943475,    -0.02348719506
      -1.894292495,       3.655471047,     0.03426702306,     -0.0254497282
      -1.973817286,       3.579770712,     0.03306704172,    -0.02743317619
      -1.949048495,       3.605435091,      0.0318675561,    -0.02939633671
      -1.940826426,       3.610537524,     0.03066752006,    -0.03134676678
      -1.899849622,       3.651674128,     0.02946802284,    -0.03329278961
      -1.923595653,       3.628808433,     0.02827028767,    -0.03522082622
      -1.917578738,       3.633824285,     0.02707666106,    -0.03712004898
        -1.9132435,       3.637482077,     0.02588648334,    -0.03897669981
      -1.880683051,       3.670210861,     0.02469831936,    -0.04080254645
      -1.944350092,        3.60796572,     0.02351119612,    -0.04262817138
      -1.957943344,       3.595980073,     0.02232651969,    -0.04446236964
      -1.900044004,       3.650880738,     0.02114335901,     -0.0462824708
       -1.89376137,       3.657108632,     0.01996370987,    -0.04807160324
      -1.925812065,       3.625986123,     0.01878220603,    -0.04988541882
      -1.924513675,       3.627700567,     0.01760558551,    -0.05167615438
      -1.976408568,       3.577630646,     0.01643034328,    -0.05341548309
      -1.945995929,       3.609220882,     0.01525778671,    -0.05509067202
      -1.968025468,       3.587142013,     0.01408154872,    -0.05673386805
      -1.938235627,       3.615298236,      0.0129100656,    -0.05832280086
      -1.897638024,       3.654743475,      0.0117384929,    -0.05992705848
      -1.961276292,       3.594680217,      0.0105736962,    -0.06153684414
      -1.978038193,       3.578695152,    0.009410227789,    -0.06314201867
      -1.925848416,       3.627241495,    0.008249957236,    -0.06472356277
      -1.886937161,       3.664726825,    0.007089588968,    -0.06625784163
       -1.90480217,       3.649619826,    0.005931453099,    -0.06777060913
      -1.934782647,       3.618730409,    0.004776875103,      -0.069208868
      -1.970329092,        3.58549106,    0.003627370526,    -0.07063005137
      -1.887377287,       3.664762883,    0.002480320878,    -0.07208238299
      -1.959229754,        3.59643976,    0.001337726457,    -0.07348263014
      -1.968651123,       3.586411177,   0.0001956191804,    -0.07488539478
      -1.885721552,       3.666186442,  -0.0009430546243,    -0.07621350018
      -1.873102374,       3.679345727,   -0.002082190894,    -0.07752652441
      -1.948137868,       3.606395751,     -0.0032177101,    -0.07877856323
       -1.93832858,       3.615843995,   -0.004349851176,    -0.08003311161
      -1.993025138,       3.564526088,   -0.005476764989,     -0.0812714021
      -1.936273782,       3.618324498,   -0.006602225631,    -0.08249017209
      -1.933079487,       3.622383052,   -0.007721640392,    -0.08369343022
      -1.929353865,        3.62525665,    -0.00884002932,    -0.08488046381
      -1.925927507,       3.628564146,   -0.009953745982,    -0.08601665542
      -1.897170945,       3.656156856,    -0.01106480421,    -0.08714949685
       -1.88289618,       3.669516574,    -0.01216929141,    -0.08829572472
      -1.866014199,       3.688393655,    -0.01326939521,    -0.08946371503
      -1.924465772,        3.63104602,    -0.01436204007,    -0.09061566296
      -1.985731119,        3.57226423,    -0.01545262709,    -0.09171842072
      -1.911671449,       3.641413752,    -0.01653592633,    -0.09275108245
      -1.896288996,       3.656877812,    -0.01761410661,    -0.09375209724
      -1.956059677,       3.600526269,    -0.01868537008,    -0.09474046918
      -1.949236045,       3.606384987,    -0.01975225563,     -0.0957142971
      -1.975535784,       3.583215066,    -0.02081262465,     -0.0966457663
      -1.899439158,       3.655371029,      -0.021869729,    -0.09759818936
      -1.950605143,       3.606121223,    -0.02292005572,     -0.0985229741
      -1.939325289,       3.615807721,    -0.02396647339,    -0.09944344187
      -1.889957997,       3.663049876,    -0.02500600338,     -0.1003673648
      -1.873525123,       3.679533164,    -0.02604010784,     -0.1012693917
      -1.924004421,       3.631229565,    -0.02706882349,     -0.1021409335
      -1.950448493,       3.605565664,    -0.02809247017,     -0.1030065875
      -1.973351347,       3.586612892,    -0.02911031267,      -0.103758677
      -1.909438386,       3.645770689,    -0.03011541351,     -0.1044909127
      -1.977057407,       3.584279694,     -0.0311098678,     -0.1051764538
      -1.913143463,       3.641820612,    -0.03209594373,     -0.1058201672
      -1.891788163,       3.661980334,    -0.03307100465,      -0.106431889
      -1.873925612,       3.679740476,    -0.03403619662,      -0.107031196
      -1.921473571,       3.634973329,    -0.03499035219,     -0.1076251831
      -1.988424705,       3.571512795,     -0.0359338635,     -0.1082114628
      -1.925140257,       3.630163858,    -0.03686462641,     -0.1087735972
      -1.876745442,       3.679155208,    -0.03778329034,     -0.1093175142
      -1.955371493,       3.602675436,    -0.03868956163,     -0.1098260901
      -1.964656172,       3.592698256,    -0.03958302619,     -0.1102992745
      -1.979934519,       3.581297245,    -0.04046452728,     -0.1107490051
      -1.960884353,       3.598910959,    -0.04133457426,     -0.1111680566
      -1.959771053,        3.60037321,    -0.04219176628,     -0.1115690934
      -1.961607518,       3.597617146,    -0.04303620201,     -0.1119452235
      -1.970574425,       3.590755071,    -0.04386554825,     -0.1122712229
      -1.881385501,       3.674174132,    -0.04467779736,      -0.112572896
      -1.928682817,       3.628113384,    -0.04547261721,      -0.112878338
      -1.940270681,       3.616768318,    -0.04625133566,     -0.1131829836
       -1.90399897,       3.651635718,    -0.04701173034,     -0.1134785209
      -1.880979178,        3.67442043,    -0.04775516445,     -0.1137760322
      -1.904672671,       3.653769847,     -0.0484806292,     -0.1140524076
      -1.936841248,       3.620703536,    -0.04918347052,     -0.1142604866
      -1.956643252,        3.60412897,    -0.04986771268,      -0.114442555
        -1.9016125,       3.655657492,    -0.05053232665,     -0.1145914652
       -1.97801433,       3.586756092,    -0.05117619365,     -0.1146936724
